genus,p_value,rank_biserial,log2_fold_change,p_adjusted,significant
d__Bacteria;p__Firmicutes_A;c__Clostridia;o__Oscillospirales;f__CAG-272;g__Flemingibacterium,0.11783387174572692,-0.17706821480406387,1.4259777022759976,0.9245742100295696,False
d__Bacteria;p__Firmicutes_A;c__Clostridia;o__Lachnospirales;f__Lachnospiraceae;g__F0428,0.2856438242507229,-0.12119013062409278,0.2873402591414575,0.9631274116315901,False
d__Bacteria;p__Firmicutes_A;c__Clostridia;o__Lachnospirales;f__Lachnospiraceae;g__Lachnoanaerobaculum,0.4948736316360679,-0.07764876632801165,0.10263647081658338,0.9655791160136714,False
d__Bacteria;p__Firmicutes;c__Bacilli;o__Lactobacillales;f__Carnobacteriaceae;g__Carnobacterium_A,0.324254135975105,0.09034833091436867,-0.2616099213361049,0.9631274116315901,False
d__Bacteria;p__Firmicutes_A;c__Clostridia;o__Lachnospirales;f__Lachnospiraceae;g__GCA-900066755,0.6652910266410388,-0.04934687953555872,0.4017383479481254,0.9823494225683177,False
d__Bacteria;p__Firmicutes_A;c__Clostridia;o__Monoglobales;f__Monoglobaceae;g__Monoglobus,0.867423982674095,-0.019230769230769162,-0.21320582400610646,0.9940416947398667,False
d__Bacteria;p__Proteobacteria;c__Alphaproteobacteria;o__Rhizobiales;f__Rhizobiaceae;g__Pararhizobium,0.7345006450313907,0.03555878084179975,-2.1244401394829096,0.9861181920538787,False
d__Bacteria;p__Firmicutes_A;c__Clostridia;o__Oscillospirales;f__CAG-272;g__CAG-448,0.42115622021547794,-0.09143686502177073,0.0077652897460253195,0.9631274116315901,False
d__Bacteria;p__Firmicutes_A;c__Clostridia;o__Christensenellales;f__UBA3700;g__MGBC100798,0.21211850306158908,-0.10087082728592156,2.0721528273743326,0.9578570186005568,False
d__Bacteria;p__Bacteroidota;c__Bacteroidia;o__Flavobacteriales;f__Flavobacteriaceae;g__Zunongwangia,0.4427351343462794,-0.06712626995645854,0.10198782494540101,0.9631274116315901,False
d__Bacteria;p__Proteobacteria;c__Gammaproteobacteria;o__Burkholderiales;f__Burkholderiaceae;g__Sutterella,0.40293579231417687,-0.0950653120464442,1.6552495087810333,0.9631274116315901,False
d__Bacteria;p__Firmicutes_A;c__Clostridia;o__Oscillospirales;f__Acutalibacteraceae;g__CAG-177,0.09373799225299669,-0.19013062409288817,3.3051384560539248,0.9245742100295696,False
d__Bacteria;p__Firmicutes_A;c__Clostridia;o__Christensenellales;f__CAG-74;g__RUG756,0.33128341934872674,-0.10595065312046437,0.06291372672544522,0.9631274116315901,False
d__Bacteria;p__Proteobacteria;c__Gammaproteobacteria;o__Enterobacterales;f__Alteromonadaceae;g__Idiomarina,0.03000518499802774,-0.1915820029027575,1.454824876939519,0.923680856214202,False
d__Bacteria;p__Firmicutes_A;c__Clostridia;o__Oscillospirales;f__Oscillospiraceae;g__Sporobacter,0.8172087358552056,0.026124818577648812,0.24759451367859878,0.9923878677730211,False
d__Bacteria;p__Firmicutes_A;c__Clostridia;o__Monoglobales;f__Monoglobaceae;g__UMGS1494,0.8596172822643284,0.020319303338171224,-0.9458816274874754,0.9940416947398667,False
d__Bacteria;p__Firmicutes;c__Bacilli;o__Bacillales_B;f__Bacillaceae_C;g__Siminovitchia,0.09941139584602628,-0.1396952104499274,0.8174089687149295,0.9245742100295696,False
d__Bacteria;p__Firmicutes_A;c__Clostridia;o__Oscillospirales;f__CAG-382;g__UMGS1307,0.8622723037792159,0.019956458635703944,0.1718762511285302,0.9940416947398667,False
d__Bacteria;p__Firmicutes_A;c__Clostridia;o__Oscillospirales;f__CAG-382;g__UMGS1387,0.1810389373949718,0.15166908563134973,-0.6086943873060341,0.9382605408495559,False
d__Bacteria;p__Bacteroidota;c__Chlorobia;o__Chlorobiales;f__Chlorobiaceae;g__Chlorobaculum,0.8534747916757786,0.015239477503628418,-0.3229084577363169,0.9936956658403527,False
d__Bacteria;p__Actinobacteriota;c__Actinomycetia;o__Actinomycetales;f__Micrococcaceae;g__Micrococcus,0.9947801044160556,0.0010885341074020616,3.004287803719219,0.9999342540345002,False
d__Bacteria;p__Firmicutes_A;c__Clostridia;o__Lachnospirales;f__Lachnospiraceae;g__Marvinbryantia,0.16722403353028092,-0.15674891146589265,0.6814443048488733,0.9245742100295696,False
d__Bacteria;p__Proteobacteria;c__Gammaproteobacteria;o__Pseudomonadales;f__Alcanivoracaceae;g__Alcanivorax,0.03517968129635621,-0.2343976777939043,0.4789058139242572,0.923680856214202,False
d__Bacteria;p__Firmicutes_A;c__Clostridia;o__Eubacteriales;f__Eubacteriaceae;g__Pseudoramibacter,0.021344946552366913,-0.18577648766328014,1.321135583064853,0.923680856214202,False
d__Bacteria;p__Firmicutes_A;c__Clostridia;o__Oscillospirales;f__Oscillospiraceae;g__WQUU01,0.15930220744682322,-0.11937590711175616,0.5395349623553287,0.9245742100295696,False
d__Bacteria;p__Firmicutes_A;c__Clostridia;o__Oscillospirales;f__Ruminococcaceae;g__UBA7177,0.5878377107992196,-0.061683599419448454,0.011634260062085611,0.9700473199511053,False
d__Bacteria;p__Proteobacteria;c__Gammaproteobacteria;o__Burkholderiales;f__Burkholderiaceae;g__Pandoraea,0.4096090119021034,-0.08635703918722792,0.01823349397177039,0.9631274116315901,False
d__Bacteria;p__Firmicutes_A;c__Clostridia;o__Lachnospirales;f__Lachnospiraceae;g__RGIG4057,0.4590068822733393,-0.0841799709724238,-0.030116754433954607,0.9634738639855374,False
d__Bacteria;p__Firmicutes_A;c__Clostridia;o__Lachnospirales;f__Lachnospiraceae;g__1XD42-69,0.1856704764439594,-0.1502177068214805,0.550271360344552,0.9405486338429472,False
d__Bacteria;p__Cyanobacteria;c__Vampirovibrionia;o__Gastranaerophilales;f__Gastranaerophilaceae;g__Zag111,0.9872158803497232,0.002177068214804012,2.0662434639827474,0.9999342540345002,False
d__Bacteria;p__Firmicutes_A;c__Clostridia;o__Lachnospirales;f__Lachnospiraceae;g__CAG-45,0.07961725018618314,-0.19883889695210444,1.5622111246941082,0.9245742100295696,False
d__Bacteria;p__Acidobacteriota;c__Acidobacteriae;o__Bryobacterales;f__Bryobacteraceae;g__BOG-234,0.015359866413482963,-0.21915820029027566,0.8708999321539953,0.923680856214202,False
d__Bacteria;p__Bacteroidota;c__Bacteroidia;o__Bacteroidales;f__F082;g__GCA-002708315,0.8350293520713497,-0.020319303338171224,0.5052448111518222,0.9934511936686962,False
d__Bacteria;p__Firmicutes_C;c__Negativicutes;o__Veillonellales;f__Veillonellaceae;g__Veillonella_A,0.3848444271105673,0.09760522496371549,5.125219321399614,0.9631274116315901,False
d__Bacteria;p__Firmicutes_A;c__Clostridia;o__Oscillospirales;f__QAMX01;g__RUG11797,0.6317912948905562,-0.05079825834542806,0.27205711462109833,0.9735426534685343,False
d__Bacteria;p__Firmicutes_A;c__Clostridia;o__Peptostreptococcales;f__Anaerovoracaceae;g__Emergencia,0.6058969237690266,0.05878084179970977,-0.5016224791675234,0.9704989034353044,False
d__Bacteria;p__Firmicutes_A;c__Clostridia;o__Lachnospirales;f__Lachnospiraceae;g__RGIG1934,0.29216977179455295,0.09433962264150941,-0.8757933162725373,0.9631274116315901,False
d__Bacteria;p__Actinobacteriota;c__Actinomycetia;o__Mycobacteriales;f__Micromonosporaceae;g__Glycomyces,0.7057459235025354,-0.03846153846153855,-0.41731209367219874,0.9850029119984386,False
d__Bacteria;p__Actinobacteriota;c__Actinomycetia;o__Mycobacteriales;f__Micromonosporaceae;g__Actinoplanes,0.9667673270641591,-0.005079825834542806,0.2959767117353046,0.9999342540345002,False
d__Bacteria;p__Firmicutes;c__Bacilli;o__Bacillales;f__Bacillaceae;g__Bacillus,0.5708545673731785,-0.06386066763425258,0.1948059422655437,0.9684073134281785,False
d__Bacteria;p__Firmicutes_A;c__Clostridia;o__Oscillospirales;f__Oscillospiraceae;g__Faecousia,0.2395658439047592,-0.13352685050798252,0.9118876427665573,0.9631274116315901,False
d__Bacteria;p__Bacteroidota;c__Bacteroidia;o__Bacteroidales;f__UBA1402;g__UBA8389,0.927022987745989,-0.010522496371552892,-0.0969584749848579,0.9997502076336379,False
d__Bacteria;p__Bacteroidota;c__Bacteroidia;o__Flavobacteriales;f__Flavobacteriaceae;g__Cellulophaga,0.10065967023753081,0.181422351233672,-0.4633582545215309,0.9245742100295696,False
d__Bacteria;p__Firmicutes_A;c__Clostridia;o__Christensenellales;f__CAG-74;g__Faecivicinus,0.2538204118660117,-0.12735849056603765,0.42597743103118685,0.9631274116315901,False
d__Bacteria;p__Firmicutes_A;c__Clostridia;o__Oscillospirales;f__Ruminococcaceae;g__UBA866,0.5705178193355327,-0.06458635703918714,0.31634178513934236,0.9684073134281785,False
d__Bacteria;p__Bacteroidota;c__Bacteroidia;o__Bacteroidales;f__Bacteroidaceae;g__Alloprevotella,0.15019405174533093,-0.1632801161103048,-0.6904169485852383,0.9245742100295696,False
d__Bacteria;p__Firmicutes_A;c__Clostridia;o__Christensenellales;f__UBA1750;g__UBA1428,0.33136272906684305,-0.08998548621190139,3.4438000637000736,0.9631274116315901,False
d__Bacteria;p__Actinobacteriota;c__Coriobacteriia;o__Coriobacteriales;f__Eggerthellaceae;g__Aphodovivens,0.6678449686425187,-0.04862119013062416,-0.8340515429661985,0.9823494225683177,False
d__Bacteria;p__Firmicutes_A;c__Clostridia;o__Lachnospirales;f__Anaerotignaceae;g__Anaerotignum,0.7268665132080303,-0.03991291727140789,-0.4397146815805183,0.9861181920538787,False
d__Bacteria;p__Firmicutes;c__Bacilli;o__Paenibacillales;f__Paenibacillaceae;g__Paenibacillus_C,0.14476189397899317,0.1654571843251088,-0.3535705011322562,0.9245742100295696,False
d__Bacteria;p__Firmicutes_A;c__Clostridia;o__Peptostreptococcales;f__Anaerovoracaceae;g__RUG11894,0.7174702254559912,-0.038098693759071045,0.07799390397367366,0.9861181920538787,False
d__Bacteria;p__Bacteroidota;c__Bacteroidia;o__Cytophagales;f__Cyclobacteriaceae;g__Roseivirga,0.7106583968949494,0.04100145137880984,-0.15170833182733376,0.9861181920538787,False
d__Bacteria;p__Bacteroidota;c__Bacteroidia;o__Bacteroidales;f__Tannerellaceae;g__Parabacteroides_B,0.5770877662481821,0.06349782293178519,-0.18499064853061248,0.9684073134281785,False
d__Bacteria;p__Spirochaetota;c__Spirochaetia;o__Sphaerochaetales;f__Sphaerochaetaceae;g__UBA9732,0.8595510469088131,-0.019593613933236664,0.41005545477132915,0.9940416947398667,False
d__Bacteria;p__Proteobacteria;c__Gammaproteobacteria;o__Enterobacterales;f__Enterobacteriaceae;g__Escherichia,0.855063485254753,-0.021044992743106006,1.1760054039181644,0.9936956658403527,False
d__Bacteria;p__Firmicutes_A;c__Clostridia;o__Lachnospirales;f__Lachnospiraceae;g__Mediterraneibacter_A,0.00884077421797435,-0.2968069666182873,0.6690452543263005,0.923680856214202,False
d__Bacteria;p__Firmicutes_A;c__Clostridia;o__Peptostreptococcales;f__Anaerovoracaceae;g__UMGS973,0.022161454565015726,-0.258345428156749,1.5212757365993737,0.923680856214202,False
d__Bacteria;p__Bacteroidota;c__Bacteroidia;o__Bacteroidales;f__Muribaculaceae;g__Duncaniella,0.19212362227255764,0.14804063860667638,-0.9134814960484078,0.9451858659598089,False
d__Bacteria;p__Firmicutes;c__Bacilli;o__Paenibacillales;f__Paenibacillaceae;g__Paenibacillus,0.9974431373079569,0.0007256894049346707,-0.3372530839969186,0.9999342540345002,False
d__Bacteria;p__Bacteroidota;c__Bacteroidia;o__Bacteroidales;f__Bacteroidaceae;g__UBA4372,0.6148793675669704,-0.05732946298984043,2.9411060906305084,0.9735426534685343,False
d__Bacteria;p__Firmicutes_A;c__Clostridia;o__Lachnospirales;f__Anaerotignaceae;g__Coprocola,0.4669366814334247,-0.08272859216255446,0.13480796840116452,0.9636066785401232,False
d__Bacteria;p__Firmicutes_A;c__Clostridia;o__Oscillospirales;f__CAG-382;g__UMGS882,0.4867483022603045,-0.079100145137881,-2.2777039511248,0.9655791160136714,False
d__Bacteria;p__Firmicutes_A;c__Clostridia;o__Lachnospirales;f__Lachnospiraceae;g__UBA4285,0.03724972362802724,-0.23621190130624092,2.113864132882657,0.923680856214202,False
d__Bacteria;p__Bacteroidota;c__Bacteroidia;o__Bacteroidales;f__Muribaculaceae;g__CAG-873,0.16139171193873725,-0.15892597968069677,0.32063167037368323,0.9245742100295696,False
d__Bacteria;p__Campylobacterota;c__Campylobacteria;o__Campylobacterales;f__Arcobacteraceae;g__Aliarcobacter,0.46647944185911283,0.08127721335268501,-0.03199538537945528,0.9636066785401232,False
d__Bacteria;p__Firmicutes_A;c__Clostridia;o__Clostridiales;f__Clostridiaceae;g__Proteiniclasticum,0.5763557769725618,-0.05079825834542806,0.6244437782832737,0.9684073134281785,False
d__Bacteria;p__Bacteroidota;c__Bacteroidia;o__AKYH767;f__B-17BO;g__UBA2475,0.6039086481375662,0.05732946298984032,-0.02882780773572753,0.9700473199511053,False
d__Bacteria;p__Firmicutes_A;c__Clostridia;o__Oscillospirales;f__Oscillospiraceae;g__Avoscillospira_A,0.7507029046523961,0.036284470246734424,-0.6236093775421855,0.9861181920538787,False
d__Bacteria;p__Firmicutes_A;c__Clostridia;o__Oscillospirales;f__Ruminococcaceae;g__Angelakisella,0.1692029224222812,-0.15602322206095787,3.1621508009821775,0.9329402892898855,False
d__Bacteria;p__Firmicutes;c__Bacilli;o__Erysipelotrichales;f__Coprobacillaceae;g__Sharpea,0.26699400878086954,-0.12554426705370103,0.8727916496149737,0.9631274116315901,False
d__Bacteria;p__Proteobacteria;c__Alphaproteobacteria;o__Rhizobiales;f__Rhizobiaceae;g__Agrobacterium,0.4269822975427755,0.089622641509434,-0.7913624331055668,0.9631274116315901,False
d__Bacteria;p__Bacteroidota;c__Bacteroidia;o__Bacteroidales;f__WCHB1-69;g__UBA1195,0.5741515107091915,0.05950653120464444,-0.31915937054615884,0.9684073134281785,False
d__Bacteria;p__Firmicutes_A;c__Clostridia;o__Eubacteriales;f__Eubacteriaceae;g__Eubacterium,0.44749945033026917,0.08635703918722781,0.7416543504873073,0.9631274116315901,False
d__Bacteria;p__Bacteroidota;c__Bacteroidia;o__Bacteroidales;f__Paludibacteraceae;g__UBA4363,0.6562569641770069,0.04934687953555883,-0.12147502710520067,0.9823494225683177,False
d__Bacteria;p__Bacteroidota;c__Bacteroidia;o__Bacteroidales;f__B18-G4;g__M55B132,0.15116481276590635,-0.13280116110304796,-0.21013903484401256,0.9245742100295696,False
d__Bacteria;p__Bacteroidota;c__Bacteroidia;o__Sphingobacteriales;f__Sphingobacteriaceae;g__Pedobacter,0.3510646146465459,0.10595065312046448,-0.2454104497293163,0.9631274116315901,False
d__Bacteria;p__Firmicutes_A;c__Clostridia;o__Oscillospirales;f__CAG-272;g__HGM12713,0.9795385537726232,-0.0032656023222061847,0.08608571797786381,0.9999342540345002,False
d__Bacteria;p__Bacteroidota;c__Bacteroidia;o__Bacteroidales;f__Paludibacteraceae;g__QVMH01,0.6939454984263227,0.036284470246734424,-0.4443676945512268,0.9823494225683177,False
d__Bacteria;p__Firmicutes_A;c__Clostridia;o__Oscillospirales;f__Oscillospiraceae;g__Lawsonibacter,0.059095195613858016,0.21407837445573297,-0.9127702497311195,0.9245742100295696,False
d__Bacteria;p__Firmicutes_A;c__Clostridia;o__Lachnospirales;f__Lachnospiraceae;g__COE1,0.018989232836201943,-0.2659651669085632,3.56315340888204,0.923680856214202,False
d__Bacteria;p__Bacteroidota;c__Bacteroidia;o__Cytophagales;f__Hymenobacteraceae;g__Hymenobacter,0.15201447232972556,0.16255442670537013,-0.47423785692265213,0.9245742100295696,False
d__Bacteria;p__Firmicutes_C;c__Negativicutes;o__Acidaminococcales;f__Acidaminococcaceae;g__Phascolarctobacterium_A,0.5236633707144625,0.07256894049346885,-0.012961242930543298,0.9675572276869043,False
d__Bacteria;p__Firmicutes;c__Bacilli;o__RFN20;f__CAG-288;g__Enterosoma,0.08596818200108486,-0.19375907111756163,0.7180527812022758,0.9245742100295696,False
d__Bacteria;p__Firmicutes_A;c__Clostridia;o__Oscillospirales;f__Acutalibacteraceae;g__CAG-217,0.027239763357122748,-0.24963715529753272,6.591980530575675,0.923680856214202,False
d__Bacteria;p__Firmicutes_A;c__Clostridia;o__Lachnospirales;f__Lachnospiraceae;g__AF33-28,0.5662237801340988,0.06531204644412192,0.18801731132097957,0.9684073134281785,False
d__Bacteria;p__Firmicutes_A;c__Clostridia;o__Lachnospirales;f__Lachnospiraceae;g__Pseudolachnospira,0.4639637497736028,0.07329462989840352,-1.5146665743883025,0.9636066785401232,False
d__Bacteria;p__Firmicutes_A;c__Clostridia;o__Oscillospirales;f__Oscillospiraceae;g__RGIG6375,0.6490557288215815,-0.04825834542815666,0.3180441034461715,0.9823494225683177,False
d__Bacteria;p__Firmicutes_A;c__Clostridia;o__Lachnospirales;f__Lachnospiraceae;g__RUG11977,0.24083651252748517,-0.13316400580551524,0.22526708728288072,0.9631274116315901,False
d__Bacteria;p__Bacteroidota;c__Bacteroidia;o__Cytophagales;f__Hymenobacteraceae;g__Botryobacter,0.9825590227148908,0.002539912917271403,0.7387920915260816,0.9999342540345002,False
d__Bacteria;p__Firmicutes_A;c__Clostridia;o__Lachnospirales;f__Anaerotignaceae;g__HGM11808,0.06389355634125854,-0.20174165457184334,0.9838763182264194,0.9245742100295696,False
d__Bacteria;p__Firmicutes_A;c__Clostridia;o__Clostridiales;f__Clostridiaceae;g__Clostridium_F,0.5634092908058705,0.061683599419448454,-0.20824504267461091,0.9684073134281785,False
d__Bacteria;p__Bacteroidota;c__Bacteroidia;o__Bacteroidales;f__Tannerellaceae;g__Macellibacteroides,0.32791931758260107,0.11103047895500728,-0.15066332301442809,0.9631274116315901,False
d__Bacteria;p__Proteobacteria;c__Gammaproteobacteria;o__Enterobacterales;f__Enterobacteriaceae;g__Escherichia_C,0.5142592064463118,-0.055515239477503586,1.24925396235399,0.96672689681827,False
d__Bacteria;p__Bacteroidota;c__Bacteroidia;o__Bacteroidales;f__Muribaculaceae;g__UBA3263,0.6558687851003827,-0.05079825834542806,0.40921130691307533,0.9823494225683177,False
d__Bacteria;p__Bacteroidota;c__Bacteroidia;o__Cytophagales;f__Cyclobacteriaceae;g__Marivirga,0.03851307377872511,0.22859216255442671,-0.7714771845236904,0.923680856214202,False
d__Bacteria;p__Proteobacteria;c__Gammaproteobacteria;o__Burkholderiales;f__Neisseriaceae;g__Neisseria,0.3199374533763726,-0.11284470246734402,0.028675392652833094,0.9631274116315901,False
d__Bacteria;p__Firmicutes;c__Bacilli;o__Lactobacillales;f__Lactobacillaceae;g__Liquorilactobacillus,0.7202298764404684,0.03374455732946302,0.20117323016777813,0.9861181920538787,False
d__Bacteria;p__Firmicutes_A;c__Clostridia;o__Oscillospirales;f__Acutalibacteraceae;g__UBA737,0.21254939389057503,-0.14150943396226423,1.1948586647940111,0.9578570186005568,False
d__Bacteria;p__Firmicutes_A;c__Clostridia;o__Lachnospirales;f__Lachnospiraceae;g__Egerieimonas_A,0.39829774434127196,-0.09216255442670529,-4.126611760012111,0.9631274116315901,False
d__Bacteria;p__Proteobacteria;c__Alphaproteobacteria;o__Pelagibacterales;f__Pelagibacteraceae;g__MED727,0.1672249318588609,-0.11538461538461542,0.9949415172000069,0.9245742100295696,False
d__Bacteria;p__Firmicutes;c__Bacilli;o__Erysipelotrichales;f__Coprobacillaceae;g__Catenibacterium,0.23956097216517858,-0.13352685050798252,0.9542360535231048,0.9631274116315901,False
d__Bacteria;p__Firmicutes_A;c__Clostridia;o__Oscillospirales;f__Ruminococcaceae;g__Ruminiclostridium_E,0.7196551179939963,0.04100145137880984,-2.933694067024578,0.9861181920538787,False
d__Bacteria;p__Firmicutes_A;c__Clostridia;o__Oscillospirales;f__Acutalibacteraceae;g__UBA1227,0.45181808432404513,-0.08490566037735858,0.43342262458887065,0.9631274116315901,False
d__Bacteria;p__Firmicutes_A;c__Clostridia;o__Oscillospirales;f__UBA644;g__QAKR01,0.7441239683635796,0.036284470246734424,-0.8330722298540281,0.9861181920538787,False
d__Bacteria;p__Firmicutes_A;c__Clostridia;o__Peptostreptococcales;f__Peptostreptococcaceae;g__Romboutsia,0.8750464668693848,-0.0181422351233671,-1.8172357354240705,0.9940416947398667,False
d__Bacteria;p__Proteobacteria;c__Gammaproteobacteria;o__Enterobacterales;f__Enterobacteriaceae;g__Cronobacter,0.8529890904651467,0.019593613933236553,1.8679693117558156,0.9936956658403527,False
d__Bacteria;p__Bacteroidota;c__Bacteroidia;o__Bacteroidales;f__Marinifilaceae;g__Ancylomarina,0.3641922041741069,0.09869375907111755,-0.09925809137684238,0.9631274116315901,False
d__Bacteria;p__Bacteroidota;c__Bacteroidia;o__Flavobacteriales;f__UBA1820;g__Merdimorpha,0.1460083845335022,0.16473149492017414,-2.645543612590153,0.9245742100295696,False
d__Bacteria;p__Firmicutes_A;c__Clostridia;o__Oscillospirales;f__Ruminococcaceae;g__Fournierella,0.7902538096698148,0.030478955007256947,-2.067104191550266,0.9923878677730211,False
d__Bacteria;p__Firmicutes;c__Bacilli;o__Paenibacillales;f__Paenibacillaceae;g__Paenibacillus_A,0.5110424070188733,0.07474600870827286,-0.13426355920332728,0.96672689681827,False
d__Bacteria;p__Firmicutes_A;c__Clostridia;o__Lachnospirales;f__Lachnospiraceae;g__Fimimorpha,0.49081344464442933,0.07837445573294632,0.18512392634531552,0.9655791160136714,False
d__Bacteria;p__Firmicutes_A;c__Clostridia;o__Oscillospirales;f__CAG-272;g__HGM12650,0.5622627554636639,-0.04862119013062416,0.6610740007982296,0.9684073134281785,False
d__Bacteria;p__Proteobacteria;c__Zetaproteobacteria;o__Mariprofundales;f__Mariprofundaceae;g__Mariprofundus,0.5900403504139992,0.0500725689404935,-0.0995550279319358,0.9700473199511053,False
d__Bacteria;p__Firmicutes_A;c__Clostridia;o__Peptostreptococcales;f__Anaerovoracaceae;g__Bacilliculturomica,0.26660492584177786,0.12481857764876636,-0.1676308664775963,0.9631274116315901,False
d__Bacteria;p__Firmicutes_A;c__Clostridia;o__Christensenellales;f__CAG-74;g__RUG14130,0.36367023424491407,-0.09143686502177073,0.5616913613533985,0.9631274116315901,False
d__Bacteria;p__Firmicutes_A;c__Clostridia;o__Peptostreptococcales;f__Anaerovoracaceae;g__RGIG446,0.1784478768167601,0.12699564586357037,-0.7006102560419496,0.9382605408495559,False
d__Bacteria;p__Firmicutes_A;c__Clostridia;o__Oscillospirales;f__Oscillospiraceae;g__RGIG2163,0.6535556920749633,0.03991291727140789,0.16435837553680138,0.9823494225683177,False
d__Bacteria;p__Firmicutes_A;c__Clostridia;o__Lachnospirales;f__Lachnospiraceae;g__Mobilitalea,0.22699697094210536,-0.13715529753265598,0.15904381947539287,0.9631274116315901,False
d__Bacteria;p__Proteobacteria;c__Gammaproteobacteria;o__Enterobacterales;f__Enterobacteriaceae;g__Rouxiella,0.1840413710369656,-0.10921625544267055,2.3446942102238997,0.9402042227281782,False
d__Bacteria;p__Proteobacteria;c__Gammaproteobacteria;o__Burkholderiales;f__Burkholderiaceae;g__Paenalcaligenes,0.6019101646656948,-0.04898403483309144,0.10225246398200216,0.9700473199511053,False
d__Bacteria;p__Firmicutes_A;c__Clostridia;o__Oscillospirales;f__CAG-382;g__RGIG5579,0.3743969173816384,-0.09107402031930323,-0.046259773357329136,0.9631274116315901,False
d__Bacteria;p__Firmicutes_A;c__Clostridia;o__Oscillospirales;f__Acutalibacteraceae;g__RGIG1959,0.7257044393051533,-0.03338171262699574,0.12677956433404342,0.9861181920538787,False
d__Bacteria;p__Actinobacteriota;c__Actinomycetia;o__Mycobacteriales;f__Geodermatophilaceae;g__Modestobacter,0.5323947412686605,-0.05152394775036284,0.152228584890974,0.9675572276869043,False
d__Bacteria;p__Bacteroidota;c__Bacteroidia;o__Bacteroidales;f__Paludibacteraceae;g__F0058,0.6014818558262465,0.05660377358490565,0.7526514323344877,0.9700473199511053,False
d__Bacteria;p__Bacteroidota;c__Bacteroidia;o__Chitinophagales;f__Chitinophagaceae;g__Puia,0.6981582990543473,-0.04426705370101591,0.15062293000953067,0.9823494225683177,False
d__Bacteria;p__Firmicutes_B;c__Peptococcia;o__Peptococcales;f__Peptococcaceae;g__UMGS1590,0.6981850822455145,-0.04426705370101591,0.6253212463855261,0.9823494225683177,False
d__Bacteria;p__Spirochaetota;c__Leptospirae;o__Leptospirales;f__Leptospiraceae;g__Leptospira,0.30923338931794475,0.09941944847605222,-0.7685781308392421,0.9631274116315901,False
d__Bacteria;p__Firmicutes_A;c__Clostridia;o__Lachnospirales;f__Lachnospiraceae;g__Bariatricus,0.03667380005458345,-0.2369375907111757,0.3751468052031737,0.923680856214202,False
d__Bacteria;p__Firmicutes_A;c__Clostridia;o__Lachnospirales;f__Lachnospiraceae;g__Eubacterium_Q,0.28016572787209304,-0.12264150943396235,0.1084681414390625,0.9631274116315901,False
d__Bacteria;p__Firmicutes;c__Bacilli;o__RFN20;f__CAG-288;g__CAG-345,0.7722052743385152,-0.029753265602322276,-3.023819157870151,0.992199734697439,False
d__Bacteria;p__Firmicutes_A;c__Clostridia;o__Oscillospirales;f__Acutalibacteraceae;g__Onthovicinus,0.4661641775501263,0.08200290275761979,-0.5807199891610758,0.9636066785401232,False
d__Bacteria;p__Desulfobacterota;c__Syntrophia;o__Syntrophales;f__Smithellaceae;g__Smithella,0.5317764227741428,-0.05805515239477499,0.4485785425297092,0.9675572276869043,False
d__Bacteria;p__Firmicutes_C;c__Negativicutes;o__Veillonellales;f__Veillonellaceae;g__Veillonella,0.4475653769678629,0.08635703918722781,-0.12374522336583006,0.9631274116315901,False
d__Bacteria;p__Firmicutes_A;c__Clostridia;o__Christensenellales;f__CAG-74;g__Fimadaptatus,0.306421303678431,0.11538461538461542,-0.5443394281348751,0.9631274116315901,False
d__Bacteria;p__Proteobacteria;c__Gammaproteobacteria;o__Enterobacterales;f__Enterobacteriaceae;g__Yersinia,0.3359222956630724,-0.10776487663280121,2.0733452142924227,0.9631274116315901,False
d__Bacteria;p__Firmicutes_A;c__Clostridia;o__Lachnospirales;f__Lachnospiraceae;g__Dorea,0.1263661555419229,-0.1734397677793904,0.5709287935445938,0.9245742100295696,False
d__Bacteria;p__Firmicutes_B;c__Desulfitobacteriia;o__Desulfitobacteriales;f__Desulfitobacteriaceae;g__Desulfosporosinus,0.9461311803611819,0.0079825834542816,-0.11959706069598405,0.9999342540345002,False
d__Bacteria;p__Bacteroidota;c__Bacteroidia;o__Bacteroidales;f__Muribaculaceae;g__UBA7173,0.42490349561530705,-0.09071117561683595,-1.2381408894995223,0.9631274116315901,False
d__Bacteria;p__Firmicutes_A;c__Clostridia;o__Lachnospirales;f__Lachnospiraceae;g__Kineothrix,0.12478406758596901,-0.1741654571843252,0.3968989093252796,0.9245742100295696,False
d__Bacteria;p__Firmicutes;c__Bacilli;o__Lactobacillales;f__Lactobacillaceae;g__Leuconostoc,0.4033592762172933,-0.09288824383164007,2.0592675547275685,0.9631274116315901,False
d__Bacteria;p__Bacteroidota;c__Bacteroidia;o__Bacteroidales;f__UBA932;g__Merdivivens,0.11089801026985804,0.18069666182873734,-0.3655006129836871,0.9245742100295696,False
d__Bacteria;p__Proteobacteria;c__Gammaproteobacteria;o__Enterobacterales;f__Enterobacteriaceae;g__Chimaeribacter,0.6902438194498419,-0.03301886792452824,2.6466749851110896,0.9823494225683177,False
d__Bacteria;p__Firmicutes;c__Bacilli;o__Bacillales_B;f__DSM-18226;g__Niallia,0.366684922987094,-0.0972423802612481,0.21544233616913933,0.9631274116315901,False
d__Bacteria;p__Bacteroidota;c__Bacteroidia;o__Sphingobacteriales;f__Sphingobacteriaceae;g__Pararcticibacter,0.20173731082785262,0.1444121915820029,-0.26174709260343876,0.9526263217058536,False
d__Bacteria;p__Firmicutes_A;c__Clostridia;o__Lachnospirales;f__Lachnospiraceae;g__MGBC136627,0.9514470113950856,0.007256894049346929,0.1432366124623039,0.9999342540345002,False
d__Bacteria;p__Firmicutes_A;c__Clostridia;o__Oscillospirales;f__Acutalibacteraceae;g__Howiella,0.48459321033063607,0.07837445573294632,-0.4362872290499955,0.9655791160136714,False
d__Bacteria;p__Proteobacteria;c__Alphaproteobacteria;o__Sphingomonadales;f__Sphingomonadaceae;g__Novosphingobium,0.7029081534013992,0.04354136429608124,0.5496031936396395,0.984517242781874,False
d__Bacteria;p__Fibrobacterota;c__Fibrobacteria;o__Fibrobacterales;f__Fibrobacteraceae;g__Fibrobacter,0.513247710519724,-0.07438316400580547,0.29682163511507276,0.96672689681827,False
d__Bacteria;p__Proteobacteria;c__Gammaproteobacteria;o__Methylococcales;f__Methylomonadaceae;g__KS41,0.556344876851993,-0.05624092888243837,-0.07248884235573902,0.9684073134281785,False
d__Bacteria;p__Bacteroidota;c__Bacteroidia;o__Cytophagales;f__Cyclobacteriaceae;g__Echinicola,0.6741876691790804,0.04789550072568938,-0.09449364587079571,0.9823494225683177,False
d__Bacteria;p__Firmicutes_A;c__Clostridia;o__Christensenellales;f__CAG-138;g__CAG-1024,0.273654609723171,-0.12409288824383169,0.26935504565577095,0.9631274116315901,False
d__Bacteria;p__Proteobacteria;c__Gammaproteobacteria;o__Pseudomonadales;f__Halomonadaceae;g__Salinicola,0.8178909609678617,-0.019230769230769162,0.01001642746943769,0.9923878677730211,False
d__Bacteria;p__Proteobacteria;c__Alphaproteobacteria;o__HIMB59;f__GCA-002718135;g__AG-337-I02,0.6399104527249309,-0.05297532656023218,-0.9338173563076776,0.9780855200883831,False
d__Bacteria;p__Actinobacteriota;c__Actinomycetia;o__Mycobacteriales;f__Geodermatophilaceae;g__Geodermatophilus,0.7873935007712685,-0.027576197387518153,-0.5465421814014666,0.9923878677730211,False
d__Bacteria;p__Bacteroidota;c__Bacteroidia;o__Bacteroidales;f__Bacteroidaceae;g__Phocaeicola,0.4475653769678629,0.08635703918722781,-0.19100334174786768,0.9631274116315901,False
d__Bacteria;p__Firmicutes;c__Bacilli;o__Erysipelotrichales;f__Coprobacillaceae;g__Erysipelatoclostridium,0.660640560623845,-0.0500725689404935,-2.864052917692832,0.9823494225683177,False
d__Bacteria;p__Firmicutes;c__Bacilli;o__Bacillales_A;f__Planococcaceae;g__Sporosarcina,0.6209432209006178,-0.055878084179970866,0.7827584460978663,0.9735426534685343,False
d__Bacteria;p__Proteobacteria;c__Alphaproteobacteria;o__Azospirillales;f__Azospirillaceae;g__Azospirillum,0.16090679087288307,0.15856313497822927,-0.09815388438549537,0.9245742100295696,False
d__Bacteria;p__Firmicutes_A;c__Clostridia;o__Monoglobales;f__Monoglobaceae;g__UMGS1820,0.9106923169056313,0.013062409288824406,-0.9612854506313442,0.9983915236170603,False
d__Bacteria;p__Proteobacteria;c__Gammaproteobacteria;o__Enterobacterales;f__Enterobacteriaceae;g__Edwardsiella,0.324254135975105,-0.09034833091436867,0.6610644403903205,0.9631274116315901,False
d__Bacteria;p__Actinobacteriota;c__Coriobacteriia;o__Coriobacteriales;f__Eggerthellaceae;g__UMGS1502,0.518400432792524,0.06277213352685052,-0.8619548152073927,0.9675572276869043,False
d__Bacteria;p__Firmicutes_A;c__Clostridia;o__Lachnospirales;f__Lachnospiraceae;g__UBA7109,0.8200147919737817,0.026124818577648812,-0.1051526423574801,0.9923878677730211,False
d__Bacteria;p__Actinobacteriota;c__Actinomycetia;o__Mycobacteriales;f__Pseudonocardiaceae;g__Saccharomonospora,0.467961960900786,-0.06930333817126266,0.16562293373977052,0.9636066785401232,False
d__Bacteria;p__Bacteroidota;c__Bacteroidia;o__Bacteroidales;f__WCHB1-69;g__UBA5266,0.7700946562257636,-0.02431059506531197,-0.043805663680550236,0.9913823514119076,False
d__Bacteria;p__Firmicutes_A;c__Clostridia;o__Lachnospirales;f__Lachnospiraceae;g__Anaerostipes,0.850038815274961,-0.021770682148040565,0.3649838883195812,0.9936956658403527,False
d__Bacteria;p__Actinobacteriota;c__Coriobacteriia;o__Coriobacteriales;f__Eggerthellaceae;g__Rubneribacter,0.9198951503620149,-0.010159651669085612,-0.7912874694666704,0.9984370467472549,False
d__Bacteria;p__Firmicutes_A;c__Clostridia;o__UBA1212;f__UBA1255;g__UMGS1851,0.7461596378276649,-0.037010159651668983,0.12370425196393475,0.9861181920538787,False
d__Bacteria;p__Proteobacteria;c__Alphaproteobacteria;o__Acetobacterales;f__Acetobacteraceae;g__Roseomonas_B,0.9008357511968214,0.011611030478954953,-0.47339909418714915,0.9983915236170603,False
d__Bacteria;p__Firmicutes_A;c__Clostridia;o__Oscillospirales;f__Acutalibacteraceae;g__Acutalibacter,0.11051696258180639,0.18105950653120462,-1.9614724191774755,0.9245742100295696,False
d__Bacteria;p__Firmicutes_A;c__Clostridia;o__Lachnospirales;f__Lachnospiraceae;g__CAG-603,0.601427837812259,-0.05950653120464433,-0.5240495905058321,0.9700473199511053,False
d__Bacteria;p__Bacteroidota;c__Bacteroidia;o__Bacteroidales;f__Muribaculaceae;g__RGIG4079,0.36436062617866727,-0.10304789550072568,-0.2343564817922493,0.9631274116315901,False
d__Bacteria;p__Bacteroidota;c__Bacteroidia;o__Bacteroidales;f__Paludibacteraceae;g__JAAYPI01,0.7737842632833714,0.030478955007256947,0.2696531515535672,0.9923878677730211,False
d__Bacteria;p__Firmicutes_A;c__Clostridia;o__Oscillospirales;f__Acutalibacteraceae;g__Gallacutalibacter_A,0.4080058681466705,0.08744557329462987,-0.22720734096655884,0.9631274116315901,False
d__Bacteria;p__Proteobacteria;c__Gammaproteobacteria;o__Methylococcales;f__Methylomonadaceae;g__Methylomonas,0.146420952615941,-0.158200290275762,0.44220441136523564,0.9245742100295696,False
d__Bacteria;p__Bacteroidota;c__Bacteroidia;o__Bacteroidales;f__Prolixibacteraceae;g__Draconibacterium,0.9361433319798302,-0.009433962264151052,0.13547784061486637,0.9999342540345002,False
d__Bacteria;p__Bacteroidota;c__Bacteroidia;o__Bacteroidales;f__UBA1402;g__UBA1757,0.9690306116224601,0.004716981132075526,0.6089909361364226,0.9999342540345002,False
d__Bacteria;p__Firmicutes_A;c__Clostridia;o__Lachnospirales;f__Lachnospiraceae;g__Luxibacter,0.09186496548453871,-0.19121915820029023,-1.4996023384358572,0.9245742100295696,False
d__Bacteria;p__Firmicutes_A;c__Clostridia;o__Tissierellales;f__Peptoniphilaceae;g__Anaerococcus,0.0807190407901576,-0.19811320754716988,2.875581857075673,0.9245742100295696,False
d__Bacteria;p__Firmicutes;c__Bacilli;o__Erysipelotrichales;f__Coprobacillaceae;g__Longibaculum,0.942818787356551,0.00834542815674888,0.8172274923390888,0.9999342540345002,False
d__Bacteria;p__Bacteroidota;c__Bacteroidia;o__Bacteroidales;f__Dysgonomonadaceae;g__Proteiniphilum,0.1772875915057025,0.15312046444121918,-0.5363700622191419,0.9382605408495559,False
d__Bacteria;p__Actinobacteriota;c__Actinomycetia;o__Propionibacteriales;f__Kribbellaceae;g__Kribbella,0.9606414773541366,-0.005805515239477588,-1.0056769848633558,0.9999342540345002,False
d__Bacteria;p__Firmicutes_A;c__Clostridia;o__Peptostreptococcales;f__Anaerovoracaceae;g__RGIG2707,0.9902650610864192,0.0014513788098693414,-0.06918478117910205,0.9999342540345002,False
d__Bacteria;p__Firmicutes_A;c__Clostridia;o__Christensenellales;f__Christensenellaceae;g__HGM11616,0.23456745215657793,0.13461538461538458,0.3886490208122235,0.9631274116315901,False
d__Bacteria;p__Actinobacteriota;c__Actinomycetia;o__Actinomycetales;f__Micrococcaceae;g__Arthrobacter,0.502106865197011,-0.054426705370101525,0.08494420453106175,0.9655791160136714,False
d__Bacteria;p__Firmicutes_A;c__Clostridia;o__Lachnospirales;f__Lachnospiraceae;g__NK4A144,0.3036330476397274,-0.11683599419448476,0.12527510545541387,0.9631274116315901,False
d__Bacteria;p__Actinobacteriota;c__Actinomycetia;o__Mycobacteriales;f__Mycobacteriaceae;g__Mycobacterium,0.5071106260835041,-0.07547169811320753,-0.016909270499249895,0.9655791160136714,False
d__Bacteria;p__Bacteroidota;c__Bacteroidia;o__Bacteroidales;f__FEN-979;g__CAIVAT01,0.3027652869102716,-0.11538461538461542,0.29104259500995155,0.9631274116315901,False
d__Bacteria;p__Firmicutes_A;c__Clostridia;o__Oscillospirales;f__Ruminococcaceae;g__CAG-115,0.4437374620005614,-0.08708272859216248,4.144180639202196,0.9631274116315901,False
d__Bacteria;p__Proteobacteria;c__Gammaproteobacteria;o__Enterobacterales;f__Enterobacteriaceae;g__Erwinia,0.4419143327794537,-0.08708272859216248,1.7552547801735552,0.9631274116315901,False
d__Bacteria;p__Proteobacteria;c__Gammaproteobacteria;o__Enterobacterales;f__Enterobacteriaceae;g__Enterobacter_D,0.6403895288957169,0.04390420899854863,1.3698103744509165,0.9780855200883831,False
d__Bacteria;p__Firmicutes_A;c__Clostridia;o__Lachnospirales;f__Lachnospiraceae;g__1XD8-76,0.9005401408912876,-0.014513788098693858,0.12724609953899438,0.9983915236170603,False
d__Bacteria;p__Actinobacteriota;c__Actinomycetia;o__Actinomycetales;f__Micrococcaceae;g__Paeniglutamicibacter,0.8691005951376833,-0.015239477503628418,0.13130137382616286,0.9940416947398667,False
d__Bacteria;p__Firmicutes_A;c__Clostridia;o__Oscillospirales;f__Ruminococcaceae;g__Pseudoruminococcus_B,0.26312783024664854,0.12699564586357037,-0.5968256473540327,0.9631274116315901,False
d__Bacteria;p__Proteobacteria;c__Alphaproteobacteria;o__Rhizobiales;f__Rhizobiaceae;g__Shinella,0.43849417704706617,0.07184325108853407,-0.7288200328487894,0.9631274116315901,False
d__Bacteria;p__Bacteroidota;c__Bacteroidia;o__Bacteroidales;f__Azobacteroidaceae;g__BHEP01,0.03701413200901655,0.1683599419448476,-1.4906204758860528,0.923680856214202,False
d__Bacteria;p__Firmicutes_A;c__Clostridia;o__Lachnospirales;f__Lachnospiraceae;g__MD308,0.588110727878282,-0.061683599419448454,0.26240827535433875,0.9700473199511053,False
d__Bacteria;p__Firmicutes;c__Bacilli;o__RF39;f__UBA660;g__UMGS995,0.6009079213295212,-0.05805515239477499,-1.4465842512345952,0.9700473199511053,False
d__Bacteria;p__Firmicutes;c__Bacilli;o__Lactobacillales;f__Lactobacillaceae;g__Lentilactobacillus,0.6880543374403099,-0.04136429608127723,0.24036845344651833,0.9823494225683177,False
d__Bacteria;p__Firmicutes_A;c__Clostridia;o__Oscillospirales;f__Oscillospiraceae;g__RGIG7114,0.6591742705452619,0.0500725689404935,-0.10999074001373747,0.9823494225683177,False
d__Bacteria;p__Firmicutes_A;c__Clostridia;o__UBA1381;f__UBA1381;g__HGM11530,0.8444016056255796,-0.022133526850508067,0.46994626611369816,0.9936956658403527,False
d__Bacteria;p__Firmicutes_A;c__Clostridia;o__Lachnospirales;f__Lachnospiraceae;g__Lacrimispora,0.4748415570882819,-0.08127721335268512,-0.2897556815905687,0.9636066785401232,False
d__Bacteria;p__Bacteroidota;c__Bacteroidia;o__Bacteroidales;f__Rikenellaceae;g__RGIG1874,0.5361703530335207,-0.06966618287372994,-2.1435371780843266,0.9675572276869043,False
d__Bacteria;p__Firmicutes_A;c__Clostridia;o__Lachnospirales;f__Lachnospiraceae;g__Butyrivibrio_A,0.02593453463043736,-0.2525399129172714,4.412153860400544,0.923680856214202,False
d__Bacteria;p__Firmicutes_A;c__Clostridia;o__Christensenellales;f__CAG-917;g__CAG-349,0.08826504896451202,-0.18613933236574742,0.9432004953682304,0.9245742100295696,False
d__Bacteria;p__Firmicutes_A;c__Clostridia;o__Oscillospirales;f__Butyricicoccaceae;g__UMGS1384,0.8200005770478718,0.026124818577648812,-0.40125156735305867,0.9923878677730211,False
d__Bacteria;p__Firmicutes;c__Bacilli;o__Bacillales_A;f__Planococcaceae;g__Psychrobacillus,0.867374552761406,0.01741654571843254,-0.7922088657106666,0.9940416947398667,False
d__Bacteria;p__Firmicutes_A;c__Clostridia;o__Oscillospirales;f__Oscillospiraceae;g__UBA1774,0.46221039979694045,-0.08272859216255446,-0.08870830869428105,0.9636066785401232,False
d__Bacteria;p__Proteobacteria;c__Gammaproteobacteria;o__Enterobacterales;f__Enterobacteriaceae;g__Rahnella,0.9547394322971083,-0.006531204644412147,1.9990151103594385,0.9999342540345002,False
d__Bacteria;p__Bacteroidota;c__Bacteroidia;o__Bacteroidales;f__WCHB1-69;g__UBA1205,0.2697599443567914,-0.08925979680696661,-0.6681456753929991,0.9631274116315901,False
d__Bacteria;p__Firmicutes_A;c__Clostridia;o__Oscillospirales;f__Ruminococcaceae;g__UBA5884,0.01970519662523134,0.26415094339622647,-0.23288896132321377,0.923680856214202,False
d__Bacteria;p__Firmicutes;c__Bacilli;o__Erysipelotrichales;f__Erysipelotrichaceae;g__Faecalicoccus,0.17565430494733003,-0.1523947750362844,-0.2769744486172803,0.9382605408495559,False
d__Bacteria;p__Firmicutes_A;c__Clostridia;o__Lachnospirales;f__Lachnospiraceae;g__Robinsoniella,0.660640560623845,-0.0500725689404935,-1.1488333822792867,0.9823494225683177,False
d__Bacteria;p__Firmicutes_A;c__Clostridia;o__Christensenellales;f__CAG-138;g__UBA1685,0.24130531092031282,-0.13280116110304796,-0.06386529633480467,0.9631274116315901,False
d__Bacteria;p__Firmicutes_A;c__Clostridia;o__Oscillospirales;f__Ruminococcaceae;g__Gemmiger,0.9208672982725656,-0.011611030478954953,0.08516233290101848,0.9984370467472549,False
d__Bacteria;p__Proteobacteria;c__Gammaproteobacteria;o__Burkholderiales;f__Burkholderiaceae;g__Duganella,0.0988327325052004,-0.1865021770682147,0.2688217721235951,0.9245742100295696,False
d__Bacteria;p__Spirochaetota;c__Spirochaetia;o__Sphaerochaetales;f__Sphaerochaetaceae;g__Sphaerochaeta,0.44335001148350206,0.08490566037735847,0.18865738222709283,0.9631274116315901,False
d__Bacteria;p__Firmicutes;c__Bacilli;o__Bacillales_C;f__Bacillaceae_J;g__Calidifontibacillus,0.42012754112123074,0.07474600870827286,-0.805167609798859,0.9631274116315901,False
d__Bacteria;p__Firmicutes_A;c__Clostridia;o__Oscillospirales;f__Ruminococcaceae;g__HUN007,0.9079949802584588,-0.013425253991291797,-0.19074048125437823,0.9983915236170603,False
d__Bacteria;p__Firmicutes_A;c__Clostridia;o__Lachnospirales;f__CAG-274;g__Gallispira,0.060647405874015514,0.21262699564586363,-1.1463025201968173,0.9245742100295696,False
d__Bacteria;p__Firmicutes;c__Bacilli;o__RF39;f__UBA660;g__CAG-762,0.6940817041276264,0.0341074020319303,-0.3498406307701487,0.9823494225683177,False
d__Bacteria;p__Firmicutes_A;c__Clostridia;o__Lachnospirales;f__Lachnospiraceae;g__Frisingicoccus,0.6058969237690266,0.05878084179970977,0.40140403079937814,0.9704989034353044,False
d__Bacteria;p__Firmicutes_A;c__Clostridia;o__Lachnospirales;f__Lachnospiraceae;g__RGIG7193,0.6984616970627749,0.04354136429608124,-0.4078279317214627,0.9823494225683177,False
d__Bacteria;p__Proteobacteria;c__Gammaproteobacteria;o__Enterobacterales;f__Enterobacteriaceae;g__Serratia_A,0.42980255199351636,-0.06712626995645854,1.419042021178485,0.9631274116315901,False
d__Bacteria;p__Proteobacteria;c__Alphaproteobacteria;o__Rhizobiales;f__Devosiaceae;g__Devosia,0.27990499530482416,-0.11901306240928888,-0.4241009571843043,0.9631274116315901,False
d__Bacteria;p__Firmicutes_A;c__Clostridia;o__Oscillospirales;f__Ruminococcaceae;g__Harryflintia,0.8130960625483599,0.026850507982583482,0.9465011527621752,0.9923878677730211,False
d__Bacteria;p__Cyanobacteria;c__Cyanobacteriia;o__PCC-6307;f__Cyanobiaceae;g__Prochlorococcus_A,0.8374859525267091,0.02358490566037741,0.1665250809511333,0.9934511936686962,False
d__Bacteria;p__Firmicutes_A;c__Clostridia;o__Oscillospirales;f__Acutalibacteraceae;g__UBA1447,0.9831289178200037,0.002177068214804012,0.35367275509226265,0.9999342540345002,False
d__Bacteria;p__Firmicutes_A;c__Clostridia;o__Christensenellales;f__Borkfalkiaceae;g__HGM11412,0.3901011772894891,-0.08708272859216248,-0.3054265352394993,0.9631274116315901,False
d__Bacteria;p__Firmicutes_A;c__Clostridia;o__Lachnospirales;f__Lachnospiraceae;g__Paralachnospira,0.7100876901126274,0.04245283018867929,-0.3456193194071958,0.9861181920538787,False
d__Bacteria;p__Firmicutes_A;c__Clostridia;o__Lachnospirales;f__Lachnospiraceae;g__UBA7050,0.2873899706048594,-0.12010159651669094,0.32817185316463904,0.9631274116315901,False
d__Bacteria;p__Firmicutes_A;c__Clostridia;o__Lachnospirales;f__Lachnospiraceae;g__Eubacterium_G,0.1585370202139771,-0.1600145137880986,0.11591194878604787,0.9245742100295696,False
d__Bacteria;p__Proteobacteria;c__Gammaproteobacteria;o__Burkholderiales;f__Thiobacillaceae;g__PFJX01,0.7354360902889658,0.029753265602322165,0.4978816691034965,0.9861181920538787,False
d__Bacteria;p__Firmicutes_A;c__Clostridia;o__Oscillospirales;f__Oscillospiraceae;g__Limivicinus,0.47088924537066723,-0.08200290275761968,0.6857545263745678,0.9636066785401232,False
d__Bacteria;p__Proteobacteria;c__Alphaproteobacteria;o__Rhodobacterales;f__Rhodobacteraceae;g__Shimia,0.7438368630671336,0.027576197387518153,-0.652275894001563,0.9861181920538787,False
d__Bacteria;p__Firmicutes_A;c__Clostridia;o__Oscillospirales;f__Acutalibacteraceae;g__UBA5905,0.5276692045743937,-0.07184325108853407,0.5179841920830718,0.9675572276869043,False
d__Bacteria;p__Proteobacteria;c__Gammaproteobacteria;o__Burkholderiales;f__Rhodocyclaceae;g__Thauera,0.6916591551154305,0.044629898403483304,-0.14446729880749964,0.9823494225683177,False
d__Bacteria;p__Bacteroidota;c__Bacteroidia;o__Cytophagales;f__Cyclobacteriaceae;g__ELB16-189,0.8448741882784507,0.022496371552975347,-0.15796191070105395,0.9936956658403527,False
d__Bacteria;p__Firmicutes_A;c__Clostridia;o__Lachnospirales;f__Lachnospiraceae;g__Catonella,0.08758492390733322,-0.19375907111756163,0.16594719733422575,0.9245742100295696,False
d__Bacteria;p__Actinobacteriota;c__Actinomycetia;o__Actinomycetales;f__Microbacteriaceae;g__Leucobacter,0.02989614253071921,-0.23258345428156746,0.9177434244953746,0.923680856214202,False
d__Bacteria;p__Bacteroidota;c__Bacteroidia;o__Flavobacteriales;f__Flavobacteriaceae;g__Salegentibacter,0.13926008054396485,0.1661828737300436,-0.8389981991089843,0.9245742100295696,False
d__Bacteria;p__Spirochaetota;c__Spirochaetia;o__Treponematales;f__Treponemataceae;g__Treponema_B,0.6805512145386741,-0.04136429608127723,-1.0081635621747793,0.9823494225683177,False
d__Bacteria;p__Firmicutes_A;c__Clostridia;o__Clostridiales;f__Clostridiaceae;g__Clostridium_H,0.9407955420602755,-0.00870827285921627,-0.038793614276747386,0.9999342540345002,False
d__Bacteria;p__Firmicutes_A;c__Clostridia;o__Oscillospirales;f__CAG-272;g__RGIG7300,0.6307972159629308,-0.046806966618287316,-0.315117657052959,0.9735426534685343,False
d__Bacteria;p__Actinobacteriota;c__Coriobacteriia;o__Coriobacteriales;f__Atopobiaceae;g__Tractidigestivibacter,0.31507144782971186,-0.10740203193033371,-0.4170680073610875,0.9631274116315901,False
d__Bacteria;p__Actinobacteriota;c__Actinomycetia;o__Streptosporangiales;f__Streptosporangiaceae;g__Nocardiopsis,0.8260592223526566,-0.02394775036284469,-0.2564639272294478,0.9927550055459772,False
d__Bacteria;p__Proteobacteria;c__Alphaproteobacteria;o__Caulobacterales;f__Hyphomonadaceae;g__Hyphomonas,0.23352338960170238,0.11248185776487662,-0.7641154839982156,0.9631274116315901,False
d__Bacteria;p__Firmicutes_A;c__Clostridia;o__Lachnospirales;f__Lachnospiraceae;g__Clostridium_AI,0.7607770089454301,-0.03483309143686508,0.20481068555874435,0.9889498781900884,False
d__Bacteria;p__Proteobacteria;c__Gammaproteobacteria;o__Enterobacterales;f__Enterobacteriaceae;g__Citrobacter_C,0.9135772627140631,-0.010159651669085612,1.7857455503255286,0.9983915236170603,False
d__Bacteria;p__Firmicutes_A;c__Clostridia;o__Lachnospirales;f__Lachnospiraceae;g__Pelethocola,0.9005401408912876,0.014513788098693747,-0.2513605558571732,0.9983915236170603,False
d__Bacteria;p__Proteobacteria;c__Alphaproteobacteria;o__Rhizobiales;f__Rhizobiaceae;g__Aureimonas,0.45411009127518587,-0.06458635703918714,0.7623284541376623,0.9631274116315901,False
d__Bacteria;p__Firmicutes_A;c__Clostridia;o__Christensenellales;f__QAND01;g__UMGS1975,0.5437260162888102,0.06894049346879538,-0.6780373301792909,0.9675572276869043,False
d__Bacteria;p__Firmicutes_A;c__Clostridia;o__Eubacteriales;f__Anaerofustaceae;g__Anaerofustis,0.26337545005678953,0.12699564586357037,-0.5428851057878908,0.9631274116315901,False
d__Bacteria;p__Bacteroidota;c__Bacteroidia;o__Chitinophagales;f__Chitinophagaceae;g__Agriterribacter,0.9036269299363662,-0.012336719883889735,-1.1374289413324632,0.9983915236170603,False
d__Bacteria;p__Proteobacteria;c__Gammaproteobacteria;o__Burkholderiales;f__Rhodocyclaceae;g__Aromatoleum,0.6968829488703179,-0.035921625544267144,1.1413398727367035,0.9823494225683177,False
d__Bacteria;p__Firmicutes_A;c__Clostridia;o__Lachnospirales;f__Lachnospiraceae;g__Lachnoclostridium,0.5969736885065877,0.06023222060957911,0.3339816253573121,0.9700473199511053,False
d__Bacteria;p__Firmicutes;c__Bacilli;o__Staphylococcales;f__Gemellaceae;g__Gemella,0.9872150519667926,0.002177068214804012,-2.2360384425481623,0.9999342540345002,False
d__Bacteria;p__Proteobacteria;c__Alphaproteobacteria;o__RF32;f__CAG-239;g__HGM16780,0.9943920243015453,0.0010885341074020616,-0.7693228645604876,0.9999342540345002,False
d__Bacteria;p__Proteobacteria;c__Gammaproteobacteria;o__Pseudomonadales;f__Oleiphilaceae;g__Marinobacter,0.26337545005678953,-0.12699564586357037,0.4931225923939275,0.9631274116315901,False
d__Bacteria;p__Proteobacteria;c__Gammaproteobacteria;o__Enterobacterales;f__Enterobacteriaceae;g__Morganella,0.3216294765717337,-0.10776487663280121,4.110984557935947,0.9631274116315901,False
d__Bacteria;p__Firmicutes_A;c__Clostridia;o__Lachnospirales;f__Lachnospiraceae;g__Lachnoclostridium_B,0.4175026541761855,-0.09216255442670529,0.5221045144356192,0.9631274116315901,False
d__Bacteria;p__Verrucomicrobiota;c__Kiritimatiellae;o__Kiritimatiellales;f__Pontiellaceae;g__Pontiella,0.8084085599970166,0.02467343976777936,-0.1745300829449581,0.9923878677730211,False
d__Bacteria;p__Firmicutes_A;c__Clostridia;o__Clostridiales;f__Clostridiaceae;g__Clostridium_J,0.8198853578473652,0.026124818577648812,-0.9368790455260628,0.9923878677730211,False
d__Bacteria;p__Proteobacteria;c__Gammaproteobacteria;o__Xanthomonadales;f__Xanthomonadaceae;g__Lysobacter,0.5039878774987274,0.07583454281567492,0.41959489157468205,0.9655791160136714,False
d__Bacteria;p__Actinobacteriota;c__Coriobacteriia;o__Coriobacteriales;f__Atopobiaceae;g__Parolsenella,0.7329818261801498,-0.037735849056603765,0.04447404130624165,0.9861181920538787,False
d__Bacteria;p__Firmicutes_A;c__Clostridia;o__Clostridiales;f__Clostridiaceae;g__Clostridium_B,0.8092043164590755,0.027576197387518153,-0.17141682119262722,0.9923878677730211,False
d__Bacteria;p__Bacteroidota;c__Bacteroidia;o__Flavobacteriales;f__Flavobacteriaceae;g__Aestuariibaculum,0.5770360896734099,0.053338171262699574,0.3426638531804954,0.9684073134281785,False
d__Bacteria;p__Proteobacteria;c__Gammaproteobacteria;o__Enterobacterales;f__Enterobacteriaceae;g__Shimwellia,0.8125383308316646,-0.021770682148040565,1.888385933041833,0.9923878677730211,False
d__Bacteria;p__Firmicutes_A;c__Clostridia;o__Oscillospirales;f__CAG-272;g__UMGS731,0.11670943939152736,-0.16473149492017414,1.1491243905215074,0.9245742100295696,False
d__Bacteria;p__Firmicutes;c__Bacilli;o__RFN20;f__CAG-631;g__Caccosoma,0.6298802511977959,0.054789550072568916,-0.9146863850928278,0.9735426534685343,False
d__Bacteria;p__Firmicutes_A;c__Clostridia;o__Christensenellales;f__CAG-138;g__Phil1,0.4304670396796194,-0.08962264150943389,0.9877113692030058,0.9631274116315901,False
d__Bacteria;p__Firmicutes_A;c__Clostridia;o__Christensenellales;f__CAG-314;g__Fimimonas,0.09840353936302783,-0.17271407837445563,1.4238482395120093,0.9245742100295696,False
d__Bacteria;p__Desulfobacterota;c__Desulfobacteria;o__Desulfobacterales;f__Desulfobacteraceae;g__Desulfamplus,0.290310487199422,0.0947024673439768,-0.4850762210140203,0.9631274116315901,False
d__Bacteria;p__Firmicutes;c__Bacilli;o__Erysipelotrichales;f__Coprobacillaceae;g__Coprobacillus,0.3158229687818914,-0.11393323657474608,1.4797185215550164,0.9631274116315901,False
d__Bacteria;p__Firmicutes_A;c__Clostridia;o__Peptostreptococcales;f__Anaerovoracaceae;g__Copromorpha,0.44182577539760737,-0.08744557329462999,0.7943190489554791,0.9631274116315901,False
d__Bacteria;p__Firmicutes_A;c__Clostridia;o__Christensenellales;f__CAG-314;g__UMGS692,0.3776434138632596,0.08490566037735847,-0.2994498553200006,0.9631274116315901,False
d__Bacteria;p__Firmicutes_A;c__Clostridia;o__UBA1381;f__UBA1381;g__HGM11521,0.2208870674034018,-0.13896952104499283,1.1544433862930796,0.9631274116315901,False
d__Bacteria;p__Firmicutes_A;c__Clostridia;o__Oscillospirales;f__Oscillospiraceae;g__Flavonifractor,0.06727948962304063,0.2075471698113207,-1.2311974070618201,0.9245742100295696,False
d__Bacteria;p__Bacteroidota;c__Bacteroidia;o__Sphingobacteriales;f__Sphingobacteriaceae;g__Parapedobacter,0.044246460495554224,0.2264150943396226,-0.6158653144355144,0.9245742100295696,False
d__Bacteria;p__Firmicutes;c__Bacilli;o__RF39;f__UBA660;g__Coprovivens,0.8332593025282579,-0.02394775036284469,1.5590566358209301,0.9934511936686962,False
d__Bacteria;p__Firmicutes;c__Bacilli;o__RF39;f__UBA660;g__CAG-1000,0.3395550343119854,-0.10849056603773577,0.30396054936202693,0.9631274116315901,False
d__Bacteria;p__Proteobacteria;c__Gammaproteobacteria;o__Enterobacterales;f__Enterobacteriaceae;g__Salmonella,0.8467343164100032,-0.020319303338171224,1.2893721485222127,0.9936956658403527,False
d__Bacteria;p__Firmicutes;c__Bacilli;o__Lactobacillales;f__Listeriaceae;g__Listeria,0.9946568285902263,0.0010885341074020616,-0.17268561966978238,0.9999342540345002,False
d__Bacteria;p__Desulfobacterota;c__Syntrophia;o__Syntrophales;f__Smithellaceae;g__UBA8904,0.6492260135712015,-0.03882438316400583,-0.12067847854440304,0.9823494225683177,False
d__Bacteria;p__Firmicutes_A;c__Clostridia;o__Oscillospirales;f__Ruminococcaceae;g__SFJ001,0.5210883420374388,-0.07293178519593613,0.43484072315204286,0.9675572276869043,False
d__Bacteria;p__Proteobacteria;c__Alphaproteobacteria;o__Micropepsales;f__Micropepsaceae;g__Rhizomicrobium,0.11993295428773885,-0.1683599419448476,0.3003379007541019,0.9245742100295696,False
d__Bacteria;p__Proteobacteria;c__Gammaproteobacteria;o__Enterobacterales;f__Enterobacteriaceae;g__UBA7405,0.8110167804697036,-0.019956458635703944,1.4457730421298007,0.9923878677730211,False
d__Bacteria;p__Firmicutes_A;c__Clostridia;o__Oscillospirales;f__Acutalibacteraceae;g__RUG762,0.8701045348892325,0.018867924528301883,-0.19293835725990624,0.9940416947398667,False
d__Bacteria;p__Firmicutes_A;c__Clostridia;o__Lachnospirales;f__Lachnospiraceae;g__Porcincola,0.1279638193500467,-0.17271407837445563,0.2956101156219458,0.9245742100295696,False
d__Bacteria;p__Firmicutes_A;c__Clostridia;o__Lachnospirales;f__Lachnospiraceae;g__UBA3305,0.5936783509009061,-0.055152394775036306,0.037008509688460804,0.9700473199511053,False
d__Bacteria;p__Firmicutes_A;c__Clostridia;o__Oscillospirales;f__Ruminococcaceae;g__Merdivicinus,0.8676522823792094,-0.019230769230769162,0.20350707372384969,0.9940416947398667,False
d__Bacteria;p__Actinobacteriota;c__Actinomycetia;o__Actinomycetales;f__Dermabacteraceae;g__Brachybacterium,0.590878668992065,0.05805515239477499,-0.31509585152746233,0.9700473199511053,False
d__Bacteria;p__Firmicutes_A;c__Clostridia;o__Christensenellales;f__CAG-74;g__Excrementavichristensenella,0.9091998982880787,-0.010885341074020394,-1.294674242424168,0.9983915236170603,False
d__Bacteria;p__Firmicutes_A;c__Clostridia;o__Oscillospirales;f__Acutalibacteraceae;g__UMGS1264,0.06157785260515884,0.21190130624092884,-0.4276055913007471,0.9245742100295696,False
d__Bacteria;p__Firmicutes_A;c__Clostridia;o__Oscillospirales;f__Butyricicoccaceae;g__JAAZKA01,0.038370281608203737,-0.1894049346879536,0.452938982559706,0.923680856214202,False
d__Bacteria;p__Actinobacteriota;c__Actinomycetia;o__Actinomycetales;f__Bifidobacteriaceae;g__Bifidobacterium,0.33798070478087905,-0.10885341074020327,0.8608846391919429,0.9631274116315901,False
d__Bacteria;p__Firmicutes_A;c__Clostridia;o__Christensenellales;f__CAG-138;g__Pelethousia,0.1262079085970218,0.1734397677793904,0.20877433000497192,0.9245742100295696,False
d__Bacteria;p__Firmicutes_A;c__Clostridia;o__Clostridiales;f__Clostridiaceae;g__Youngiibacter,0.7086983056189811,0.03483309143686497,-0.00443999101056376,0.9856947327631982,False
d__Bacteria;p__Firmicutes_A;c__Clostridia;o__Lachnospirales;f__Lachnospiraceae;g__Anaerosacchariphilus,0.23972616815860281,-0.10994194484760533,-0.7864435424113292,0.9631274116315901,False
d__Bacteria;p__Firmicutes_A;c__Clostridia;o__Lachnospirales;f__Lachnospiraceae;g__JAGZHZ01,0.8359614451163572,0.02358490566037741,0.10696536392699123,0.9934511936686962,False
d__Bacteria;p__Proteobacteria;c__Gammaproteobacteria;o__Enterobacterales;f__Alteromonadaceae;g__Pararheinheimera,0.589726651581951,-0.054063860667634245,1.604353743129872,0.9700473199511053,False
d__Bacteria;p__Acidobacteriota;c__Holophagae;o__Holophagales;f__Holophagaceae;g__Geothrix,0.3092628847422172,-0.09107402031930323,0.15715035257654353,0.9631274116315901,False
d__Bacteria;p__Firmicutes_A;c__Clostridia;o__Lachnospirales;f__CAG-274;g__RGIG4831,0.5732925350208959,0.054789550072568916,-0.7165202184080561,0.9684073134281785,False
d__Bacteria;p__Proteobacteria;c__Gammaproteobacteria;o__Burkholderiales;f__Burkholderiaceae;g__Achromobacter,0.8947618212843169,-0.015239477503628418,-0.6870339156785953,0.9983915236170603,False
d__Bacteria;p__Firmicutes_A;c__Clostridia;o__Lachnospirales;f__Lachnospiraceae;g__RUG14243,0.9972103313975856,0.0007256894049346707,-0.11626200913619514,0.9999342540345002,False
d__Bacteria;p__Proteobacteria;c__Alphaproteobacteria;o__Rhizobiales;f__Devosiaceae;g__Devosia_A,0.27412503596079585,-0.09143686502177073,-0.30156753154015487,0.9631274116315901,False
d__Bacteria;p__Bacteroidota;c__Bacteroidia;o__Bacteroidales;f__Tannerellaceae;g__Tannerella,0.08644499054087024,-0.1944847605224964,0.12871834473131932,0.9245742100295696,False
d__Bacteria;p__Firmicutes_A;c__Clostridia;o__Oscillospirales;f__Oscillospiraceae;g__CAG-83,0.26340019969017947,-0.12699564586357037,1.1296181062243598,0.9631274116315901,False
d__Bacteria;p__Bacteroidota;c__Bacteroidia;o__Bacteroidales;f__UBA932;g__Cryptobacteroides,0.22947141932678394,0.1364296081277213,1.1127169724498143,0.9631274116315901,False
d__Bacteria;p__Firmicutes;c__Bacilli;o__Lactobacillales;f__Streptococcaceae;g__Lactococcus,0.33752451814959394,0.10885341074020316,-1.1991838488355486,0.9631274116315901,False
d__Bacteria;p__Proteobacteria;c__Gammaproteobacteria;o__Pseudomonadales;f__Pseudomonadaceae;g__Pseudomonas,0.3489037380212854,-0.10123367198838906,6.069607758291156,0.9631274116315901,False
d__Bacteria;p__Bacteroidota;c__Bacteroidia;o__Bacteroidales;f__Rikenellaceae;g__Rikenella,0.3712141569498987,0.10159651669085634,-0.7287446110060715,0.9631274116315901,False
d__Bacteria;p__Proteobacteria;c__Gammaproteobacteria;o__Burkholderiales;f__Burkholderiaceae;g__Burkholderia,0.22768754545621284,0.1367924528301887,-0.5422754563629388,0.9631274116315901,False
d__Bacteria;p__Actinobacteriota;c__Actinomycetia;o__Streptomycetales;f__Streptomycetaceae;g__Streptomyces,0.5662278051803039,-0.06531204644412192,0.008576801188996784,0.9684073134281785,False
d__Bacteria;p__Firmicutes_A;c__Clostridia;o__Christensenellales;f__CAG-552;g__UBA10677,0.9895216240041927,-0.0018142235123366213,-0.022698725798866323,0.9999342540345002,False
d__Bacteria;p__Firmicutes;c__Bacilli;o__Erysipelotrichales;f__Erysipelotrichaceae;g__Bulleidia,0.47881201245703875,-0.08055152394775034,-1.1105532984487634,0.9653324386089055,False
d__Bacteria;p__Firmicutes;c__Bacilli;o__Erysipelotrichales;f__Coprobacillaceae;g__Faecalibacillus,0.04121859516120503,-0.2314949201741654,-0.15109849807325917,0.9245742100295696,False
d__Bacteria;p__Firmicutes_A;c__Clostridia;o__Peptostreptococcales;f__Peptostreptococcaceae;g__Terrisporobacter,0.6605976795027066,-0.0500725689404935,-1.3993080463572598,0.9823494225683177,False
d__Bacteria;p__Proteobacteria;c__Gammaproteobacteria;o__Pseudomonadales;f__Halomonadaceae;g__Kushneria,0.20221105377366955,-0.1048621190130623,-0.6643098862916513,0.9526263217058536,False
d__Bacteria;p__Firmicutes_A;c__Clostridia;o__Oscillospirales;f__Acutalibacteraceae;g__Solibaculum,0.00813877871047375,0.2997097242380261,-1.1845839443504942,0.923680856214202,False
d__Bacteria;p__Bacteroidota;c__Bacteroidia;o__Bacteroidales;f__WCHB1-69;g__F23-D06,0.1731553758734924,0.15457184325108853,-0.2563210600694,0.9370326622901783,False
d__Bacteria;p__Firmicutes_A;c__Clostridia;o__Oscillospirales;f__Oscillospiraceae;g__Intestinimonas,0.12478406758596901,0.17416545718432508,-0.8196305095755064,0.9245742100295696,False
d__Bacteria;p__Firmicutes_A;c__Clostridia;o__Oscillospirales;f__Acutalibacteraceae;g__UMGS1532,0.22452238766110466,0.13788098693759077,-0.3247988878391895,0.9631274116315901,False
d__Bacteria;p__Firmicutes_A;c__Clostridia;o__Lachnospirales;f__Lachnospiraceae;g__Lachnospira,0.1069853356586557,-0.18287373004354146,0.5808162504016898,0.9245742100295696,False
d__Bacteria;p__Firmicutes_A;c__Clostridia;o__Oscillospirales;f__Oscillospiraceae;g__CAJOIG01,0.5938451476367309,-0.05878084179970977,0.0907779814861916,0.9700473199511053,False
d__Bacteria;p__Firmicutes_A;c__Clostridia;o__Oscillospirales;f__Acutalibacteraceae;g__CAG-964,0.15467883485443382,-0.16110304789550067,0.2865117244401695,0.9245742100295696,False
d__Bacteria;p__Firmicutes;c__Bacilli;o__Erysipelotrichales;f__Coprobacillaceae;g__Stoquefichus,0.31951034464775907,-0.11175616835994195,1.5266661320879142,0.9631274116315901,False
d__Bacteria;p__Synergistota;c__Synergistia;o__Synergistales;f__Synergistaceae;g__Caccocola,0.1860477367392377,0.14949201741654572,-0.995873863667422,0.9405486338429472,False
d__Bacteria;p__Actinobacteriota;c__Coriobacteriia;o__Coriobacteriales;f__Eggerthellaceae;g__Raoultibacter,0.23180527759391922,0.10703918722786643,-0.2545170759667765,0.9631274116315901,False
d__Bacteria;p__Proteobacteria;c__Gammaproteobacteria;o__Burkholderiales;f__Burkholderiaceae;g__Ramlibacter,0.5523304627561031,-0.0660377358490567,0.9636316441171626,0.9684073134281785,False
d__Bacteria;p__Bacteroidota;c__Bacteroidia;o__Bacteroidales;f__Paludibacteraceae;g__UBA1754,0.39575550775648116,0.09361393323657474,-0.3996310527264574,0.9631274116315901,False
d__Bacteria;p__Firmicutes_A;c__Clostridia;o__Oscillospirales;f__Oscillospiraceae;g__MGBC124762,0.041157644013917784,-0.2314949201741654,0.41432197142935345,0.9245742100295696,False
d__Bacteria;p__Proteobacteria;c__Gammaproteobacteria;o__Enterobacterales;f__Alteromonadaceae;g__Pseudoalteromonas,0.32514402436089207,0.11175616835994195,-0.23115704627339298,0.9631274116315901,False
d__Bacteria;p__Firmicutes_A;c__Clostridia;o__Saccharofermentanales;f__UBA5734;g__UBA8949,0.822999004627853,0.020319303338171224,-1.2116743909131138,0.9927550055459772,False
d__Bacteria;p__Firmicutes;c__Bacilli;o__Bacillales;f__Bacillaceae_G;g__Bacillus_A,0.32996317769702144,0.11066763425253989,0.13808639896193706,0.9631274116315901,False
d__Bacteria;p__Firmicutes;c__Bacilli;o__Lactobacillales;f__Aerococcaceae;g__Aerococcus,0.06231455759436735,-0.20174165457184334,0.22098056562895646,0.9245742100295696,False
d__Bacteria;p__Firmicutes_A;c__Clostridia;o__Lachnospirales;f__Lachnospiraceae;g__Catenibacillus,0.277321385936226,0.12336719883889691,-1.7355216107780211,0.9631274116315901,False
d__Bacteria;p__Firmicutes_A;c__Clostridia;o__Oscillospirales;f__Ruminococcaceae;g__Bittarella,0.3695703443170497,0.10195936139332362,-0.06310148571764762,0.9631274116315901,False
d__Bacteria;p__Bacteroidota;c__Bacteroidia;o__Cytophagales;f__Spirosomaceae;g__Larkinella,0.8398797914477947,-0.022496371552975347,0.14593506492632796,0.9934511936686962,False
d__Bacteria;p__Proteobacteria;c__Gammaproteobacteria;o__Pseudomonadales;f__Moraxellaceae;g__Acinetobacter,0.21729432687232553,0.14005805515239478,-0.5840703552238601,0.9618062330606776,False
d__Bacteria;p__Firmicutes_A;c__Clostridia;o__Lachnospirales;f__CAG-274;g__HGM11788,0.402789448879616,0.09506531204644408,-0.38285711225518126,0.9631274116315901,False
d__Bacteria;p__Firmicutes;c__Bacilli;o__Erysipelotrichales;f__Erysipelotrichaceae;g__Faecalitalea,0.10324569940587196,-0.18359941944847602,1.7348057591445298,0.9245742100295696,False
d__Bacteria;p__Firmicutes;c__Bacilli;o__Erysipelotrichales;f__Erysipelotrichaceae;g__Dielma,0.9717968682122947,0.004354136429608135,-0.4874138055909976,0.9999342540345002,False
d__Bacteria;p__Firmicutes_A;c__Clostridia;o__Oscillospirales;f__Acutalibacteraceae;g__Clostridium_E,0.6977825849159368,-0.04426705370101591,0.05043568084305731,0.9823494225683177,False
d__Bacteria;p__Firmicutes_A;c__Clostridia;o__Oscillospirales;f__Acutalibacteraceae;g__CAG-488,0.2525435405331006,-0.12989840348330906,0.6627476117856977,0.9631274116315901,False
d__Bacteria;p__Bacteroidota;c__Bacteroidia;o__Bacteroidales;f__P3;g__UBA1219,0.9717654524774466,0.0036284470246734646,1.1127931104123352,0.9999342540345002,False
d__Bacteria;p__Proteobacteria;c__Gammaproteobacteria;o__Burkholderiales;f__Burkholderiaceae;g__Parasutterella,0.7077072232868779,0.04281567489114657,-0.37604535298268876,0.9850029119984386,False
d__Bacteria;p__Bacteroidota;c__Bacteroidia;o__Cytophagales;f__Spirosomaceae;g__Flectobacillus,0.2232378352997576,-0.11901306240928888,0.03337074643648206,0.9631274116315901,False
d__Bacteria;p__Firmicutes;c__Bacilli;o__Erysipelotrichales;f__Erysipelotrichaceae;g__Amedibacillus,0.8853137205090974,0.01669085631349787,0.16793667610822058,0.9944808495789663,False
d__Bacteria;p__Firmicutes;c__Bacilli;o__Erysipelotrichales;f__Coprobacillaceae;g__MGBC113645,0.26153517862963105,-0.11502177068214814,-1.4128252770227,0.9631274116315901,False
d__Bacteria;p__Firmicutes;c__Bacilli;o__Lactobacillales;f__Enterococcaceae;g__Enterococcus_A,0.7304910213316341,-0.03918722786647311,4.171424361001288,0.9861181920538787,False
d__Bacteria;p__Firmicutes;c__Bacilli;o__Lactobacillales;f__Lactobacillaceae;g__Lacticaseibacillus,0.7973195646846163,-0.029390420899854774,1.271449599452375,0.9923878677730211,False
d__Bacteria;p__Firmicutes_A;c__Clostridia;o__Lachnospirales;f__Lachnospiraceae;g__Coprococcus,0.04874408118313986,-0.2235123367198839,-0.3082787361197489,0.9245742100295696,False
d__Bacteria;p__Firmicutes_A;c__Clostridia;o__Oscillospirales;f__Ruminococcaceae;g__Firm-04,0.7171818907169378,-0.04136429608127723,0.18447096524405782,0.9861181920538787,False
d__Bacteria;p__Firmicutes_A;c__Clostridia;o__Oscillospirales;f__Acutalibacteraceae;g__Ruminococcus_E,0.6934624797625873,-0.044992743105950694,-0.9079464649887966,0.9823494225683177,False
d__Bacteria;p__Planctomycetota;c__Planctomycetia;o__Pirellulales;f__Pirellulaceae;g__Rubripirellula,0.478212979812214,0.062046444121915845,-0.4052169360998123,0.9653324386089055,False
d__Bacteria;p__Proteobacteria;c__Gammaproteobacteria;o__Enterobacterales;f__Enterobacteriaceae;g__Mixta,0.9969238096300271,0.0007256894049346707,1.4363078966025378,0.9999342540345002,False
d__Bacteria;p__Firmicutes_A;c__Clostridia;o__Lachnospirales;f__Lachnospiraceae;g__UBA3633,0.9502585470375889,-0.007256894049346929,0.4344105782704156,0.9999342540345002,False
d__Bacteria;p__Bacteroidota;c__Bacteroidia;o__Bacteroidales;f__Rikenellaceae;g__RGIG9113,0.9122715930883273,-0.012336719883889735,0.5747387780763017,0.9983915236170603,False
d__Bacteria;p__Bacteroidota;c__Bacteroidia;o__Flavobacteriales;f__Flavobacteriaceae;g__Zobellia,0.8831238257810589,0.01596516690856309,2.040073754957074,0.9944808495789663,False
d__Bacteria;p__Firmicutes_A;c__Clostridia;o__Lachnospirales;f__Lachnospiraceae;g__UBA2882,0.4669551559995432,-0.08272859216255446,0.08821216414477946,0.9636066785401232,False
d__Bacteria;p__Firmicutes_A;c__Clostridia;o__Lachnospirales;f__Lachnospiraceae;g__XBB1006,0.09787480899030968,-0.18722786647314948,0.3252299199222249,0.9245742100295696,False
d__Bacteria;p__Planctomycetota;c__Planctomycetia;o__Planctomycetales;f__Planctomycetaceae;g__Gimesia,0.6616226176711635,-0.037373004354136485,0.17090049394277013,0.9823494225683177,False
d__Bacteria;p__Firmicutes_A;c__Clostridia;o__Lachnospirales;f__Lachnospiraceae;g__SFDP01,0.1732133122619114,-0.15457184325108853,0.5598400857178496,0.9370326622901783,False
d__Bacteria;p__Firmicutes_A;c__Clostridia;o__Oscillospirales;f__Ruminococcaceae;g__Hydrogenoanaerobacterium,0.8100483724470736,-0.027576197387518153,-0.3143651531759522,0.9923878677730211,False
d__Bacteria;p__Firmicutes_A;c__Clostridia;o__Oscillospirales;f__Butyricicoccaceae;g__UBA4644,0.15290010693779954,-0.16219158200290273,0.48521392124419477,0.9245742100295696,False
d__Bacteria;p__Firmicutes;c__Bacilli;o__Bacillales_A;f__Planococcaceae;g__Metasolibacillus,0.8687802760964431,-0.01632801161103048,1.601909392210512,0.9940416947398667,False
d__Bacteria;p__Bacteroidota;c__Bacteroidia;o__Bacteroidales;f__Paludibacteraceae;g__MVYY01,0.07438043248644918,0.18359941944847602,-0.9905849217581696,0.9245742100295696,False
d__Bacteria;p__Firmicutes_A;c__Clostridia;o__Christensenellales;f__Borkfalkiaceae;g__Scatosoma,0.7268529208114709,-0.03991291727140789,0.06374910928987916,0.9861181920538787,False
d__Bacteria;p__Firmicutes_A;c__Clostridia;o__Lachnospirales;f__Lachnospiraceae;g__Johnsonella,0.4590814146012744,-0.0841799709724238,0.41704110578036085,0.9634738639855374,False
d__Bacteria;p__Bacteroidota;c__Chlorobia;o__Chlorobiales;f__Chlorobiaceae;g__Chlorobium,0.671748818193478,0.04825834542815677,-0.01339597019822222,0.9823494225683177,False
d__Bacteria;p__Bacteroidota;c__Bacteroidia;o__Cytophagales;f__Cyclobacteriaceae;g__Rhodonellum,0.940955194257187,-0.006531204644412147,-0.9416920904329916,0.9999342540345002,False
d__Bacteria;p__Actinobacteriota;c__Actinomycetia;o__Actinomycetales;f__Micrococcaceae;g__Rothia,0.7754548889330397,0.03265602322206096,0.524987965752088,0.9923878677730211,False
d__Bacteria;p__Firmicutes_A;c__Clostridia;o__Oscillospirales;f__Ruminococcaceae;g__WRAV01,0.5419507875825047,0.06023222060957911,-0.4226286221123465,0.9675572276869043,False
d__Bacteria;p__Bacteroidota;c__Bacteroidia;o__Flavobacteriales;f__Flavobacteriaceae;g__Kriegella,0.8213333451741622,0.018867924528301883,-0.07783335682795271,0.9923878677730211,False
d__Bacteria;p__Bacteroidota;c__Bacteroidia;o__Flavobacteriales;f__Flavobacteriaceae;g__MED-G13,0.3901425322097316,-0.07510885341074025,-0.5699097110053335,0.9631274116315901,False
d__Bacteria;p__Bacteroidota;c__Bacteroidia;o__Bacteroidales;f__UBA10428;g__UBA5072,0.022475294510405,0.25435413642960814,-0.7781953084423622,0.923680856214202,False
d__Bacteria;p__Proteobacteria;c__Gammaproteobacteria;o__Burkholderiales;f__Burkholderiaceae;g__Rubrivivax,0.9127184351043387,0.012699564586357015,-0.16191883635822585,0.9983915236170603,False
d__Bacteria;p__Firmicutes_A;c__Clostridia;o__Christensenellales;f__CAG-138;g__UBA7703,0.8882078624093575,-0.014876632801161138,0.08008287981820308,0.996152794920609,False
d__Bacteria;p__Firmicutes;c__Bacilli;o__Acholeplasmatales;f__Anaeroplasmataceae;g__Pelethenecus,0.26420668624037,-0.1266328011611031,0.16914273057107876,0.9631274116315901,False
d__Bacteria;p__Bacteroidota;c__Bacteroidia;o__Bacteroidales;f__Bacteroidaceae;g__RGIG8745,0.9897607307186896,0.0018142235123367323,-0.4503027461431662,0.9999342540345002,False
d__Bacteria;p__Bacteroidota;c__Bacteroidia;o__Bacteroidales;f__Coprobacteraceae;g__Coprobacter,0.6467545247605324,0.05224963715529751,-0.8222339413900012,0.981873170343713,False
d__Bacteria;p__Bacteroidota;c__Bacteroidia;o__Bacteroidales;f__Bacteroidaceae;g__Paraprevotella,0.885337338088058,-0.01669085631349776,0.7870999726763352,0.9944808495789663,False
d__Bacteria;p__Firmicutes;c__Bacilli;o__Bacillales_B;f__Bacillaceae_B;g__Rossellomorea,0.4394868610384236,0.08272859216255446,0.23296061020560566,0.9631274116315901,False
d__Bacteria;p__Bacteroidota;c__Bacteroidia;o__Flavobacteriales;f__Flavobacteriaceae;g__Psychroflexus,0.3979255862640284,0.09506531204644408,-0.40225812325300087,0.9631274116315901,False
d__Bacteria;p__Firmicutes_A;c__Clostridia;o__Lachnospirales;f__Lachnospiraceae;g__Merdenecus,0.48404754132541383,0.0761973875181422,-0.7167246629115313,0.9655791160136714,False
d__Bacteria;p__Firmicutes_A;c__Clostridia;o__Oscillospirales;f__UBA644;g__RGIG995,0.5339299877359589,-0.060957910014513894,1.5770263302450815,0.9675572276869043,False
d__Bacteria;p__Desulfobacterota;c__Desulfuromonadia;o__Geobacterales;f__Pseudopelobacteraceae;g__JACRCG01,0.4364896364991313,0.08635703918722781,-0.27359689255471936,0.9631274116315901,False
d__Bacteria;p__Proteobacteria;c__Gammaproteobacteria;o__Enterobacterales;f__Vibrionaceae;g__Enterovibrio,0.16268365163159582,-0.1291727140783745,0.6008293928609236,0.9245742100295696,False
d__Bacteria;p__Firmicutes_A;c__Clostridia;o__Lachnospirales;f__Lachnospiraceae;g__Choladousia,0.41017832765199425,-0.09361393323657485,0.17748785558636324,0.9631274116315901,False
d__Bacteria;p__Firmicutes_A;c__Clostridia;o__Oscillospirales;f__Oscillospiraceae;g__RGIG5644,0.7264770221511772,-0.029027576197387495,-0.01611522095186911,0.9861181920538787,False
d__Bacteria;p__Firmicutes_C;c__Negativicutes;o__Sporomusales;f__Sporomusaceae;g__Sporomusa,0.49311159764818047,0.0736574746008708,-3.8041652798558614,0.9655791160136714,False
d__Bacteria;p__Proteobacteria;c__Gammaproteobacteria;o__Enterobacterales;f__Alteromonadaceae;g__Alteromonas,0.2587644716104375,0.12772133526850504,-0.3831910756190945,0.9631274116315901,False
d__Bacteria;p__Firmicutes_A;c__Clostridia;o__Oscillospirales;f__Oscillospiraceae;g__Avoscillospira,0.9718642453308025,0.004354136429608135,-1.2058467561436796,0.9999342540345002,False
d__Bacteria;p__Desulfobacterota_I;c__Desulfovibrionia;o__Desulfovibrionales;f__Desulfovibrionaceae;g__Pseudodesulfovibrio,0.4274199031676198,0.0870827285921626,-0.2583902954796963,0.9631274116315901,False
d__Bacteria;p__Bacteroidota;c__Bacteroidia;o__Flavobacteriales;f__Crocinitomicaceae;g__UBA4466,0.25998795229101945,-0.11175616835994195,0.7924533403181523,0.9631274116315901,False
d__Bacteria;p__Firmicutes_A;c__Clostridia;o__Lachnospirales;f__Lachnospiraceae;g__JAAYNV01,0.09867836956512288,-0.1868650217706822,0.5434993624120498,0.9245742100295696,False
d__Bacteria;p__Firmicutes_A;c__Clostridia;o__Lachnospirales;f__Lachnospiraceae;g__JAGOGN01,0.11063200727031146,-0.17271407837445563,0.1356459032443322,0.9245742100295696,False
d__Bacteria;p__Proteobacteria;c__Gammaproteobacteria;o__Pseudomonadales;f__Cellvibrionaceae;g__Teredinibacter,0.11289588736260658,0.14005805515239478,-0.8950017698224048,0.9245742100295696,False
d__Bacteria;p__Bacteroidota;c__Bacteroidia;o__Bacteroidales;f__Paludibacteraceae;g__UPXZ01,0.22210534402966842,0.13788098693759077,-0.40732239200045217,0.9631274116315901,False
d__Bacteria;p__Bacteroidota;c__Bacteroidia;o__Bacteroidales;f__Marinifilaceae;g__RGIG9079,0.38480361752862857,0.09869375907111755,0.017022813934972934,0.9631274116315901,False
d__Bacteria;p__Bacteroidota;c__Bacteroidia;o__Flavobacteriales;f__Flavobacteriaceae;g__Muricauda,0.8500253716317715,-0.021770682148040565,0.12360326282443845,0.9936956658403527,False
d__Bacteria;p__Firmicutes;c__Bacilli;o__Lactobacillales;f__Lactobacillaceae;g__Companilactobacillus,0.1276495067235274,-0.16872278664731488,1.1879809123066654,0.9245742100295696,False
d__Bacteria;p__Proteobacteria;c__Gammaproteobacteria;o__Enterobacterales;f__Enterobacteriaceae;g__Jejubacter,0.5385420362912743,-0.05878084179970977,2.8783586133453576,0.9675572276869043,False
d__Bacteria;p__Proteobacteria;c__Gammaproteobacteria;o__Pseudomonadales;f__Moraxellaceae;g__Psychrobacter,0.39919438417868414,0.09579100145137875,0.8196854832275154,0.9631274116315901,False
d__Bacteria;p__Firmicutes_A;c__Clostridia;o__Christensenellales;f__CAG-74;g__Firm-10,0.2547694969283856,-0.12808417997097243,0.4248564915849376,0.9631274116315901,False
d__Bacteria;p__Bacteroidota;c__Bacteroidia;o__Flavobacteriales;f__Flavobacteriaceae;g__GCA-002401385,0.8854694958632849,0.013788098693759077,-0.3287744939798944,0.9944808495789663,False
d__Bacteria;p__Firmicutes_A;c__Clostridia;o__Lachnospirales;f__Lachnospiraceae;g__Extibacter,0.06353083564550938,0.2104499274310595,-1.7572026028577745,0.9245742100295696,False
d__Bacteria;p__Proteobacteria;c__Gammaproteobacteria;o__Xanthomonadales;f__Xanthomonadaceae;g__Stenotrophomonas,0.9157621164282517,0.012336719883889735,-0.72641598508766,0.9983915236170603,False
d__Bacteria;p__Firmicutes_A;c__Clostridia;o__Oscillospirales;f__Ruminococcaceae;g__UMGS1601,0.9691834519098682,0.004716981132075526,-0.19738457258665978,0.9999342540345002,False
d__Bacteria;p__Firmicutes;c__Bacilli;o__RF39;f__UBA660;g__Aphodocola,0.409058371118431,-0.08200290275761968,1.005374797266657,0.9631274116315901,False
d__Bacteria;p__Firmicutes_A;c__Clostridia;o__Lachnospirales;f__Lachnospiraceae;g__KLE1615,0.31738412156512574,-0.11357039187227858,0.32030328248683143,0.9631274116315901,False
d__Bacteria;p__Proteobacteria;c__Gammaproteobacteria;o__Enterobacterales;f__Vibrionaceae;g__Photobacterium,0.5552637816831488,-0.06712626995645854,0.04536453002486403,0.9684073134281785,False
d__Bacteria;p__Firmicutes_A;c__Clostridia;o__Lachnospirales;f__Lachnospiraceae;g__Oribacterium,0.9183232149395736,-0.011973875181422455,0.07603739716535236,0.9984153263183771,False
d__Bacteria;p__Actinobacteriota;c__Coriobacteriia;o__Coriobacteriales;f__Atopobiaceae;g__NM07-P-09,0.41111632361738104,0.0761973875181422,-1.170268818679959,0.9631274116315901,False
d__Bacteria;p__Firmicutes_A;c__Clostridia;o__Oscillospirales;f__Ruminococcaceae;g__Avimicrobium,0.402911409013461,0.09506531204644408,-0.8825051885038598,0.9631274116315901,False
d__Bacteria;p__Bacteroidota;c__Bacteroidia;o__Bacteroidales;f__UBA932;g__Coprenecus,0.424884291491479,0.09071117561683595,0.3438143409428167,0.9631274116315901,False
d__Bacteria;p__Cyanobacteria;c__Vampirovibrionia;o__Gastranaerophilales;f__Gastranaerophilaceae;g__Stercorousia,0.28016572787209304,-0.12264150943396235,2.525647858311809,0.9631274116315901,False
d__Bacteria;p__Firmicutes_A;c__Clostridia;o__Lachnospirales;f__Lachnospiraceae;g__Dorea_A,0.9565543003830523,0.006531204644412147,0.10807435702150293,0.9999342540345002,False
d__Bacteria;p__Firmicutes;c__Bacilli;o__Lactobacillales;f__Aerococcaceae;g__Fundicoccus,0.4475576267110962,0.06458635703918725,-0.6862556326831284,0.9631274116315901,False
d__Bacteria;p__Firmicutes_A;c__Clostridia;o__Lachnospirales;f__Lachnospiraceae;g__AC2028,0.24993971008651483,-0.13062409288824384,0.4031346881175374,0.9631274116315901,False
d__Bacteria;p__Firmicutes_A;c__Clostridia;o__Oscillospirales;f__Oscillospiraceae;g__Dysosmobacter,0.6746337191553475,-0.04789550072568938,-0.05839944235730848,0.9823494225683177,False
d__Bacteria;p__Firmicutes_A;c__Clostridia;o__Lachnospirales;f__Lachnospiraceae;g__Butyrivibrio,0.1711993245788116,-0.1552975326560233,0.24210982734915648,0.9350885895849269,False
d__Bacteria;p__Bacteroidota;c__Bacteroidia;o__Flavobacteriales;f__Flavobacteriaceae;g__Seonamhaeicola,0.1534364369275989,-0.13715529753265598,0.6959494837386772,0.9245742100295696,False
d__Bacteria;p__Firmicutes_A;c__Clostridia;o__Oscillospirales;f__Acutalibacteraceae;g__UMGS856,0.38158955589446897,0.09941944847605222,-0.6893165277049871,0.9631274116315901,False
d__Bacteria;p__Firmicutes;c__Bacilli;o__Staphylococcales;f__Staphylococcaceae;g__Macrococcus_B,0.857975776684509,0.01632801161103048,-0.019722991947005428,0.9940416947398667,False
d__Bacteria;p__Bacteroidota;c__Bacteroidia;o__Bacteroidales;f__Bacteroidaceae;g__HGM04593,0.5447291984429268,0.06894049346879538,-0.5346954442433544,0.9675572276869043,False
d__Bacteria;p__Firmicutes;c__Bacilli;o__RF39;f__UBA660;g__UMGS872,0.8172092561447136,-0.02648766328011609,-2.1206045602154964,0.9923878677730211,False
d__Bacteria;p__Firmicutes;c__Bacilli;o__RF39;f__UBA660;g__Caccenecus,0.8751879600817168,0.018142235123367212,-1.2805012364560577,0.9940416947398667,False
d__Bacteria;p__Firmicutes_A;c__Clostridia;o__Lachnospirales;f__Lachnospiraceae;g__Mediterraneibacter,0.9718802858317726,-0.004354136429608024,-0.3424132219653144,0.9999342540345002,False
d__Bacteria;p__Firmicutes_A;c__Clostridia;o__Lachnospirales;f__Lachnospiraceae;g__UBA2821,0.11632773171099929,-0.17815674891146593,0.17590705363808018,0.9245742100295696,False
d__Bacteria;p__Bacteroidota;c__Bacteroidia;o__Bacteroidales;f__Marinifilaceae;g__Odoribacter,0.3127657446860843,-0.11465892597968064,0.642639523543046,0.9631274116315901,False
d__Bacteria;p__Bacteroidota;c__Bacteroidia;o__Bacteroidales;f__Bacteroidaceae;g__Bacteroides_H,0.20900701823104528,0.14259796806966618,-0.3546406757001822,0.9578570186005568,False
d__Bacteria;p__Proteobacteria;c__Alphaproteobacteria;o__Rhodobacterales;f__Rhodobacteraceae;g__Pseudooceanicola,0.7511965374545351,0.028301886792452824,-0.41469370891899504,0.9861181920538787,False
d__Bacteria;p__Firmicutes_A;c__Clostridia;o__Tissierellales;f__Peptoniphilaceae;g__Peptoniphilus,0.9658430502208076,-0.004354136429608024,0.8522634355553188,0.9999342540345002,False
d__Bacteria;p__Proteobacteria;c__Gammaproteobacteria;o__Burkholderiales;f__Burkholderiaceae;g__Pelomonas,0.2784198733155021,-0.10595065312046437,0.020262998479518117,0.9631274116315901,False
d__Bacteria;p__Firmicutes_A;c__Clostridia;o__Oscillospirales;f__Acutalibacteraceae;g__Clostridium_A,0.16428181712917322,0.1578374455732946,-1.1241271956759897,0.9245742100295696,False
d__Bacteria;p__Bacteroidota;c__Bacteroidia;o__Bacteroidales;f__F082;g__SZUA-53,0.8959901581380485,0.013788098693759077,-0.12908969302064568,0.9983915236170603,False
d__Bacteria;p__Firmicutes_A;c__Clostridia;o__Lachnospirales;f__Lachnospiraceae;g__Scybalomonas,0.3490543055769991,0.10631349782293176,-1.5795134421213834,0.9631274116315901,False
d__Bacteria;p__Firmicutes;c__Bacilli;o__Erysipelotrichales;f__Erysipelotrichaceae;g__UBA636,0.6886107371054455,-0.045718432510885254,0.10145805421131752,0.9823494225683177,False
d__Bacteria;p__Bacteroidota;c__Bacteroidia;o__Cytophagales;f__Spirosomaceae;g__Runella,0.032285363993655676,0.24020319303338167,-0.323690661804095,0.923680856214202,False
d__Bacteria;p__Firmicutes_A;c__Clostridia;o__Lachnospirales;f__Lachnospiraceae;g__VUNI01,0.06443967683881584,-0.20972423802612483,0.8552473258566154,0.9245742100295696,False
d__Bacteria;p__Desulfobacterota;c__Desulfobulbia;o__Desulfobulbales;f__Desulfobulbaceae;g__Desulfobulbus,0.8594126644726555,-0.014876632801161138,0.19965683752136987,0.9940416947398667,False
d__Bacteria;p__Bacteroidota;c__Bacteroidia;o__Flavobacteriales;f__Flavobacteriaceae;g__Flavobacterium,0.5837060771874443,0.062409288824383125,-0.3622018719928691,0.9700473199511053,False
d__Bacteria;p__Bacteroidota;c__Bacteroidia;o__Chitinophagales;f__Saprospiraceae;g__M3007,0.10284084749799727,0.1843251088534107,-0.17218618645347805,0.9245742100295696,False
d__Bacteria;p__Actinobacteriota;c__Actinomycetia;o__Actinomycetales;f__Micrococcaceae;g__Specibacter,0.19894120902834966,-0.14332365747460085,1.0615300597820074,0.9526263217058536,False
d__Bacteria;p__Proteobacteria;c__Gammaproteobacteria;o__Burkholderiales;f__Neisseriaceae;g__QFNR01,0.771330832494214,0.03265602322206096,-0.3251503160945869,0.9917110703497036,False
d__Bacteria;p__Firmicutes_A;c__Clostridia;o__Peptostreptococcales;f__Peptostreptococcaceae;g__Peptacetobacter,0.9463346246985825,-0.007982583454281489,-0.4487730796455333,0.9999342540345002,False
d__Bacteria;p__Bacteroidota;c__Bacteroidia;o__Cytophagales;f__Flammeovirgaceae;g__Flammeovirga,0.6860279657885102,0.046081277213352645,2.0731864463102565,0.9823494225683177,False
d__Bacteria;p__Bacteroidota;c__Bacteroidia;o__Bacteroidales;f__Rikenellaceae;g__DSM-108975,0.6213504767540629,-0.055152394775036306,-0.7582350929772168,0.9735426534685343,False
d__Bacteria;p__Bacteroidota;c__Bacteroidia;o__Bacteroidales;f__Dysgonomonadaceae;g__Petrimonas,0.6540718405976791,-0.05079825834542806,0.6504089311217383,0.9823494225683177,False
d__Bacteria;p__Proteobacteria;c__Gammaproteobacteria;o__Enterobacterales;f__Succinivibrionaceae;g__Succinivibrio,0.837500074193114,-0.02358490566037741,-0.720698393346938,0.9934511936686962,False
d__Bacteria;p__Firmicutes_A;c__Clostridia;o__Oscillospirales;f__Ruminococcaceae;g__Ruthenibacterium,0.277321385936226,0.12336719883889691,-0.9089372896287361,0.9631274116315901,False
d__Bacteria;p__Cyanobacteria;c__Cyanobacteriia;o__Cyanobacteriales;f__Nostocaceae;g__Nostoc,0.24757543797846082,-0.12989840348330906,0.7548886072450943,0.9631274116315901,False
d__Bacteria;p__Firmicutes_A;c__Clostridia;o__Lachnospirales;f__Lachnospiraceae;g__Scatomonas,0.44182577539760737,0.08744557329462987,-0.7517030098588944,0.9631274116315901,False
d__Bacteria;p__Bacteroidota;c__Bacteroidia;o__Bacteroidales;f__Bacteroidaceae;g__Bacteroides_G,0.10548919315348673,0.18359941944847602,-0.2428477021778122,0.9245742100295696,False
d__Bacteria;p__Firmicutes_A;c__Clostridia;o__Oscillospirales;f__Ruminococcaceae;g__Marseille-P2935,0.5660897267045033,-0.06422351233671986,-0.8363575833961531,0.9684073134281785,False
d__Bacteria;p__Firmicutes_A;c__Clostridia;o__Oscillospirales;f__CAG-272;g__UMGS1865,0.630732499698824,-0.05478955007256903,0.4482796761424365,0.9735426534685343,False
d__Bacteria;p__Actinobacteriota;c__Actinomycetia;o__Streptosporangiales;f__Streptosporangiaceae;g__Spirillospora,0.4552442850405113,0.08490566037735847,-0.27534750576512784,0.9631274116315901,False
d__Bacteria;p__Firmicutes_A;c__Clostridia;o__UBA1381;f__UBA9506;g__UMGS755,0.7351690513036785,-0.03846153846153855,0.19010612400047663,0.9861181920538787,False
d__Bacteria;p__Proteobacteria;c__Gammaproteobacteria;o__Pseudomonadales;f__Halomonadaceae;g__Halomonas,0.6330033864052811,-0.054426705370101525,0.10174697817845557,0.9735426534685343,False
d__Bacteria;p__Actinobacteriota;c__Actinomycetia;o__Mycobacteriales;f__Mycobacteriaceae;g__Lawsonella,0.6295579078895587,0.054789550072568916,3.180672961682912,0.9735426534685343,False
d__Bacteria;p__Firmicutes_C;c__Negativicutes;o__Acidaminococcales;f__Acidaminococcaceae;g__Phascolarctobacterium,0.43224198954779347,0.08925979680696661,0.10463656003983832,0.9631274116315901,False
d__Bacteria;p__Firmicutes_A;c__Clostridia;o__Christensenellales;f__CAG-74;g__Ventricola,0.16524505263240186,-0.1574746008708272,1.1825017428101965,0.9245742100295696,False
d__Bacteria;p__Bacteroidota;c__Bacteroidia;o__Bacteroidales;f__Rikenellaceae;g__Alistipes_A,0.2593168724539673,-0.12808417997097243,-0.28953918809844137,0.9631274116315901,False
d__Bacteria;p__Bacteroidota;c__Bacteroidia;o__Sphingobacteriales;f__Sphingobacteriaceae;g__Daejeonella,0.8374699601410638,-0.022133526850508067,0.12308430020592419,0.9934511936686962,False
d__Bacteria;p__Firmicutes_A;c__Clostridia;o__Lachnospirales;f__Lachnospiraceae;g__Faecalimonas,0.610384513874678,0.05805515239477499,-0.21366699461658442,0.9735426534685343,False
d__Bacteria;p__Firmicutes_A;c__Clostridia;o__Christensenellales;f__QALW01;g__UMGS1322,0.7853051609653822,-0.031204644412191618,0.2687480142286581,0.9923878677730211,False
d__Bacteria;p__Firmicutes_A;c__Clostridia;o__Oscillospirales;f__Ruminococcaceae;g__Faecivivens,0.6239703084082304,0.055152394775036306,-0.14378088996240157,0.9735426534685343,False
d__Bacteria;p__Bacteroidota;c__Bacteroidia;o__Bacteroidales;f__Bacteroidaceae;g__UBA1786,0.7803699276129966,0.03193033381712629,-0.022781556183380486,0.9923878677730211,False
d__Bacteria;p__Proteobacteria;c__Gammaproteobacteria;o__Enterobacterales;f__Enterobacteriaceae;g__Serratia,0.5107284782585596,-0.07184325108853407,1.3006418618813804,0.96672689681827,False
d__Bacteria;p__Firmicutes_A;c__Clostridia;o__Lachnospirales;f__Lachnospiraceae;g__Acetitomaculum,0.5013010209277651,-0.0682148040638606,0.7648323158642776,0.9655791160136714,False
d__Bacteria;p__Firmicutes_A;c__Clostridia;o__Oscillospirales;f__Oscillospiraceae;g__Galloscillospira_A,0.13395012987272326,0.16981132075471694,-1.5589294923733443,0.9245742100295696,False
d__Bacteria;p__Bacteroidota;c__Bacteroidia;o__Cytophagales;f__Cyclobacteriaceae;g__PWU20,0.23120674813096587,-0.0950653120464442,1.7047049063717006,0.9631274116315901,False
d__Bacteria;p__Firmicutes_A;c__Clostridia;o__Christensenellales;f__CAG-138;g__PeH17,0.043103565723263446,-0.2293178519593615,1.6272196216187167,0.9245742100295696,False
d__Bacteria;p__Bacteroidota;c__Bacteroidia;o__Bacteroidales;f__Bacteroidaceae;g__UBA4293,0.814822680995477,-0.02685050798258337,0.07985239236949357,0.9923878677730211,False
d__Bacteria;p__Firmicutes_A;c__Clostridia;o__Oscillospirales;f__Acutalibacteraceae;g__UBA945,0.7631903009797355,-0.03447024673439758,-0.12507641268878902,0.9889498781900884,False
d__Bacteria;p__Bacteroidota;c__Bacteroidia;o__Bacteroidales;f__Rikenellaceae;g__Alistipes,0.6746337191553475,0.04789550072568938,-0.5962674647428703,0.9823494225683177,False
d__Bacteria;p__Proteobacteria;c__Gammaproteobacteria;o__Enterobacterales;f__Enterobacteriaceae;g__Pseudescherichia,0.554606203356032,-0.053701015965166965,2.2751536789248505,0.9684073134281785,False
d__Bacteria;p__Firmicutes;c__Bacilli;o__Paenibacillales;f__Paenibacillaceae;g__Paenibacillus_B,0.5247180985936393,-0.0660377358490567,0.11948015131199434,0.9675572276869043,False
d__Bacteria;p__Firmicutes;c__Bacilli;o__Lactobacillales;f__Enterococcaceae;g__Enterococcus,0.12424046870521424,-0.1741654571843252,4.356801682931424,0.9245742100295696,False
d__Bacteria;p__Proteobacteria;c__Alphaproteobacteria;o__Rhizobiales;f__Xanthobacteraceae;g__Bradyrhizobium,0.5749355314033213,-0.06386066763425258,-1.093053262252879,0.9684073134281785,False
d__Bacteria;p__Bacteroidota;c__Bacteroidia;o__Bacteroidales;f__Tannerellaceae;g__Marseille-P3160,0.11889331017681268,0.17525399129172714,-0.8934444185969395,0.9245742100295696,False
d__Bacteria;p__Firmicutes_A;c__Clostridia;o__UMGS1810;f__UMGS1810;g__NSJ-50,0.28233519492963755,-0.12191582002902757,0.16144592906392286,0.9631274116315901,False
d__Bacteria;p__Firmicutes;c__Bacilli;o__Lactobacillales;f__Lactobacillaceae;g__Lactobacillus,0.5662267989292015,-0.06531204644412192,0.9197602828825392,0.9684073134281785,False
d__Bacteria;p__Firmicutes_A;c__Clostridia;o__Christensenellales;f__CAG-74;g__SFHK01,0.19189927541984364,-0.14296081277213357,0.32958917647887553,0.9451858659598089,False
d__Bacteria;p__Firmicutes_A;c__Clostridia;o__Lachnospirales;f__Lachnospiraceae;g__SIG332,0.6175450295486258,-0.05660377358490565,-0.3201968088947972,0.9735426534685343,False
d__Bacteria;p__Bacteroidota;c__Bacteroidia;o__Bacteroidales;f__Tannerellaceae;g__Parabacteroides,0.3127657446860843,0.11465892597968075,0.29840066873134136,0.9631274116315901,False
d__Bacteria;p__Firmicutes_A;c__Clostridia;o__Lachnospirales;f__Lachnospiraceae;g__RUG11237,0.26884215302809866,-0.12554426705370103,-0.44454171769614004,0.9631274116315901,False
d__Bacteria;p__Proteobacteria;c__Gammaproteobacteria;o__Enterobacterales;f__Enterobacteriaceae;g__Mangrovibacter,0.28932757889449756,-0.09252539912917279,1.7942149711857847,0.9631274116315901,False
d__Bacteria;p__Firmicutes_A;c__Clostridia;o__Lachnospirales;f__Lachnospiraceae;g__RGIG8607,0.2793823688748164,0.12227866473149496,-0.4642234493180517,0.9631274116315901,False
d__Bacteria;p__Proteobacteria;c__Gammaproteobacteria;o__Enterobacterales;f__Shewanellaceae;g__Shewanella,0.6980771620507286,-0.04426705370101591,0.461786039718665,0.9823494225683177,False
d__Bacteria;p__Firmicutes_A;c__Clostridia;o__Oscillospirales;f__CAG-382;g__SFLA01,0.5248077233744559,-0.07002902757619744,-0.013196711994607264,0.9675572276869043,False
d__Bacteria;p__Firmicutes_A;c__Clostridia;o__Christensenellales;f__CAG-74;g__Pullichristensenella,0.3770579284501163,0.09978229317851961,-2.3238835066306747,0.9631274116315901,False
d__Bacteria;p__Bacteroidota;c__Bacteroidia;o__Cytophagales;f__Spirosomaceae;g__Arcicella,0.8598126371091311,0.018867924528301883,-0.547327793123402,0.9940416947398667,False
d__Bacteria;p__Bacteroidota;c__Bacteroidia;o__Cytophagales;f__Cyclobacteriaceae;g__Fabibacter,0.4511454046962271,-0.07256894049346885,0.5900287016226565,0.9631274116315901,False
d__Bacteria;p__Firmicutes_A;c__Clostridia;o__Lachnospirales;f__Lachnospiraceae;g__Merdimonas,0.810063343250453,-0.027576197387518153,-0.40348426655074215,0.9923878677730211,False
d__Bacteria;p__Bacteroidota;c__Bacteroidia;o__Flavobacteriales;f__Flavobacteriaceae;g__Gelidibacter,0.9041255514213168,0.013788098693759077,-0.24950764361142327,0.9983915236170603,False
d__Bacteria;p__Firmicutes_A;c__Clostridia;o__Lachnospirales;f__Lachnospiraceae;g__Choladocola,0.030782157890295803,-0.2449201741654572,0.6510081053955384,0.923680856214202,False
d__Bacteria;p__Actinobacteriota;c__Coriobacteriia;o__Coriobacteriales;f__Eggerthellaceae;g__Slackia_A,0.36771546778353703,-0.1023222060957909,0.26483377593425866,0.9631274116315901,False
d__Bacteria;p__Firmicutes;c__Bacilli;o__Erysipelotrichales;f__Erysipelotrichaceae;g__Longicatena,0.9922987182503346,0.0014513788098693414,-1.338380328575231,0.9999342540345002,False
d__Bacteria;p__Firmicutes_A;c__Clostridia;o__Lachnospirales;f__Lachnospiraceae;g__An181,0.5276102995251779,0.07184325108853407,-1.4470063404725,0.9675572276869043,False
d__Bacteria;p__Firmicutes_F;c__Halanaerobiia;o__Halanaerobiales;f__Halanaerobiaceae;g__Halanaerobium,0.7627050662854278,-0.0341074020319303,0.04477966030949364,0.9889498781900884,False
d__Bacteria;p__Proteobacteria;c__Gammaproteobacteria;o__Enterobacterales;f__Enterobacteriaceae;g__Trabulsiella,0.8376844378399686,-0.020319303338171224,0.26026594704215383,0.9934511936686962,False
d__Bacteria;p__Bacteroidota;c__Bacteroidia;o__Chitinophagales;f__Saprospiraceae;g__OLB9,0.13437026071384076,0.16944847605224966,-0.20791921143946543,0.9245742100295696,False
d__Bacteria;p__Proteobacteria;c__Gammaproteobacteria;o__Enterobacterales;f__Shewanellaceae;g__Parashewanella,0.013739970386792526,0.19883889695210455,-1.7236622463805247,0.923680856214202,False
d__Bacteria;p__Bacteroidota;c__Bacteroidia;o__Bacteroidales;f__Dysgonomonadaceae;g__Fermentimonas,0.12101282342555608,0.17561683599419453,-0.38300674503799936,0.9245742100295696,False
d__Bacteria;p__Firmicutes_A;c__Clostridia;o__Oscillospirales;f__Oscillospiraceae;g__Instestinimonas_A,0.078718225971753,0.19920174165457183,-0.8016577278461471,0.9245742100295696,False
d__Bacteria;p__Bacteroidota;c__Bacteroidia;o__Bacteroidales;f__Paludibacteraceae;g__UBA1723,0.5313195607562262,0.0711175616835994,-0.16865600338719577,0.9675572276869043,False
d__Bacteria;p__Firmicutes_A;c__Clostridia;o__Oscillospirales;f__Oscillospiraceae;g__WRMH01,0.7755678334096372,0.03193033381712629,-0.08876540874697474,0.9923878677730211,False
d__Bacteria;p__Proteobacteria;c__Alphaproteobacteria;o__Rhizobiales;f__Beijerinckiaceae;g__Methylobacterium,0.40586761653918835,0.09433962264150941,-0.3940019404222595,0.9631274116315901,False
d__Bacteria;p__Cyanobacteria;c__Cyanobacteriia;o__Pseudanabaenales;f__Pseudanabaenaceae;g__Pseudanabaena,0.025181090017330196,-0.2314949201741654,1.3071673744129073,0.923680856214202,False
d__Bacteria;p__Firmicutes;c__Bacilli;o__Bacillales_B;f__DSM-18226;g__Bacillus_D,0.6851608487015014,-0.037373004354136485,1.543351891771207,0.9823494225683177,False
d__Bacteria;p__Bacteroidota;c__Bacteroidia;o__Chitinophagales;f__Chitinophagaceae;g__SXYR01,0.8333862877303236,-0.022859216255442627,0.04616162246427646,0.9934511936686962,False
d__Bacteria;p__Firmicutes_A;c__Clostridia;o__Peptostreptococcales;f__Anaerovoracaceae;g__Aminipila,0.44701023591744593,0.08345428156748913,-0.6929471221146815,0.9631274116315901,False
d__Bacteria;p__Bacteroidota;c__Bacteroidia;o__Flavobacteriales;f__Weeksellaceae;g__Chryseobacterium,0.5705737545432421,0.06458635703918725,-0.32549738871601414,0.9684073134281785,False
d__Bacteria;p__Firmicutes_A;c__Clostridia;o__Oscillospirales;f__CAG-272;g__Firm-07,0.6103326819107473,-0.05805515239477499,0.22460345553890848,0.9735426534685343,False
d__Bacteria;p__Firmicutes;c__Bacilli;o__Bacillales_B;f__DSM-1321;g__Peribacillus,1.0,0.0,-1.5112795640521874,1.0,False
d__Bacteria;p__Firmicutes;c__Bacilli;o__RF39;f__UBA660;g__Onthousia,0.6745669282645251,0.04789550072568938,0.6209297057419856,0.9823494225683177,False
d__Bacteria;p__Bacteroidota;c__Bacteroidia;o__Bacteroidales;f__Marinilabiliaceae;g__Marinilabilia,0.1481215070110638,0.16255442670537013,-0.6154479645103437,0.9245742100295696,False
d__Bacteria;p__Firmicutes;c__Bacilli;o__RF39;f__UBA660;g__CAG-433,0.37685812233767335,0.08272859216255446,-3.851989029382628,0.9631274116315901,False
d__Bacteria;p__Bacteroidota;c__Bacteroidia;o__Bacteroidales;f__Prolixibacteraceae;g__Sunxiuqinia,0.9426302616615112,-0.00834542815674899,0.07957798129154409,0.9999342540345002,False
d__Bacteria;p__Proteobacteria;c__Gammaproteobacteria;o__Enterobacterales;f__Alteromonadaceae;g__Pseudidiomarina,0.9371525156129376,0.0079825834542816,0.057192868860153304,0.9999342540345002,False
d__Bacteria;p__Bacteroidota;c__Bacteroidia;o__Flavobacteriales;f__Weeksellaceae;g__Empedobacter,0.45448476517716874,0.07583454281567492,-0.26739541448655496,0.9631274116315901,False
d__Bacteria;p__Proteobacteria;c__Gammaproteobacteria;o__Enterobacterales;f__Succinivibrionaceae;g__Anaerobiospirillum,0.39446906667697657,-0.08998548621190139,-0.1556117885894011,0.9631274116315901,False
d__Bacteria;p__Bacteroidota;c__Bacteroidia;o__Bacteroidales;f__SZUA-534;g__RUG13583,0.4691144591785208,0.08200290275761979,-0.16145533389437022,0.9636066785401232,False
d__Bacteria;p__Firmicutes;c__Bacilli;o__RF39;f__UBA660;g__UBA3789,0.918288597839888,0.011973875181422344,-0.409512416424109,0.9984153263183771,False
d__Bacteria;p__Bacteroidota;c__Bacteroidia;o__Bacteroidales;f__Bacteroidaceae;g__JAAYUD01,0.7989681211240648,0.029027576197387495,-0.2901471860485218,0.9923878677730211,False
d__Bacteria;p__Proteobacteria;c__Alphaproteobacteria;o__RF32;f__CAG-239;g__51-20,0.9370683598515153,-0.00870827285921627,-0.13097871651916695,0.9999342540345002,False
d__Bacteria;p__Proteobacteria;c__Gammaproteobacteria;o__Enterobacterales;f__Enterobacteriaceae;g__Symbiopectobacterium,0.12324495309956593,-0.12227866473149485,1.1184079137417988,0.9245742100295696,False
d__Bacteria;p__Proteobacteria;c__Alphaproteobacteria;o__Caulobacterales;f__Caulobacteraceae;g__Brevundimonas,0.5497645381339443,-0.06785195936139332,0.16925735796470653,0.9684073134281785,False
d__Bacteria;p__Firmicutes_A;c__Clostridia;o__Lachnospirales;f__Lachnospiraceae;g__CAG-882,0.004387324852501411,-0.3229317851959361,4.110313530002466,0.923680856214202,False
d__Bacteria;p__Proteobacteria;c__Gammaproteobacteria;o__Enterobacterales;f__Alteromonadaceae;g__Colwellia,0.035441416598104576,-0.23076923076923084,1.7637375221025462,0.923680856214202,False
d__Bacteria;p__Actinobacteriota;c__Actinomycetia;o__Actinomycetales;f__Micrococcaceae;g__Arthrobacter_I,0.6264209431865819,-0.0500725689404935,0.1893559205918273,0.9735426534685343,False
d__Bacteria;p__Firmicutes_A;c__Clostridia;o__Oscillospirales;f__CAG-382;g__UBA1752,0.4826177798406529,-0.07982583454281578,0.23518976181070664,0.9655791160136714,False
d__Bacteria;p__Firmicutes_A;c__Clostridia;o__Lachnospirales;f__UBA1390;g__Faecimorpha,0.20788436947891087,0.14296081277213357,-0.8190191224448289,0.9578570186005568,False
d__Bacteria;p__Bacteroidota;c__Bacteroidia;o__Flavobacteriales;f__Flavobacteriaceae;g__Aquimarina,0.6536634000841273,-0.05116110304789556,0.05433296129621631,0.9823494225683177,False
d__Bacteria;p__Desulfobacterota_I;c__Desulfovibrionia;o__Desulfovibrionales;f__Desulfovibrionaceae;g__Solidesulfovibrio,0.23404166626840706,0.1052249637155298,-1.1584099602365197,0.9631274116315901,False
d__Bacteria;p__Spirochaetota;c__Spirochaetia;o__Treponematales;f__Termitinemataceae;g__WQXQ01,0.4021708089588699,-0.08853410740203183,0.25873571809221535,0.9631274116315901,False
d__Bacteria;p__Bacteroidota;c__Bacteroidia;o__Bacteroidales;f__G3-4614;g__Caccoplasma,0.47234495016186784,0.0816400580551524,0.11695068538264829,0.9636066785401232,False
d__Bacteria;p__Actinobacteriota;c__Coriobacteriia;o__Coriobacteriales;f__Eggerthellaceae;g__CAG-1427,0.5511330268249939,0.06785195936139332,-0.5313688916580968,0.9684073134281785,False
d__Bacteria;p__Firmicutes_A;c__Clostridia;o__Oscillospirales;f__CAG-272;g__RUG11130,0.5084941170870164,-0.06748911465892604,0.020567377590976273,0.9661899893538427,False
d__Bacteria;p__Firmicutes_A;c__Clostridia;o__Lachnospirales;f__Lachnospiraceae;g__UBA1258,0.5444411566574794,-0.06894049346879538,0.4097537664465527,0.9675572276869043,False
d__Bacteria;p__Bacteroidota;c__Bacteroidia;o__Flavobacteriales;f__Flavobacteriaceae;g__Polaribacter,0.47482323953892813,-0.08127721335268512,0.09287776491053124,0.9636066785401232,False
d__Bacteria;p__Firmicutes_A;c__Clostridia;o__Oscillospirales;f__Acutalibacteraceae;g__Fimivicinus,0.19871745610729852,0.14586357039187225,-0.30963844707551663,0.9526263217058536,False
d__Bacteria;p__Firmicutes_A;c__Clostridia;o__Oscillospirales;f__Ruminococcaceae;g__Faeciplasma,0.6652910266410388,0.04934687953555883,0.05322179571290768,0.9823494225683177,False
d__Bacteria;p__Firmicutes_A;c__Clostridia;o__Lachnospirales;f__Lachnospiraceae;g__MGBC114844,0.6813160365311046,-0.046806966618287316,0.015191283204793005,0.9823494225683177,False
d__Bacteria;p__Bdellovibrionota;c__Oligoflexia;o__Silvanigrellales;f__Silvanigrellaceae;g__Silvanigrella,0.7571245346147576,0.03229317851959357,-0.2720062618466855,0.98864602535577,False
d__Bacteria;p__Proteobacteria;c__Gammaproteobacteria;o__Enterobacterales;f__Enterobacteriaceae;g__Citrobacter_B,0.4021103771665232,-0.08490566037735858,0.27056042314316675,0.9631274116315901,False
d__Bacteria;p__Firmicutes_A;c__Clostridia;o__Oscillospirales;f__CAG-272;g__CAG-841,0.5302288813835458,-0.070754716981132,-0.10874586235312798,0.9675572276869043,False
d__Bacteria;p__Firmicutes;c__Bacilli;o__Lactobacillales;f__Streptococcaceae;g__Lactococcus_A,0.0374488533130156,0.22714078374455737,-1.7359659193298298,0.923680856214202,False
d__Bacteria;p__Firmicutes_A;c__Clostridia;o__Lachnospirales;f__Lachnospiraceae;g__RGIG1668,0.3917626192600674,-0.0972423802612481,0.5332186906198625,0.9631274116315901,False
d__Bacteria;p__Firmicutes;c__Bacilli;o__Bacillales_B;f__Jeotgalibacillaceae;g__Jeotgalibacillus,0.9788040729303428,-0.002539912917271403,-0.337697792007645,0.9999342540345002,False
d__Bacteria;p__Bacteroidota;c__Bacteroidia;o__Bacteroidales;f__WCHB1-69;g__UBA1756,0.5655335321897763,-0.06458635703918714,0.1743494800785472,0.9684073134281785,False
d__Bacteria;p__Proteobacteria;c__Alphaproteobacteria;o__Rhizobiales;f__Rhizobiaceae;g__Neorhizobium,0.6905720793370167,-0.04426705370101591,1.1601916550228821,0.9823494225683177,False
d__Bacteria;p__Bacteroidota;c__Bacteroidia;o__Chitinophagales;f__Chitinophagaceae;g__Lacibacter,0.2514183805566451,0.12989840348330917,-0.2607021946335068,0.9631274116315901,False
d__Bacteria;p__Firmicutes_A;c__Clostridia;o__Lachnospirales;f__Lachnospiraceae;g__CAG-632,0.17524495691907727,-0.15384615384615374,0.430570468354797,0.9382605408495559,False
d__Bacteria;p__Actinobacteriota;c__Actinomycetia;o__Actinomycetales;f__Micrococcaceae;g__Arthrobacter_D,0.832697961566885,-0.022496371552975347,1.5926915723215895,0.9934511936686962,False
d__Bacteria;p__Bacteroidota;c__Bacteroidia;o__Bacteroidales;f__Dysgonomonadaceae;g__UBA4179,0.5035863539945388,0.07583454281567492,-0.6824694227355586,0.9655791160136714,False
d__Bacteria;p__Firmicutes_A;c__Clostridia;o__Lachnospirales;f__Lachnospiraceae;g__CAG-127,0.33475805155326344,-0.10957910014513783,2.192151812867873,0.9631274116315901,False
d__Bacteria;p__Proteobacteria;c__Gammaproteobacteria;o__Enterobacterales;f__Enterobacteriaceae;g__Hafnia,0.5433752833894615,0.061683599419448454,0.01088991856293513,0.9675572276869043,False
d__Bacteria;p__Firmicutes_C;c__Negativicutes;o__Selenomonadales;f__Selenomonadaceae;g__Selenomonas_A,0.5111618300683142,-0.07474600870827275,1.8076291033630365,0.96672689681827,False
d__Bacteria;p__Firmicutes_A;c__Clostridia;o__Christensenellales;f__CAG-138;g__SFEL01,0.41003753834404555,-0.09361393323657485,4.440649659653708,0.9631274116315901,False
d__Bacteria;p__Firmicutes;c__Bacilli;o__Bacillales_A;f__Planococcaceae;g__Planococcus,0.9453265724713292,0.0079825834542816,0.1613109073381688,0.9999342540345002,False
d__Bacteria;p__Firmicutes_A;c__Clostridia;o__Peptostreptococcales;f__Anaerovoracaceae;g__Alangreenwoodia,0.1127804378042802,-0.17561683599419453,1.5146937986766214,0.9245742100295696,False
d__Bacteria;p__Firmicutes_C;c__Negativicutes;o__Veillonellales;f__Megasphaeraceae;g__UMGS915,0.335514358743935,-0.10921625544267055,0.40896898412689714,0.9631274116315901,False
d__Bacteria;p__Firmicutes_A;c__Clostridia;o__Lachnospirales;f__Anaerotignaceae;g__Fimicola,0.24675480477769418,-0.13062409288824384,0.4258184173746069,0.9631274116315901,False
d__Bacteria;p__Firmicutes_A;c__Clostridia;o__Christensenellales;f__Borkfalkiaceae;g__Borkfalkia,0.6012760185256846,-0.05950653120464433,0.23172141430663173,0.9700473199511053,False
d__Bacteria;p__Proteobacteria;c__Gammaproteobacteria;o__Pseudomonadales;f__Moraxellaceae;g__Moraxella,0.3338146766839585,-0.09216255442670529,-1.3842732804850009,0.9631274116315901,False
d__Bacteria;p__Proteobacteria;c__Gammaproteobacteria;o__Burkholderiales;f__Nitrosomonadaceae;g__Nitrosospira,0.35222774622640196,-0.08127721335268512,0.9752007186019511,0.9631274116315901,False
d__Bacteria;p__Firmicutes_A;c__Clostridia;o__Lachnospirales;f__Lachnospiraceae;g__UMGS1370,0.4175026541761855,0.0921625544267054,-0.3142109819037564,0.9631274116315901,False
d__Bacteria;p__Firmicutes_A;c__Clostridia;o__Oscillospirales;f__Acutalibacteraceae;g__Caccousia,0.9846593452414676,0.002539912917271403,-1.2597254998768743,0.9999342540345002,False
d__Bacteria;p__Firmicutes_C;c__Negativicutes;o__Selenomonadales;f__Selenomonadaceae;g__Megamonas,0.14300402921540306,0.1661828737300436,1.5549076116552834,0.9245742100295696,False
d__Bacteria;p__Bacteroidota;c__Bacteroidia;o__Flavobacteriales;f__Weeksellaceae;g__Epilithonimonas,0.388525627208411,0.09796806966618288,-3.8105372048746964,0.9631274116315901,False
d__Bacteria;p__Proteobacteria;c__Gammaproteobacteria;o__Enterobacterales;f__Enterobacteriaceae;g__Leclercia,1.0,0.0,2.40353721814615,1.0,False
d__Bacteria;p__Firmicutes_A;c__Clostridia;o__Oscillospirales;f__Ruminococcaceae;g__QAMM01,0.23447048006279303,0.13497822931785197,-0.7598232204044556,0.9631274116315901,False
d__Bacteria;p__Desulfobacterota_I;c__Desulfovibrionia;o__Desulfovibrionales;f__Desulfovibrionaceae;g__Mailhella,0.7029418925214697,0.04354136429608124,1.2282120738815778,0.984517242781874,False
d__Bacteria;p__Firmicutes_A;c__Clostridia;o__Christensenellales;f__CAG-138;g__UMGS946,0.08389175938758542,0.19593613933236576,-0.5942852527572743,0.9245742100295696,False
d__Bacteria;p__Firmicutes_A;c__Clostridia;o__Lachnospirales;f__Lachnospiraceae;g__CAG-510,0.3444780223784427,-0.10740203193033371,0.4908006968800245,0.9631274116315901,False
d__Bacteria;p__Proteobacteria;c__Alphaproteobacteria;o__Rhizobiales;f__Stappiaceae;g__Stappia,0.853613674307501,0.01596516690856309,-0.20328022746727473,0.9936956658403527,False
d__Bacteria;p__Firmicutes_A;c__Clostridia;o__Oscillospirales;f__Acutalibacteraceae;g__RGIG3009,0.8670185847671505,0.018867924528301883,-0.6873693426719522,0.9940416947398667,False
d__Bacteria;p__Firmicutes_A;c__Clostridia;o__Lachnospirales;f__Lachnospiraceae;g__Anaerocolumna,0.7389209476632154,-0.038098693759071045,-0.02360187535549557,0.9861181920538787,False
d__Bacteria;p__Firmicutes_A;c__Clostridia;o__Lachnospirales;f__Lachnospiraceae;g__Ventrimonas,0.3993361699638206,-0.09579100145137875,0.4110352094181664,0.9631274116315901,False
d__Bacteria;p__Firmicutes_A;c__Clostridia;o__Christensenellales;f__Christensenellaceae;g__QANA01,0.7286178454719823,-0.039550072568940386,-0.984820366032237,0.9861181920538787,False
d__Bacteria;p__Bacteroidota;c__Bacteroidia;o__Chitinophagales;f__Chitinophagaceae;g__Flavihumibacter,0.1149704251372216,-0.17489114658925975,0.44948268913552286,0.9245742100295696,False
d__Bacteria;p__Firmicutes_A;c__Clostridia;o__Lachnospirales;f__Lachnospiraceae;g__CAG-303,0.3712786336908803,-0.10159651669085634,0.6027247004226941,0.9631274116315901,False
d__Bacteria;p__Spirochaetota;c__Spirochaetia;o__Treponematales;f__Treponemataceae;g__Treponema_F,0.589443843274257,0.06059506531204639,0.24191093850348463,0.9700473199511053,False
d__Bacteria;p__Firmicutes_A;c__Clostridia;o__Lachnospirales;f__Lachnospiraceae;g__UBA2912,0.9563252695824441,0.006531204644412147,-0.2724937587816469,0.9999342540345002,False
d__Bacteria;p__Firmicutes;c__Bacilli;o__Lactobacillales;f__Aerococcaceae;g__Granulicatella,0.5490005228654474,0.06821480406386071,1.7707501075703598,0.9684073134281785,False
d__Bacteria;p__Actinobacteriota;c__Actinomycetia;o__Mycobacteriales;f__Mycobacteriaceae;g__Corynebacterium,0.8150372203049017,0.026850507982583482,2.569588594147978,0.9923878677730211,False
d__Bacteria;p__Firmicutes_A;c__Clostridia;o__Lachnospirales;f__Lachnospiraceae;g__Butyribacter,0.30969829547089267,-0.11538461538461542,1.5063809023542718,0.9631274116315901,False
d__Bacteria;p__Firmicutes_A;c__Clostridia;o__Lachnospirales;f__Lachnospiraceae;g__CAG-194,0.4868070300918397,-0.079100145137881,0.9288428341740249,0.9655791160136714,False
d__Bacteria;p__Firmicutes_A;c__Clostridia;o__Lachnospirales;f__Lachnospiraceae;g__Avilachnospira,0.5412237901150397,-0.06676342525399126,-0.5529410173875665,0.9675572276869043,False
d__Bacteria;p__Firmicutes_A;c__Clostridia;o__Christensenellales;f__Borkfalkiaceae;g__Coproplasma,0.19214205746987634,-0.14804063860667638,-0.3664697139535123,0.9451858659598089,False
d__Bacteria;p__Firmicutes_A;c__Clostridia;o__Oscillospirales;f__CAG-382;g__Woodwardibium,0.9048092463328093,-0.013788098693759077,-2.238015964470615,0.9983915236170603,False
d__Bacteria;p__Proteobacteria;c__Alphaproteobacteria;o__Rhizobiales;f__Rhizobiaceae;g__Allorhizobium,0.5944826015227285,-0.06023222060957911,0.3092963211133733,0.9700473199511053,False
d__Bacteria;p__Proteobacteria;c__Alphaproteobacteria;o__Rickettsiales;f__Rickettsiaceae;g__JAGOJE01,0.3595853270889363,0.10232220609579101,-0.4365293049397625,0.9631274116315901,False
d__Bacteria;p__Firmicutes_A;c__Clostridia;o__Lachnospirales;f__Lachnospiraceae;g__MGBC164599,0.5362380965906436,-0.07039187227866472,-0.42325291502432444,0.9675572276869043,False
d__Bacteria;p__Verrucomicrobiota;c__Verrucomicrobiae;o__Verrucomicrobiales;f__Akkermansiaceae;g__Akkermansia,0.3347593042184751,-0.10957910014513783,0.22121806045714337,0.9631274116315901,False
d__Bacteria;p__Proteobacteria;c__Gammaproteobacteria;o__Burkholderiales;f__Burkholderiaceae;g__Duodenibacillus,0.15569718531105853,-0.16110304789550067,1.0072199426806456,0.9245742100295696,False
d__Bacteria;p__Bacteroidota;c__Bacteroidia;o__Bacteroidales;f__WCHB1-69;g__UBA5429,0.031815698742027713,0.23367198838896952,-0.6421902150828775,0.923680856214202,False
d__Bacteria;p__Firmicutes_A;c__Clostridia;o__Oscillospirales;f__Ruminococcaceae;g__Metaruminococcus,0.31286020630558664,0.10087082728592167,0.12601408491860303,0.9631274116315901,False
d__Bacteria;p__Firmicutes_A;c__Clostridia;o__Lachnospirales;f__Lachnospiraceae;g__Fimousia,0.8751879600817168,-0.0181422351233671,-0.19356843975758897,0.9940416947398667,False
d__Bacteria;p__Actinobacteriota;c__Actinomycetia;o__Streptomycetales;f__Catenulisporaceae;g__Catenulispora,0.47043490280704114,-0.05950653120464433,0.7117807885266846,0.9636066785401232,False
d__Bacteria;p__Firmicutes_A;c__Clostridia;o__UBA1381;f__UBA1381;g__UBA4716,0.561887666037268,0.06603773584905659,-2.2041409045623266,0.9684073134281785,False
d__Bacteria;p__Firmicutes_A;c__Clostridia;o__Lachnospirales;f__Lachnospiraceae;g__RUG11200,0.5198030092573854,-0.06894049346879538,0.06064100645663929,0.9675572276869043,False
d__Bacteria;p__Firmicutes_A;c__Clostridia;o__Clostridiales;f__Clostridiaceae;g__Clostridium_AD,0.24282328476217308,0.1313497822931785,-0.4642273679782997,0.9631274116315901,False
d__Bacteria;p__Firmicutes_A;c__Clostridia;o__Oscillospirales;f__Butyricicoccaceae;g__Ventrousia,0.6788278412164143,0.046444121915820036,0.04074321368071398,0.9823494225683177,False
d__Bacteria;p__Firmicutes_A;c__Clostridia;o__Oscillospirales;f__Acutalibacteraceae;g__UBA6857,0.5770877662481821,-0.0634978229317853,-0.08478056330561738,0.9684073134281785,False
d__Bacteria;p__Firmicutes_A;c__Clostridia;o__Oscillospirales;f__CAG-272;g__UBA11512,0.6143108005961031,-0.05152394775036284,0.2783870002551568,0.9735426534685343,False
d__Bacteria;p__Firmicutes_A;c__Clostridia;o__Oscillospirales;f__CAG-272;g__UMGS1696,0.13285113440981083,-0.17053701015965173,1.350577996016766,0.9245742100295696,False
d__Bacteria;p__Firmicutes_A;c__Clostridia;o__Peptostreptococcales;f__Anaerovoracaceae;g__Mogibacterium,0.30813215891833645,-0.1132075471698113,0.522864893048243,0.9631274116315901,False
d__Bacteria;p__Firmicutes_A;c__Clostridia;o__Oscillospirales;f__Acutalibacteraceae;g__UMGS172,0.699687776736409,-0.04281567489114657,1.5084714730700655,0.9826965485724093,False
d__Bacteria;p__Firmicutes_A;c__Clostridia;o__Lachnospirales;f__Lachnospiraceae;g__Sporofaciens,0.9565543003830523,0.006531204644412147,-0.14185740380692713,0.9999342540345002,False
d__Bacteria;p__Firmicutes_A;c__Clostridia;o__Oscillospirales;f__Ruminococcaceae;g__QANG01,0.5858744169499782,0.062046444121915845,0.15026724507045275,0.9700473199511053,False
d__Bacteria;p__Proteobacteria;c__Gammaproteobacteria;o__Burkholderiales;f__Burkholderiaceae;g__Paraburkholderia,0.8125498261519724,0.027213352685050762,0.05544264870108835,0.9923878677730211,False
d__Bacteria;p__Proteobacteria;c__Gammaproteobacteria;o__Enterobacterales;f__Pasteurellaceae;g__Rodentibacter,0.42603197062041087,-0.08635703918722792,-3.735545592718922,0.9631274116315901,False
d__Bacteria;p__Firmicutes_A;c__Clostridia;o__Oscillospirales;f__Oscillospiraceae;g__Pseudoscilispira,0.8827981326469532,-0.01705370101596526,-0.6909594638016154,0.9944808495789663,False
d__Bacteria;p__Firmicutes_A;c__Clostridia;o__Oscillospirales;f__Ruminococcaceae;g__UBA1762,0.6647304098146685,-0.04825834542815666,0.1096043525490362,0.9823494225683177,False
d__Bacteria;p__Proteobacteria;c__Gammaproteobacteria;o__Burkholderiales;f__Rhodocyclaceae;g__Zoogloea,0.24718007521262408,0.12772133526850504,-0.6306924096292135,0.9631274116315901,False
d__Bacteria;p__Firmicutes;c__Bacilli;o__Brevibacillales;f__Brevibacillaceae;g__Brevibacillus,0.3994425069622297,-0.09288824383164007,-0.37467657491509454,0.9631274116315901,False
d__Bacteria;p__Bacteroidota;c__Bacteroidia;o__Bacteroidales;f__Paludibacteraceae;g__Paludibacter,0.26064919447757884,0.12772133526850504,-0.20923803040480873,0.9631274116315901,False
d__Bacteria;p__Cyanobacteria;c__Cyanobacteriia;o__Cyanobacteriales;f__Nostocaceae;g__Aulosira,0.19261635235553654,0.1396952104499274,-0.696997785575724,0.9451858659598089,False
d__Bacteria;p__Proteobacteria;c__Gammaproteobacteria;o__Enterobacterales;f__Alteromonadaceae;g__Rheinheimera,0.7285482610732692,-0.037735849056603765,0.30502454172285115,0.9861181920538787,False
d__Bacteria;p__Firmicutes_A;c__Clostridia;o__Oscillospirales;f__Ruminococcaceae;g__Fimivivens,0.8450171598226648,-0.022496371552975347,0.3035049035098866,0.9936956658403527,False
d__Bacteria;p__Firmicutes_A;c__Clostridia;o__Saccharofermentanales;f__DTU023;g__UBA4923,0.8455340612699895,-0.018867924528301883,-0.14020225796083527,0.9936956658403527,False
d__Bacteria;p__Firmicutes_A;c__Clostridia;o__Oscillospirales;f__Acutalibacteraceae;g__UMGS1491,0.9361102735865532,-0.009433962264151052,0.155312425845329,0.9999342540345002,False
d__Bacteria;p__Firmicutes_A;c__Clostridia;o__Oscillospirales;f__Oscillospiraceae;g__Oscillibacter,0.8903779452215331,0.01596516690856309,-0.08121035835499132,0.9972034241404112,False
d__Bacteria;p__Myxococcota;c__Myxococcia;o__Myxococcales;f__Myxococcaceae;g__Corallococcus,0.7402008770485909,-0.037373004354136485,0.7133920820626056,0.9861181920538787,False
d__Bacteria;p__Firmicutes_B;c__Peptococcia;o__DRI-13;f__UBA5745;g__WRMS01,0.5614836124378485,-0.055515239477503586,-0.2681550983479011,0.9684073134281785,False
d__Bacteria;p__Bacteroidota;c__Bacteroidia;o__Bacteroidales;f__UBA932;g__Bact-11,0.9055878871182745,0.013788098693759077,-0.25991794310561156,0.9983915236170603,False
d__Bacteria;p__Firmicutes_A;c__Clostridia;o__Oscillospirales;f__Ruminococcaceae;g__UBA7477,0.3157699974595165,-0.11248185776487674,0.9467106315064188,0.9631274116315901,False
d__Bacteria;p__Firmicutes_A;c__Clostridia;o__Oscillospirales;f__Acutalibacteraceae;g__JAGZMM01,0.7528844069723085,0.03592162554426703,0.7488050495591118,0.9866715788709012,False
d__Bacteria;p__Bacteroidota;c__Bacteroidia;o__Sphingobacteriales;f__Sphingobacteriaceae;g__Sphingobacterium,0.2447213994036177,0.13207547169811318,-0.12860651282453212,0.9631274116315901,False
d__Bacteria;p__Firmicutes_A;c__Clostridia;o__Lachnospirales;f__Lachnospiraceae;g__UBA6987,0.7072174327175506,0.04281567489114657,-0.017858004493140612,0.9850029119984386,False
d__Bacteria;p__Firmicutes_A;c__Clostridia;o__Oscillospirales;f__CAG-272;g__QALR01,0.3477389268011424,-0.10667634252539915,3.3913119375286236,0.9631274116315901,False
d__Bacteria;p__Proteobacteria;c__Alphaproteobacteria;o__Sphingomonadales;f__Sphingomonadaceae;g__Erythrobacter,0.7950762753214418,0.027576197387518153,-0.2249677737239617,0.9923878677730211,False
d__Bacteria;p__Firmicutes;c__Bacilli;o__Paenibacillales;f__Paenibacillaceae;g__Cohnella,0.9692889361200382,0.004716981132075526,0.026941922360334096,0.9999342540345002,False
d__Bacteria;p__Firmicutes_A;c__Clostridia;o__Peptostreptococcales;f__Anaerovoracaceae;g__Eubacterium_B,0.47390954751224856,-0.08127721335268512,-0.10792066949725197,0.9636066785401232,False
d__Bacteria;p__Firmicutes_A;c__Clostridia;o__Oscillospirales;f__Ruminococcaceae;g__Gemmiger_A,0.961656197138908,0.005805515239477477,-0.973026124500524,0.9999342540345002,False
d__Bacteria;p__Firmicutes_A;c__Clostridia;o__Oscillospirales;f__Acutalibacteraceae;g__Pseudoruminococcus_A,0.8853219883216669,-0.01669085631349776,2.288262582104787,0.9944808495789663,False
d__Bacteria;p__Bacteroidota;c__Bacteroidia;o__Flavobacteriales;f__Flavobacteriaceae;g__Gramella,0.22569557899798043,0.13497822931785197,0.4415804045185924,0.9631274116315901,False
d__Bacteria;p__Spirochaetota;c__Spirochaetia;o__Treponematales;f__Treponemataceae;g__Treponema_D,0.004343639599909638,-0.3232946298984034,0.8139257313162984,0.923680856214202,False
d__Bacteria;p__Firmicutes_A;c__Clostridia;o__Lachnospirales;f__Lachnospiraceae;g__Coprococcus_A,0.04729579191080511,-0.22496371552975325,0.9139325449370875,0.9245742100295696,False
d__Bacteria;p__Firmicutes_A;c__Clostridia;o__Christensenellales;f__CAG-552;g__Protoclostridium,0.27040990853562674,0.12191582002902757,-4.548745499570676,0.9631274116315901,False
d__Bacteria;p__Desulfobacterota_I;c__Desulfovibrionia;o__Desulfovibrionales;f__Desulfomicrobiaceae;g__Desulfomicrobium,0.9596375881414916,-0.005079825834542806,-0.5546869700296936,0.9999342540345002,False
d__Bacteria;p__Firmicutes_A;c__Clostridia;o__Peptostreptococcales;f__Anaerovoracaceae;g__Hornefia,0.9718206518592508,0.004354136429608135,-0.09342083870723329,0.9999342540345002,False
d__Bacteria;p__Firmicutes_A;c__Clostridia;o__Oscillospirales;f__Ruminococcaceae;g__Massilimaliae,0.18994831674859003,0.14876632801161105,-0.5345930678874178,0.9451858659598089,False
d__Bacteria;p__Firmicutes_A;c__Clostridia;o__Christensenellales;f__UBA1242;g__HGM11372,0.8348707377110738,0.021770682148040676,0.12614993644989825,0.9934511936686962,False
d__Bacteria;p__Firmicutes_A;c__Clostridia;o__Christensenellales;f__Borkfalkiaceae;g__UBA10281,0.5370141340416659,-0.06966618287372994,1.2148190847414342,0.9675572276869043,False
d__Bacteria;p__Proteobacteria;c__Alphaproteobacteria;o__Pelagibacterales;f__Pelagibacteraceae;g__Pelagibacter,0.9106960049625994,0.013062409288824406,-0.06199718110987543,0.9983915236170603,False
d__Bacteria;p__Proteobacteria;c__Gammaproteobacteria;o__Burkholderiales;f__Burkholderiaceae;g__Pigmentiphaga,0.32898271680176394,-0.08526850507982586,1.2621411194158456,0.9631274116315901,False
d__Bacteria;p__Spirochaetota;c__Brachyspirae;o__Brachyspirales;f__Brachyspiraceae;g__Brachyspira,0.6948286763960546,0.044629898403483304,3.5445723682765746,0.9823494225683177,False
d__Bacteria;p__Firmicutes_A;c__Clostridia;o__Lachnospirales;f__Lachnospiraceae;g__Caccovicinus,0.9208664805869496,-0.011611030478954953,1.1546979812417217,0.9984370467472549,False
d__Bacteria;p__Firmicutes_A;c__Clostridia;o__Lachnospirales;f__Lachnospiraceae;g__Clostridium_N,0.1263661555419229,0.1734397677793904,-0.8914788658487894,0.9245742100295696,False
d__Bacteria;p__Proteobacteria;c__Alphaproteobacteria;o__RF32;f__CAG-239;g__CAJLXD01,0.2485551094632117,-0.12989840348330906,-1.0803197611825501,0.9631274116315901,False
d__Bacteria;p__Proteobacteria;c__Gammaproteobacteria;o__Enterobacterales;f__Enterobacteriaceae;g__Scandinavium,0.6555023365760025,-0.04898403483309144,1.1372608532126547,0.9823494225683177,False
d__Bacteria;p__Firmicutes;c__Bacilli;o__Bacillales;f__Bacillaceae_G;g__Gottfriedia,0.2280627184580174,0.13207547169811318,-0.4288945840856109,0.9631274116315901,False
d__Bacteria;p__Firmicutes_A;c__Clostridia;o__Oscillospirales;f__Ruminococcaceae;g__UBA3855,0.7124682148216145,-0.04208998548621201,0.33964196987147177,0.9861181920538787,False
d__Bacteria;p__Firmicutes_A;c__Clostridia;o__Lachnospirales;f__Lachnospiraceae;g__Ruminococcus_B,0.4848049336992012,0.07946298984034839,-1.8369444094783476,0.9655791160136714,False
d__Bacteria;p__Actinobacteriota;c__Actinomycetia;o__Mycobacteriales;f__Pseudonocardiaceae;g__Actinosynnema,0.261724463488365,-0.11683599419448476,0.02683140916580303,0.9631274116315901,False
d__Bacteria;p__Firmicutes_A;c__Clostridia;o__Lachnospirales;f__Lachnospiraceae;g__Schaedlerella,0.4908359206661318,-0.07837445573294621,0.03127876477015497,0.9655791160136714,False
d__Bacteria;p__Bacteroidota;c__Bacteroidia;o__Bacteroidales;f__Muribaculaceae;g__CAG-1031,0.014460734255457465,0.27721335268505076,-0.6597172006515377,0.923680856214202,False
d__Bacteria;p__Firmicutes_A;c__Clostridia;o__Saccharofermentanales;f__DTU023;g__SFGY01,0.5511330268249939,-0.06785195936139332,-0.012690472762651275,0.9684073134281785,False
d__Bacteria;p__Firmicutes_A;c__Clostridia;o__Oscillospirales;f__Acutalibacteraceae;g__UBA1425,0.16569379789941563,-0.15384615384615374,0.3534640927002474,0.9245742100295696,False
d__Bacteria;p__Cyanobacteria;c__Cyanobacteriia;o__Cyanobacteriales;f__Nostocaceae;g__Rivularia,0.30692658300604914,-0.09651669085631354,0.8856907335912017,0.9631274116315901,False
d__Bacteria;p__Bacteroidota;c__Bacteroidia;o__Bacteroidales;f__F082;g__UBA6192,0.16488669932816324,0.15384615384615385,-0.3231210197887963,0.9245742100295696,False
d__Bacteria;p__Firmicutes_A;c__Clostridia;o__Oscillospirales;f__Ruminococcaceae;g__UBA3818,0.4787937762262978,0.08055152394775034,0.320449491288105,0.9653324386089055,False
d__Bacteria;p__Firmicutes_A;c__Clostridia;o__Lachnospirales;f__Lachnospiraceae;g__NK4A136,0.21254939389057503,-0.14150943396226423,1.1896260760219737,0.9578570186005568,False
d__Bacteria;p__Actinobacteriota;c__Coriobacteriia;o__Coriobacteriales;f__Coriobacteriaceae;g__Enorma,0.4247101682595923,0.09071117561683595,1.6443304861120411,0.9631274116315901,False
d__Bacteria;p__Bacteroidota;c__Bacteroidia;o__Bacteroidales;f__Muribaculaceae;g__Limisoma,0.982103245926481,0.002902757619738794,0.9329478074169671,0.9999342540345002,False
d__Bacteria;p__Firmicutes_A;c__Clostridia;o__Lachnospirales;f__Lachnospiraceae;g__UMGS1375,0.40472823095404975,-0.09470246734397669,0.23847939183972947,0.9631274116315901,False
d__Bacteria;p__Firmicutes_A;c__Clostridia;o__Lachnospirales;f__Lachnospiraceae;g__RGIG3040,0.2100703892232384,-0.1422351233671988,0.4803491856650831,0.9578570186005568,False
d__Bacteria;p__Bacteroidota;c__Bacteroidia;o__Bacteroidales;f__Muribaculaceae;g__CAG-485,0.5236601424045352,0.07256894049346885,-0.17068978317309894,0.9675572276869043,False
d__Bacteria;p__Proteobacteria;c__Alphaproteobacteria;o__Rhizobiales_A;f__Rhizobiaceae_A;g__Bartonella,0.935906577648769,0.00870827285921627,-2.7423779201768497,0.9999342540345002,False
d__Bacteria;p__Firmicutes;c__Bacilli;o__Lactobacillales;f__Carnobacteriaceae;g__Carnobacterium,0.7904173951084676,0.021770682148040676,2.054206051397216,0.9923878677730211,False
d__Bacteria;p__Firmicutes_A;c__Clostridia;o__Oscillospirales;f__Oscillospiraceae;g__Enterenecus,0.031029853748924186,0.2445573294629898,-0.9354024286724231,0.923680856214202,False
d__Bacteria;p__Cyanobacteria;c__Vampirovibrionia;o__Gastranaerophilales;f__Gastranaerophilaceae;g__CAG-196,0.2512736140280182,0.13026124818577645,-1.3520369076120091,0.9631274116315901,False
d__Bacteria;p__Proteobacteria;c__Gammaproteobacteria;o__Enterobacterales;f__Enterobacteriaceae;g__Yokenella,0.7541003998652447,-0.02685050798258337,1.3565114037777448,0.9866715788709012,False
d__Bacteria;p__Firmicutes;c__Bacilli;o__Lactobacillales;f__Lactobacillaceae;g__Limosilactobacillus,0.4545028863885928,-0.08454281567489108,-0.9053774012087454,0.9631274116315901,False
d__Bacteria;p__Actinobacteriota;c__Actinomycetia;o__Mycobacteriales;f__Mycobacteriaceae;g__Rhodococcus,0.6828611035805473,0.046081277213352645,-0.4653562308345752,0.9823494225683177,False
d__Bacteria;p__Firmicutes;c__Bacilli;o__Erysipelotrichales;f__Coprobacillaceae;g__Intestinibaculum,0.39845595915591303,0.08127721335268501,3.518619672950978,0.9631274116315901,False
d__Bacteria;p__Bacteroidota;c__Bacteroidia;o__Bacteroidales;f__Prolixibacteraceae;g__JAAFHB01,0.6649973429756557,0.04934687953555883,-0.0045517655329577545,0.9823494225683177,False
d__Bacteria;p__Firmicutes;c__Bacilli;o__RF39;f__UBA660;g__Onthocola_B,0.3127406605400268,0.11465892597968075,-0.335038498271742,0.9631274116315901,False
d__Bacteria;p__Firmicutes_A;c__Clostridia;o__Oscillospirales;f__Acutalibacteraceae;g__RUG420,0.9457735297982802,-0.007982583454281489,-0.2716323690164721,0.9999342540345002,False
d__Bacteria;p__Firmicutes_A;c__Clostridia;o__Oscillospirales;f__Ruminococcaceae;g__Anaerotruncus,0.6284616518213366,0.055152394775036306,0.15585458570069874,0.9735426534685343,False
d__Bacteria;p__Firmicutes;c__Bacilli;o__Bacillales_D;f__Amphibacillaceae;g__Ornithinibacillus,0.34363344259058837,0.10667634252539915,-0.182484799274655,0.9631274116315901,False
d__Bacteria;p__Firmicutes;c__Bacilli;o__RF39;f__UBA660;g__CAG-582,0.8623748341132987,0.019956458635703944,-0.4229246682016235,0.9940416947398667,False
d__Bacteria;p__Desulfobacterota_I;c__Desulfovibrionia;o__Desulfovibrionales;f__Desulfovibrionaceae;g__Bilophila,0.22700058363178366,-0.13715529753265598,-0.14013371407100386,0.9631274116315901,False
d__Bacteria;p__Bacteroidota;c__Bacteroidia;o__Bacteroidales;f__Bacteroidaceae;g__UBA2918,0.30361299468753655,0.11683599419448476,-0.1738490015585974,0.9631274116315901,False
d__Bacteria;p__Firmicutes_A;c__Clostridia;o__Oscillospirales;f__Oscillospiraceae;g__Papillibacter,0.643063680818527,0.0395500725689405,-0.3908577144961796,0.9792327825514293,False
d__Bacteria;p__Bacteroidota;c__Bacteroidia;o__Bacteroidales;f__Marinifilaceae;g__Marinifilum,0.9016889039826183,0.013788098693759077,0.11417033997387177,0.9983915236170603,False
d__Bacteria;p__Actinobacteriota;c__Actinomycetia;o__Streptomycetales;f__Streptomycetaceae;g__Streptacidiphilus,0.573495861507846,-0.05878084179970977,0.0833461900320147,0.9684073134281785,False
d__Bacteria;p__Firmicutes_A;c__Thermoanaerobacteria;o__Thermoanaerobacterales;f__Thermoanaerobacteraceae;g__Thermoanaerobacterium,0.6224766021823473,-0.04136429608127723,0.2993871093781857,0.9735426534685343,False
d__Bacteria;p__Desulfobacterota;c__Desulfuromonadia;o__Geobacterales;f__Geobacteraceae;g__Geomonas,0.6520392880637536,0.044629898403483304,-0.8435398401585389,0.9823494225683177,False
d__Bacteria;p__Firmicutes_A;c__Clostridia;o__Oscillospirales;f__Acutalibacteraceae;g__DTU089,0.33770509476982546,-0.10885341074020327,-0.08196768584386632,0.9631274116315901,False
d__Bacteria;p__Firmicutes_C;c__Negativicutes;o__Acidaminococcales;f__Acidaminococcaceae;g__Acidaminococcus,0.9412324864712025,0.00870827285921627,-0.46057117943008474,0.9999342540345002,False
d__Bacteria;p__Patescibacteria;c__Saccharimonadia;o__Saccharimonadales;f__Nanosyncoccaceae;g__Nanosyncoccus,0.746013366156946,-0.037010159651668983,-1.474129694819395,0.9861181920538787,False
d__Bacteria;p__Firmicutes_A;c__Clostridia;o__Oscillospirales;f__Acutalibacteraceae;g__NSJ-40,0.21253042878115513,-0.14150943396226423,0.7606276757139396,0.9578570186005568,False
d__Bacteria;p__Firmicutes_A;c__Clostridia;o__Christensenellales;f__UMGS416;g__Parachristensenella,0.9711316693459996,-0.004354136429608024,0.413998782860416,0.9999342540345002,False
d__Bacteria;p__Firmicutes_A;c__Clostridia;o__Oscillospirales;f__Acutalibacteraceae;g__Avimonas_A,0.07702565264271008,0.19013062409288828,-0.6126686795518325,0.9245742100295696,False
d__Bacteria;p__Proteobacteria;c__Gammaproteobacteria;o__Burkholderiales;f__Burkholderiaceae;g__Collimonas,0.37831260273654155,-0.08925979680696661,-0.03811845201410843,0.9631274116315901,False
d__Bacteria;p__Firmicutes_A;c__Clostridia;o__Oscillospirales;f__Acutalibacteraceae;g__Timburyella,0.6266504976015401,-0.055152394775036306,0.7799070911565098,0.9735426534685343,False
d__Bacteria;p__Firmicutes_A;c__Clostridia;o__Oscillospirales;f__Acutalibacteraceae;g__UMGS1591,0.27947176299712917,0.12264150943396224,-0.6009029674257164,0.9631274116315901,False
d__Bacteria;p__Firmicutes;c__Bacilli;o__Lactobacillales;f__Streptococcaceae;g__Streptococcus,0.432385194461785,-0.08925979680696661,-0.13476237739223354,0.9631274116315901,False
d__Bacteria;p__Firmicutes_A;c__Clostridia;o__Oscillospirales;f__CAG-272;g__Avispirillum,0.45719315763586166,-0.08454281567489108,0.26141554226709346,0.9631274116315901,False
d__Bacteria;p__Proteobacteria;c__Alphaproteobacteria;o__Acetobacterales;f__Acetobacteraceae;g__Bombella,0.8818296139407897,0.012336719883889735,0.156890290946267,0.9944808495789663,False
d__Bacteria;p__Firmicutes_A;c__Clostridia;o__Lachnospirales;f__Lachnospiraceae;g__RUG115,0.018187261574197366,-0.2677793904208998,2.637158372163098,0.923680856214202,False
d__Bacteria;p__Firmicutes_B;c__Desulfotomaculia;o__Desulfotomaculales;f__Desulfotomaculaceae;g__Desulfotomaculum,0.09741910522376968,-0.15166908563134984,1.1117926647504306,0.9245742100295696,False
d__Bacteria;p__Firmicutes;c__Bacilli;o__Paenibacillales;f__Paenibacillaceae;g__Paenibacillus_T,0.4959270463354244,0.05878084179970977,-0.9354314468021937,0.9655791160136714,False
d__Bacteria;p__Synergistota;c__Synergistia;o__Synergistales;f__Aminobacteriaceae;g__Fretibacterium,0.1506042009071722,-0.16255442670537001,0.3598902295064564,0.9245742100295696,False
d__Bacteria;p__Proteobacteria;c__Alphaproteobacteria;o__Caulobacterales;f__Caulobacteraceae;g__Caulobacter,0.5400083936068863,-0.0682148040638606,-0.7709428884796562,0.9675572276869043,False
d__Bacteria;p__Firmicutes;c__Bacilli;o__RF39;f__UBA660;g__CAG-877,0.40806034168584504,-0.08780841799709727,-0.7252385143864323,0.9631274116315901,False
d__Bacteria;p__Actinobacteriota;c__Coriobacteriia;o__Coriobacteriales;f__Atopobiaceae;g__Olsenella_D,0.8398064355733714,0.022859216255442627,0.00922037637256602,0.9934511936686962,False
d__Bacteria;p__Proteobacteria;c__Gammaproteobacteria;o__Enterobacterales;f__Enterobacteriaceae;g__Buttiauxella,0.5034479711053326,-0.07365747460087091,1.5840020012199751,0.9655791160136714,False
d__Bacteria;p__Bacteroidota;c__Bacteroidia;o__Chitinophagales;f__Chitinophagaceae;g__Flavitalea,0.003184398662755554,0.25689404934687954,-2.0420125142728365,0.923680856214202,False
d__Bacteria;p__Firmicutes_A;c__Clostridia;o__Lachnospirales;f__Lachnospiraceae;g__Egerieimonas,0.03802993011288221,0.23512336719883886,-0.6275253398639108,0.923680856214202,False
d__Bacteria;p__Firmicutes_A;c__Clostridia;o__Oscillospirales;f__Acutalibacteraceae;g__Gallacutalibacter,0.141374520963151,0.158200290275762,-3.7016514830045364,0.9245742100295696,False
d__Bacteria;p__Acidobacteriota;c__Acidobacteriae;o__Acidobacteriales;f__Acidobacteriaceae;g__Terracidiphilus,0.2656963844390151,-0.12336719883889691,0.43991959350000015,0.9631274116315901,False
d__Bacteria;p__Actinobacteriota;c__Actinomycetia;o__Actinomycetales;f__Brevibacteriaceae;g__Brevibacterium,0.6219425885078154,0.055152394775036306,1.0635017600345384,0.9735426534685343,False
d__Bacteria;p__Firmicutes;c__Bacilli;o__Erysipelotrichales;f__Coprobacillaceae;g__Fimiplasma,0.7170652985437137,-0.04136429608127723,-1.3473232216485564,0.9861181920538787,False
d__Bacteria;p__Proteobacteria;c__Gammaproteobacteria;o__Enterobacterales;f__Enterobacteriaceae;g__Rosenbergiella,0.4856447280224615,-0.055515239477503586,0.12730186779116387,0.9655791160136714,False
d__Bacteria;p__Firmicutes;c__Bacilli;o__RFN20;f__CAG-826;g__UBA2450,0.08154654421555779,-0.15384615384615374,1.143388298015973,0.9245742100295696,False
d__Bacteria;p__Firmicutes_A;c__Clostridia;o__Oscillospirales;f__Ruminococcaceae;g__Negativibacillus,0.3816537282802691,0.09941944847605222,0.033293713395855185,0.9631274116315901,False
d__Bacteria;p__Firmicutes_A;c__Clostridia;o__Oscillospirales;f__Oscillospiraceae;g__ER4,0.4552676547786858,-0.08490566037735858,0.050933900175618226,0.9631274116315901,False
d__Bacteria;p__Bacteroidota;c__Bacteroidia;o__Bacteroidales;f__Bacteroidaceae;g__UBA1179,0.913230374150295,0.012699564586357015,-0.04372439436909387,0.9983915236170603,False
d__Bacteria;p__Firmicutes;c__Bacilli;o__RF39;f__UBA660;g__CAG-302,0.6215639889356392,-0.055878084179970866,5.108847980955251,0.9735426534685343,False
d__Bacteria;p__Proteobacteria;c__Gammaproteobacteria;o__Burkholderiales;f__Burkholderiaceae;g__Turicimonas,0.5397237266627758,0.06785195936139332,-0.9740067189951435,0.9675572276869043,False
d__Bacteria;p__Actinobacteriota;c__Coriobacteriia;o__Coriobacteriales;f__Eggerthellaceae;g__Eggerthella,0.28971215175764664,0.12010159651669083,-0.3528612212141962,0.9631274116315901,False
d__Bacteria;p__Proteobacteria;c__Gammaproteobacteria;o__Enterobacterales;f__Enterobacteriaceae;g__Acerihabitans,0.11965157073543366,-0.14949201741654572,2.143011273248439,0.9245742100295696,False
d__Bacteria;p__Bacteroidota;c__Bacteroidia;o__Cytophagales;f__Cyclobacteriaceae;g__Litoribacter,0.9090869845636362,0.010159651669085612,-0.14520476968974202,0.9983915236170603,False
d__Bacteria;p__Bacteroidota;c__Bacteroidia;o__Bacteroidales;f__P3;g__UBA1711,0.3252092386747957,0.11175616835994195,-0.059362121356679176,0.9631274116315901,False
d__Bacteria;p__Bacteroidota;c__Bacteroidia;o__Flavobacteriales;f__Flavobacteriaceae;g__Formosa,0.989171724189313,0.0018142235123367323,-0.11438403293729793,0.9999342540345002,False
d__Bacteria;p__Firmicutes_A;c__Clostridia;o__Christensenellales;f__CAG-138;g__RUG472,0.8188126107262044,-0.026124818577648812,0.03419564155548374,0.9923878677730211,False
d__Bacteria;p__Firmicutes_A;c__Clostridia;o__Oscillospirales;f__Oscillospiraceae;g__Evtepia,0.6148793675669704,0.05732946298984032,-0.29455573839548144,0.9735426534685343,False
d__Bacteria;p__Proteobacteria;c__Alphaproteobacteria;o__Acetobacterales;f__Acetobacteraceae;g__Roseomonas,0.9870486515022567,0.002177068214804012,1.2468564034071354,0.9999342540345002,False
d__Bacteria;p__Firmicutes;c__Bacilli;o__Paenibacillales;f__NBRC-103111;g__Paenibacillus_E,0.15115141027178297,0.16255442670537013,-0.29104625353414637,0.9245742100295696,False
d__Bacteria;p__Firmicutes_A;c__Clostridia;o__Peptostreptococcales;f__Anaerovoracaceae;g__UBA1426,0.8707486863035357,0.018142235123367212,0.3762297261488078,0.9940416947398667,False
d__Bacteria;p__Firmicutes;c__Bacilli;o__Lactobacillales;f__Enterococcaceae;g__Enterococcus_B,0.5243025675974837,-0.07184325108853407,4.321387349639926,0.9675572276869043,False
d__Bacteria;p__Firmicutes_A;c__Clostridia;o__Oscillospirales;f__Ruminococcaceae;g__UBA1405,0.7704539492393991,-0.03338171262699574,-0.17520480812049055,0.9913823514119076,False
d__Bacteria;p__Patescibacteria;c__Saccharimonadia;o__Saccharimonadales;f__Nanosynbacteraceae;g__Nanosynbacter,0.5873231273721785,-0.061683599419448454,0.004398476227051036,0.9700473199511053,False
d__Bacteria;p__Firmicutes_A;c__Clostridia;o__Clostridiales;f__Clostridiaceae;g__Clostridium_S,0.1135990382774849,-0.1600145137880986,0.7766543925787797,0.9245742100295696,False
d__Bacteria;p__Bacteroidota;c__Bacteroidia;o__Bacteroidales;f__Prolixibacteraceae;g__Tangfeifania,0.2003337873351353,0.1132075471698113,-0.5485425728716532,0.9526263217058536,False
d__Bacteria;p__Actinobacteriota;c__Actinomycetia;o__Actinomycetales;f__Micrococcaceae;g__Paenarthrobacter,0.9547069055482102,-0.005805515239477588,-0.22677851981435695,0.9999342540345002,False
d__Bacteria;p__Firmicutes;c__Bacilli;o__Erysipelotrichales;f__Erysipelotrichaceae;g__Amedibacterium,0.3794622122863679,0.09941944847605222,1.4188054098432372,0.9631274116315901,False
d__Bacteria;p__Firmicutes;c__Bacilli;o__Bacillales_D;f__Amphibacillaceae;g__Virgibacillus,0.3355876749606217,0.09978229317851961,-2.2537600851013857,0.9631274116315901,False
d__Bacteria;p__Bacteroidota;c__Bacteroidia;o__Bacteroidales;f__Bacteroidaceae;g__RUG11857,0.7406613290308106,0.037010159651669094,0.17368815899763038,0.9861181920538787,False
d__Bacteria;p__Fusobacteriota;c__Fusobacteriia;o__Fusobacteriales;f__Fusobacteriaceae;g__Fusobacterium_B,0.009684855847309277,0.29317851959361396,2.051678812149496,0.923680856214202,False
d__Bacteria;p__Firmicutes_A;c__Clostridia;o__Christensenellales;f__Christensenellaceae;g__Scybalosoma,0.32340090674182576,-0.09579100145137875,1.5932782873137614,0.9631274116315901,False
d__Bacteria;p__Firmicutes;c__Bacilli;o__Lactobacillales;f__Enterococcaceae;g__Enterococcus_D,0.43315174271241086,-0.0711175616835995,3.3217697269649347,0.9631274116315901,False
d__Bacteria;p__Firmicutes_A;c__Clostridia;o__Oscillospirales;f__Oscillospiraceae;g__NSJ-51,0.3543801085094148,0.1052249637155298,-0.5802544570607788,0.9631274116315901,False
d__Bacteria;p__Patescibacteria;c__Saccharimonadia;o__Saccharimonadales;f__Saccharimonadaceae;g__Saccharimonas,0.7842871929087314,-0.026124818577648812,-0.2053739113998275,0.9923878677730211,False
d__Bacteria;p__Firmicutes_A;c__Clostridia;o__TANB77;f__CAG-508;g__UMGS1663,0.09557931331792241,-0.1868650217706822,-0.7430652785210573,0.9245742100295696,False
d__Bacteria;p__Bacteroidota;c__Bacteroidia;o__Bacteroidales;f__UBA932;g__Egerieousia,0.9259507489548247,0.010885341074020283,-0.2555600142919764,0.9991307275012543,False
d__Bacteria;p__Firmicutes_C;c__Negativicutes;o__Selenomonadales;f__Selenomonadaceae;g__Pectinatus,0.754452914993772,-0.03265602322206096,0.6706026846988756,0.9866715788709012,False
d__Bacteria;p__Bacteroidota;c__Bacteroidia;o__Cytophagales;f__Spirosomaceae;g__Aquirufa,0.6540237907127445,0.0475326560232221,-0.419734240846724,0.9823494225683177,False
d__Bacteria;p__Firmicutes_A;c__Clostridia;o__Oscillospirales;f__Acutalibacteraceae;g__RUG714,0.3681881170631901,-0.09869375907111766,0.4145171181496663,0.9631274116315901,False
d__Bacteria;p__Firmicutes;c__Bacilli;o__ML615J-28;f__CAG-698;g__Tener-01,0.7443411001538829,0.027939042089985433,-1.1225064985876974,0.9861181920538787,False
d__Bacteria;p__Firmicutes_A;c__Clostridia;o__Oscillospirales;f__Acutalibacteraceae;g__Fimenecus,0.8200147919737817,0.026124818577648812,0.8084636340254924,0.9923878677730211,False
d__Bacteria;p__Proteobacteria;c__Gammaproteobacteria;o__Pseudomonadales;f__Halomonadaceae;g__Oceanospirillum,0.5894462053692437,-0.05333817126269946,2.0226422613269954,0.9700473199511053,False
d__Bacteria;p__Bacteroidota;c__Bacteroidia;o__Sphingobacteriales;f__Sphingobacteriaceae;g__Pelobium,0.9514135420301524,-0.007256894049346929,-0.07736944973817036,0.9999342540345002,False
d__Bacteria;p__Proteobacteria;c__Gammaproteobacteria;o__Enterobacterales;f__Pasteurellaceae;g__Aggregatibacter,0.3631559240711075,-0.10123367198838906,-1.0624904411866747,0.9631274116315901,False
d__Bacteria;p__Firmicutes_A;c__Clostridia;o__Oscillospirales;f__Acutalibacteraceae;g__RUG806,0.7219779330162484,0.04063860667634256,0.034096310068327876,0.9861181920538787,False
d__Bacteria;p__Bacteroidota;c__Bacteroidia;o__Chitinophagales;f__Chitinophagaceae;g__Chitinophaga,0.8701766290033494,-0.018867924528301883,-0.7661793910816097,0.9940416947398667,False
d__Bacteria;p__Firmicutes_A;c__Clostridia;o__Monoglobales;f__Monoglobaceae;g__UMGS1326,0.7170104644906725,0.04136429608127723,-0.3230521096072792,0.9861181920538787,False
d__Bacteria;p__Proteobacteria;c__Alphaproteobacteria;o__Sphingomonadales;f__Sphingomonadaceae;g__Sphingobium,0.008836950097218573,-0.29608127721335276,3.175064696266361,0.923680856214202,False
d__Bacteria;p__Firmicutes_A;c__Clostridia;o__Lachnospirales;f__Lachnospiraceae;g__CHH4-2,0.7803987708418151,0.03193033381712629,-1.18999175604848,0.9923878677730211,False
d__Bacteria;p__Desulfobacterota;c__Desulfobacteria;o__Desulfobacterales;f__Desulfobacteraceae;g__Desulfobacula,0.9885237591732096,0.0018142235123367323,0.026844920497303075,0.9999342540345002,False
d__Bacteria;p__Firmicutes_A;c__Clostridia;o__Oscillospirales;f__Oscillospiraceae;g__UMGS1766,0.12011501315435107,-0.1763425253991291,0.12550111543198733,0.9245742100295696,False
d__Bacteria;p__Firmicutes_A;c__Clostridia;o__TANB77;f__UBA1234;g__HGM13618,0.5321240086736597,0.06023222060957911,0.008200166679287552,0.9675572276869043,False
d__Bacteria;p__Firmicutes_A;c__Clostridia;o__Oscillospirales;f__Oscillospiraceae;g__Alloscillospira,0.741006176251394,-0.036284470246734424,-0.23023432193216198,0.9861181920538787,False
d__Bacteria;p__Firmicutes_A;c__Clostridia;o__Lachnospirales;f__Lachnospiraceae;g__UBA3774,0.19261221956594654,-0.1262699564586358,0.2114154428422784,0.9451858659598089,False
d__Bacteria;p__Firmicutes_A;c__Clostridia;o__Oscillospirales;f__Oscillospiraceae;g__Onthomonas,0.28302982536402865,-0.12191582002902757,0.24600380533593394,0.9631274116315901,False
d__Bacteria;p__Bacteroidota;c__Bacteroidia;o__Chitinophagales;f__Chitinophagaceae;g__Ferruginibacter,0.5661714443890227,0.06531204644412192,-0.12552714866634032,0.9684073134281785,False
d__Bacteria;p__Firmicutes_A;c__Clostridia;o__TANB77;f__CAG-508;g__CAG-273,0.44103130151755954,-0.08744557329462999,-0.9007570664169657,0.9631274116315901,False
d__Bacteria;p__Firmicutes_A;c__Clostridia;o__Lachnospirales;f__Lachnospiraceae;g__HGM12587,0.4708823467193253,-0.08200290275761968,0.08453987215977284,0.9636066785401232,False
d__Bacteria;p__Actinobacteriota;c__Actinomycetia;o__Mycobacteriales;f__Mycobacteriaceae;g__Tsukamurella,0.010162161641826754,-0.21770682148040632,0.7007948292029967,0.923680856214202,False
d__Bacteria;p__Bacteroidota;c__Bacteroidia;o__Flavobacteriales;f__Flavobacteriaceae;g__Maribacter_A,0.7465078776820875,-0.02685050798258337,-1.118759051795471,0.9861181920538787,False
d__Bacteria;p__Cyanobacteria;c__Vampirovibrionia;o__Gastranaerophilales;f__Gastranaerophilaceae;g__UMGS1477,0.1715670853338246,-0.15384615384615374,3.2249174374562792,0.9350885895849269,False
d__Bacteria;p__Firmicutes;c__Bacilli;o__Bacillales_D;f__Amphibacillaceae;g__Oceanobacillus,0.9001438922857276,0.014513788098693747,0.045903252960262174,0.9983915236170603,False
d__Bacteria;p__Proteobacteria;c__Gammaproteobacteria;o__Burkholderiales;f__Burkholderiaceae;g__Bordetella_C,0.0681000722912286,-0.1473149492017416,1.3502449429832306,0.9245742100295696,False
d__Bacteria;p__Actinobacteriota;c__Coriobacteriia;o__Coriobacteriales;f__Eggerthellaceae;g__Ellagibacter,0.40477946269034115,0.09397677793904213,0.5805926037685434,0.9631274116315901,False
d__Bacteria;p__Bacteroidota;c__Bacteroidia;o__Cytophagales;f__Spirosomaceae;g__Dyadobacter,0.5362486608701429,-0.07039187227866472,0.1253377443620466,0.9675572276869043,False
d__Bacteria;p__Actinobacteriota;c__Coriobacteriia;o__Coriobacteriales;f__Atopobiaceae;g__Coprovicinus,0.05855910635830233,0.21407837445573297,-1.0988572603982687,0.9245742100295696,False
d__Bacteria;p__Firmicutes_A;c__Clostridia;o__Lachnospirales;f__Lachnospiraceae;g__Merdiplasma,0.15758970386323456,0.160377358490566,-0.6252004968433517,0.9245742100295696,False
d__Bacteria;p__Bacteroidota;c__Bacteroidia;o__Bacteroidales;f__Rikenellaceae;g__Avirikenella,0.45044775475769805,0.08563134978229314,-0.7207420996316226,0.9631274116315901,False
d__Bacteria;p__Bacteroidota;c__Bacteroidia;o__Bacteroidales;f__UBA7960;g__SKVR01,0.36888764670667773,0.09361393323657474,-0.46269920461857,0.9631274116315901,False
d__Bacteria;p__Proteobacteria;c__Gammaproteobacteria;o__Legionellales;f__Legionellaceae;g__Legionella,0.6696642740931638,0.04862119013062405,-0.5582630078746783,0.9823494225683177,False
d__Bacteria;p__Proteobacteria;c__Gammaproteobacteria;o__Enterobacterales;f__Enterobacteriaceae;g__Erwinia_A,0.6939454984263227,0.036284470246734424,0.20152591842330608,0.9823494225683177,False
d__Bacteria;p__Verrucomicrobiota;c__Lentisphaeria;o__Victivallales;f__Victivallaceae;g__Victivallis,0.6951342173943584,-0.04426705370101591,0.5060315370966358,0.9823494225683177,False
d__Bacteria;p__Firmicutes_A;c__Clostridia;o__Christensenellales;f__UBA1242;g__UMGS2070,0.24968809764886724,-0.1291727140783745,1.2566241254682002,0.9631274116315901,False
d__Bacteria;p__Bacteroidota;c__Bacteroidia;o__Bacteroidales;f__Bacteroidaceae;g__UBA6382,0.470829448218123,0.08200290275761979,0.13429917049402604,0.9636066785401232,False
d__Bacteria;p__Firmicutes_A;c__Clostridia;o__TANB77;f__CAG-508;g__CAG-269,0.19654764108268552,-0.14658925979680704,1.3519726947451416,0.9526263217058536,False
d__Bacteria;p__Bacteroidota;c__Bacteroidia;o__Bacteroidales;f__Paludibacteraceae;g__UBA4345,0.07949238957416138,-0.1814223512336719,0.580560403271243,0.9245742100295696,False
d__Bacteria;p__Firmicutes_A;c__Clostridia;o__Lachnospirales;f__Lachnospiraceae;g__Ventrisoma,0.26884215302809866,0.12554426705370103,-0.1844169060812337,0.9631274116315901,False
d__Bacteria;p__Firmicutes_A;c__Clostridia;o__Oscillospirales;f__Oscillospiraceae;g__UBA2658,0.8200120409605985,-0.026124818577648812,0.13390121894911747,0.9923878677730211,False
d__Bacteria;p__Firmicutes_A;c__Clostridia;o__Oscillospirales;f__Ruminococcaceae;g__Neobittarella,0.9157682087105254,-0.012336719883889735,-0.6291448074498793,0.9983915236170603,False
d__Bacteria;p__Bacteroidota;c__Bacteroidia;o__Bacteroidales;f__Prolixibacteraceae;g__SKHV01,0.2813701438534998,0.12191582002902757,-0.25385039690310107,0.9631274116315901,False
d__Bacteria;p__Firmicutes_A;c__Clostridia;o__Oscillospirales;f__Oscillospiraceae;g__Pseudoflavonifractor,0.16722403353028092,0.15674891146589265,-1.1024617685939486,0.9245742100295696,False
d__Bacteria;p__Bacteroidota;c__Bacteroidia;o__Cytophagales;f__Spirosomaceae;g__Fibrisoma,0.13992321480456588,0.12518142235123364,-1.0742976612591917,0.9245742100295696,False
d__Bacteria;p__Bacteroidota;c__Bacteroidia;o__Cytophagales;f__Spirosomaceae;g__Spirosoma,0.7340719722636955,0.03882438316400583,0.0006819217897192092,0.9861181920538787,False
d__Bacteria;p__Actinobacteriota;c__Actinomycetia;o__Actinomycetales;f__Actinomycetaceae;g__Pauljensenia,0.7705811999016322,-0.03338171262699574,-2.4794106672247933,0.9913823514119076,False
d__Bacteria;p__Firmicutes_A;c__Clostridia;o__Oscillospirales;f__CAG-272;g__CAG-390,0.88260310318631,-0.01705370101596526,0.3076039431619237,0.9944808495789663,False
d__Bacteria;p__Firmicutes_A;c__Clostridia;o__Peptostreptococcales;f__Peptostreptococcaceae;g__GCA-900066495,0.4551788359343911,-0.08272859216255446,-0.15744490722856105,0.9631274116315901,False
d__Bacteria;p__Bacteroidota;c__Bacteroidia;o__Bacteroidales;f__Paludibacteraceae;g__Microbacter,0.328865554218975,0.10885341074020316,-0.3304954923329261,0.9631274116315901,False
d__Bacteria;p__Firmicutes_A;c__Clostridia;o__Lachnospirales;f__Lachnospiraceae;g__Murimonas,0.6282103856049068,-0.055152394775036306,-1.2268800762661034,0.9735426534685343,False
d__Bacteria;p__Firmicutes_A;c__Clostridia;o__Oscillospirales;f__CAG-272;g__RGIG2000,0.4584936502767619,-0.0841799709724238,-0.3535202226813728,0.9634738639855374,False
d__Bacteria;p__Firmicutes;c__Bacilli;o__RF39;f__UBA660;g__RUG13868,0.7961269331517837,0.02394775036284469,-1.2263017859434737,0.9923878677730211,False
d__Bacteria;p__Firmicutes_A;c__Clostridia;o__Oscillospirales;f__Oscillospiraceae;g__WRAB01,0.7822315982654207,-0.02685050798258337,0.15822159491744733,0.9923878677730211,False
d__Bacteria;p__Actinobacteriota;c__Actinomycetia;o__Streptomycetales;f__Streptomycetaceae;g__Kitasatospora,0.8338907348968556,0.02394775036284469,-0.28091493723870903,0.9934511936686962,False
d__Bacteria;p__Bacteroidota;c__Bacteroidia;o__Bacteroidales;f__Paludibacteraceae;g__Enterocola,0.4064817283608426,-0.09433962264150941,-0.11342514530065499,0.9631274116315901,False
d__Bacteria;p__Firmicutes_A;c__Clostridia;o__Lachnospirales;f__Lachnospiraceae;g__Falcatimonas,0.1263661555419229,-0.1734397677793904,0.7299954988817622,0.9245742100295696,False
d__Bacteria;p__Firmicutes_A;c__Clostridia;o__Lachnospirales;f__Lachnospiraceae;g__Caccomorpha,0.5443512221335104,-0.06748911465892604,-0.12158102554571054,0.9675572276869043,False
d__Bacteria;p__Proteobacteria;c__Alphaproteobacteria;o__RF32;f__CAG-239;g__CAZU01,0.39823893962947543,0.079100145137881,-4.71024695605829,0.9631274116315901,False
d__Bacteria;p__Firmicutes_A;c__Clostridia;o__Oscillospirales;f__Butyricicoccaceae;g__SIG471,0.13607102021558815,0.16908563134978227,-0.5709707021595662,0.9245742100295696,False
d__Bacteria;p__Firmicutes_A;c__Clostridia;o__Oscillospirales;f__Acutalibacteraceae;g__CAJFUH01,0.3218664712568188,0.10703918722786643,-1.5204281067020533,0.9631274116315901,False
d__Bacteria;p__Firmicutes_A;c__Clostridia;o__Oscillospirales;f__Acutalibacteraceae;g__UBA1213,0.8150353374922594,-0.02685050798258337,-0.1366242096151622,0.9923878677730211,False
d__Bacteria;p__Actinobacteriota;c__Coriobacteriia;o__Coriobacteriales;f__Coriobacteriaceae;g__Collinsella,0.3127657446860843,-0.11465892597968064,0.4190787533249749,0.9631274116315901,False
d__Bacteria;p__Bacteroidota;c__Bacteroidia;o__Bacteroidales;f__P3;g__UBA1217,0.636898670246915,0.05297532656023218,-0.28833964980119403,0.9753054522363326,False
d__Bacteria;p__Firmicutes;c__Bacilli;o__Erysipelotrichales;f__Erysipelotrichaceae;g__Merdibacter,0.47482323953892813,-0.08127721335268512,-1.737150714644891,0.9636066785401232,False
d__Bacteria;p__Bacteroidota;c__Bacteroidia;o__Chitinophagales;f__Chitinophagaceae;g__Sediminibacterium,0.2888211097443174,-0.12046444121915822,1.2884991686536011,0.9631274116315901,False
d__Bacteria;p__Actinobacteriota;c__Actinomycetia;o__Mycobacteriales;f__Mycobacteriaceae;g__Nocardia,0.9923294970706417,0.0014513788098693414,0.03451299468202203,0.9999342540345002,False
d__Bacteria;p__Firmicutes_A;c__Clostridia;o__Monoglobales;f__Monoglobaceae;g__SIG440,0.8455340612699895,-0.018867924528301883,-0.038906898550696845,0.9936956658403527,False
d__Bacteria;p__Firmicutes_A;c__Clostridia;o__Oscillospirales;f__Acutalibacteraceae;g__Caproicibacterium,0.7951857402863085,0.029753265602322165,-1.1941499111453782,0.9923878677730211,False
d__Bacteria;p__Firmicutes_A;c__Clostridia;o__Lachnospirales;f__Lachnospiraceae;g__G11,0.7546292344627968,0.03483309143686497,-0.08733529063940644,0.9866715788709012,False
d__Bacteria;p__Bacteroidota;c__Bacteroidia;o__Flavobacteriales;f__Flavobacteriaceae;g__Winogradskyella,0.9667655188899844,0.005079825834542806,0.004106943011453741,0.9999342540345002,False
d__Bacteria;p__Proteobacteria;c__Gammaproteobacteria;o__Pseudomonadales;f__Pseudomonadaceae;g__Pseudomonas_E,0.3886732070999265,-0.09796806966618288,-0.6667442835398137,0.9631274116315901,False
d__Bacteria;p__Firmicutes_A;c__Clostridia;o__Acetivibrionales;f__DSM-8532;g__DTU059,0.3806494408452179,0.09941944847605222,-0.6461664761728607,0.9631274116315901,False
d__Bacteria;p__Acidobacteriota;c__Acidobacteriae;o__Acidoferrales;f__UBA7541;g__Acidoferrum,0.45731395152895504,-0.06894049346879538,-0.022957354884946584,0.9631274116315901,False
d__Bacteria;p__Actinobacteriota;c__Actinomycetia;o__Mycobacteriales;f__Pseudonocardiaceae;g__Amycolatopsis,0.5640507031082148,-0.0656748911465892,-0.7205018896471539,0.9684073134281785,False
d__Bacteria;p__Bacteroidota;c__Bacteroidia;o__Flavobacteriales;f__Flavobacteriaceae;g__Yeosuana,0.0686323701375294,0.1683599419448476,-1.2176517996417058,0.9245742100295696,False
d__Bacteria;p__Firmicutes_A;c__Clostridia;o__Lachnospirales;f__CAG-274;g__MGBC114079,0.4398977521112951,-0.0656748911465892,1.1882666947341791,0.9631274116315901,False
d__Bacteria;p__Bacteroidota;c__Ignavibacteria;o__Ignavibacteriales;f__Ignavibacteriaceae;g__IGN3,0.6044417868202467,0.0420899854862119,-0.5508622963966174,0.9700473199511053,False
d__Bacteria;p__Firmicutes_A;c__Clostridia;o__Lachnospirales;f__Lachnospiraceae;g__Mobilisporobacter,0.39116413466040223,-0.08454281567489108,0.6207933686387533,0.9631274116315901,False
d__Bacteria;p__Firmicutes_A;c__Clostridia;o__Tissierellales;f__Peptoniphilaceae;g__Murdochiella,0.1349475628629344,-0.1632801161103048,-0.026045669725405986,0.9245742100295696,False
d__Bacteria;p__Bacteroidota;c__Bacteroidia;o__Bacteroidales;f__Rikenellaceae;g__Tidjanibacter,0.8349740531562108,0.02394775036284469,-0.04224418488821847,0.9934511936686962,False
d__Bacteria;p__Firmicutes_A;c__Clostridia;o__Lachnospirales;f__Lachnospiraceae;g__RUG12461,0.20487603095669205,-0.12481857764876625,0.22302655637529048,0.9526263217058536,False
d__Bacteria;p__Firmicutes_A;c__Clostridia;o__Clostridiales;f__Clostridiaceae;g__Clostridium,0.8500372790415591,-0.021770682148040565,-1.7153668240778155,0.9936956658403527,False
d__Bacteria;p__Firmicutes_A;c__Clostridia;o__Christensenellales;f__CAG-74;g__Limiplasma,0.05952646528008485,-0.21371552975326558,-0.4157395551205692,0.9245742100295696,False
d__Bacteria;p__Firmicutes;c__Bacilli;o__Erysipelotrichales;f__Coprobacillaceae;g__MGBC163490,0.6044417868202467,0.0420899854862119,0.10174375567123038,0.9700473199511053,False
d__Bacteria;p__Firmicutes_C;c__Negativicutes;o__Acidaminococcales;f__Acidaminococcaceae;g__Succiniclasticum,0.0664712010704693,-0.2075471698113207,10.415574164469213,0.9245742100295696,False
d__Bacteria;p__Firmicutes_A;c__Clostridia;o__Lachnospirales;f__Lachnospiraceae;g__Cuneatibacter,0.014850922665372048,0.2761248185776488,-0.6475251531466596,0.923680856214202,False
d__Bacteria;p__Firmicutes_A;c__Clostridia;o__Eubacteriales;f__Alkalibacteraceae;g__Alkalibacter,0.1902379339903698,-0.12989840348330906,0.31402587030403933,0.9451858659598089,False
d__Bacteria;p__Firmicutes;c__Bacilli;o__Erysipelotrichales;f__Erysipelotrichaceae;g__NSJ-61,0.9539977333157867,-0.006894049346879427,0.11883560730884345,0.9999342540345002,False
d__Bacteria;p__Firmicutes_C;c__Negativicutes;o__Selenomonadales;f__Selenomonadaceae;g__Anaerovibrio,0.36439544582842387,-0.10304789550072568,0.2650039771342431,0.9631274116315901,False
d__Bacteria;p__Spirochaetota;c__Spirochaetia;o__Treponematales;f__Treponemataceae;g__UBA1240,0.7347288731607285,-0.0341074020319303,-0.6649032896429368,0.9861181920538787,False
d__Bacteria;p__Firmicutes_A;c__Clostridia;o__Peptostreptococcales;f__Anaerovoracaceae;g__RUG100,0.43906631193629597,0.07982583454281567,0.07050193780992602,0.9631274116315901,False
d__Bacteria;p__Desulfobacterota_I;c__Desulfovibrionia;o__Desulfovibrionales;f__Desulfonatronaceae;g__Desulfonatronum,0.8727547695403411,0.01596516690856309,-0.015319642170740973,0.9940416947398667,False
d__Bacteria;p__Firmicutes_A;c__Clostridia;o__Christensenellales;f__CAG-917;g__Limadaptatus,0.3543152407695839,0.1052249637155298,-2.600024385689065,0.9631274116315901,False
d__Bacteria;p__Firmicutes_A;c__Clostridia;o__Oscillospirales;f__CAG-382;g__SIG622,0.13923920165002432,-0.13534107402031936,0.12205051426524395,0.9245742100295696,False
d__Bacteria;p__Firmicutes_A;c__Clostridia;o__Tissierellales;f__Peptoniphilaceae;g__Peptoniphilus_B,0.21285711524456818,-0.11973875181422344,5.192157906095471,0.9578570186005568,False
d__Bacteria;p__Firmicutes_A;c__Clostridia;o__Christensenellales;f__Borkfalkiaceae;g__RGIG8762,0.08566576569713785,-0.149854862119013,-0.4355979806536169,0.9245742100295696,False
d__Bacteria;p__Firmicutes_A;c__Clostridia;o__Lachnospirales;f__Lachnospiraceae;g__UBA1066,0.9234100016802005,0.011248185776487674,-0.10861554059989578,0.9985365697048288,False
d__Bacteria;p__Proteobacteria;c__Gammaproteobacteria;o__Enterobacterales;f__Enterobacteriaceae;g__Enterobacter_B,0.3797332572209702,-0.0711175616835995,1.798266124748951,0.9631274116315901,False
d__Bacteria;p__Bacteroidota;c__Bacteroidia;o__Bacteroidales;f__Bacteroidaceae;g__Bacteroides,0.2773263667389082,0.12336719883889691,-0.1835547117148801,0.9631274116315901,False
d__Bacteria;p__Bacteroidota;c__Bacteroidia;o__Chitinophagales;f__Saprospiraceae;g__Lewinella_A,0.2549276541651282,-0.12409288824383169,0.1737894988923433,0.9631274116315901,False
d__Bacteria;p__Proteobacteria;c__Gammaproteobacteria;o__Xanthomonadales;f__Rhodanobacteraceae;g__Rhodanobacter,0.13915339324226422,-0.15384615384615374,0.32953232303940244,0.9245742100295696,False
d__Bacteria;p__Firmicutes_A;c__Clostridia;o__Lachnospirales;f__Lachnospiraceae;g__UBA1712,0.35436015119974784,-0.1052249637155298,0.3704530662316756,0.9631274116315901,False
d__Bacteria;p__Proteobacteria;c__Alphaproteobacteria;o__Rhodobacterales;f__Rhodobacteraceae;g__Leisingera,0.044796391446479886,-0.17489114658925975,0.6336456882162802,0.9245742100295696,False
d__Bacteria;p__Firmicutes;c__Bacilli;o__RF39;f__UBA660;g__Faecimonas,0.44331174023711495,0.0870827285921626,-1.4714582406383043,0.9631274116315901,False
d__Bacteria;p__Bacteroidota;c__Bacteroidia;o__Flavobacteriales;f__Flavobacteriaceae;g__Leeuwenhoekiella,0.7299275920338821,0.03918722786647311,0.18722247207377735,0.9861181920538787,False
d__Bacteria;p__Firmicutes_A;c__Clostridia;o__Oscillospirales;f__Ruminococcaceae;g__Pararuminococcus,0.1813876880167552,0.15166908563134973,0.2026642681068345,0.9382605408495559,False
d__Bacteria;p__Firmicutes_A;c__Clostridia;o__Lachnospirales;f__Cellulosilyticaceae;g__Cellulosilyticum,0.48048305737313257,-0.08018867924528306,-0.025181638632166683,0.9653324386089055,False
d__Bacteria;p__Firmicutes_A;c__Clostridia;o__Lachnospirales;f__Lachnospiraceae;g__RGIG4284,0.29735683493529297,-0.11756168359941954,0.10811762240544301,0.9631274116315901,False
d__Bacteria;p__Firmicutes_A;c__Clostridia;o__Christensenellales;f__UBA1242;g__UMGS1908,0.71297376257575,-0.04136429608127723,-0.16853823423215256,0.9861181920538787,False
d__Bacteria;p__Bacteroidota;c__Bacteroidia;o__Cytophagales;f__Cyclobacteriaceae;g__Algoriphagus,0.09002707047732054,-0.1923076923076923,0.2003903745402706,0.9245742100295696,False
d__Bacteria;p__Bacteroidota;c__Bacteroidia;o__Bacteroidales;f__UBA932;g__RGIG6374,0.5071873281692297,0.06023222060957911,-0.6683789002857359,0.9655791160136714,False
d__Bacteria;p__Bacteroidota;c__Bacteroidia;o__Chitinophagales;f__Chitinophagaceae;g__Edaphocola,0.6993153924817832,0.0420899854862119,-0.405650861048686,0.9826965485724093,False
d__Bacteria;p__Bacteroidota;c__Bacteroidia;o__Bacteroidales;f__Dysgonomonadaceae;g__Dysgonomonas,0.12636910382731772,0.1734397677793904,-6.10746674203979,0.9245742100295696,False
d__Bacteria;p__Firmicutes_A;c__Clostridia;o__Christensenellales;f__CAG-74;g__Aphodomonas,0.29275459271742466,-0.11901306240928888,0.08788934904012549,0.9631274116315901,False
d__Bacteria;p__Proteobacteria;c__Gammaproteobacteria;o__Enterobacterales;f__Enterobacteriaceae;g__Pantoea,1.0,0.0,2.6213186933076416,1.0,False
d__Bacteria;p__Bacteroidota;c__Bacteroidia;o__Bacteroidales;f__Prolixibacteraceae;g__CAINVV01,0.3029585064888852,0.1132075471698113,-0.35070817520237724,0.9631274116315901,False
d__Bacteria;p__Actinobacteriota;c__Coriobacteriia;o__Coriobacteriales;f__Atopobiaceae;g__UBA1367,0.7862010804811266,-0.030841799709724338,-0.10781949976470391,0.9923878677730211,False
d__Bacteria;p__Firmicutes_B;c__Peptococcia;o__Peptococcales;f__Peptococcaceae;g__UBA7185,0.7902506240689391,-0.030478955007256836,-1.0096557539111972,0.9923878677730211,False
d__Bacteria;p__Firmicutes_A;c__Clostridia;o__Peptostreptococcales;f__Anaerovoracaceae;g__RUG754,0.1104125756295354,-0.1266328011611031,1.269962775880982,0.9245742100295696,False
d__Bacteria;p__Proteobacteria;c__Gammaproteobacteria;o__Enterobacterales;f__Vibrionaceae;g__Vibrio,0.9642157729189007,0.005442670537010197,0.2836753068512848,0.9999342540345002,False
d__Bacteria;p__Actinobacteriota;c__Actinomycetia;o__Jiangellales;f__Jiangellaceae;g__Jiangella,0.8048876076311244,-0.026124818577648812,0.5329014756449897,0.9923878677730211,False
d__Bacteria;p__Bacteroidota;c__Bacteroidia;o__Flavobacteriales;f__Weeksellaceae;g__Faecalibacter,0.24096845669681288,0.10740203193033382,-0.3337633357176913,0.9631274116315901,False
d__Bacteria;p__Bacteroidota;c__Bacteroidia;o__Bacteroidales;f__UBA932;g__Bact-08,0.8148656485721157,-0.02685050798258337,0.1879260327237717,0.9923878677730211,False
d__Bacteria;p__Firmicutes_A;c__Clostridia;o__Lachnospirales;f__Lachnospiraceae;g__VSOB01,0.26751401852132006,-0.1259071117561683,0.16962643283693477,0.9631274116315901,False
d__Bacteria;p__Firmicutes_A;c__Clostridia;o__Oscillospirales;f__Acutalibacteraceae;g__UMGS1474,0.19835076353511039,-0.14550072568940497,-0.6191434276816012,0.9526263217058536,False
d__Bacteria;p__Firmicutes;c__Bacilli;o__Bacillales_H;f__Bacillaceae_D;g__Alkalihalobacillus_A,0.6964714561873103,0.04063860667634256,1.8352783284116732,0.9823494225683177,False
d__Bacteria;p__Proteobacteria;c__Gammaproteobacteria;o__Burkholderiales;f__Gallionellaceae;g__Gallionella,0.9168089576613065,0.011611030478954953,0.19168382595703218,0.9983915236170603,False
d__Bacteria;p__Firmicutes_A;c__Clostridia;o__Christensenellales;f__CAG-138;g__SFDB01,0.05875540612159154,-0.16690856313497826,3.0418790384961767,0.9245742100295696,False
d__Bacteria;p__Firmicutes_A;c__Clostridia;o__Peptostreptococcales;f__Peptostreptococcaceae;g__Peptostreptococcus,0.09248425417022482,-0.19085631349782295,-0.699040548069539,0.9245742100295696,False
d__Bacteria;p__Proteobacteria;c__Alphaproteobacteria;o__Pelagibacterales;f__Pelagibacteraceae;g__Pelagibacter_A,0.6857284447493054,-0.044992743105950694,-0.08839674517060403,0.9823494225683177,False
d__Bacteria;p__Proteobacteria;c__Gammaproteobacteria;o__Enterobacterales;f__Pasteurellaceae;g__Haemophilus_D,0.1361928692052575,-0.16908563134978238,-3.7968459348247574,0.9245742100295696,False
d__Bacteria;p__Bacteroidota;c__Bacteroidia;o__Bacteroidales;f__P3;g__Phil12,0.357700427343455,0.10449927431059503,-0.1740068098159785,0.9631274116315901,False
d__Bacteria;p__Bacteroidota;c__Bacteroidia;o__Flavobacteriales;f__Weeksellaceae;g__Kaistella,0.6908808125815535,0.045355587808417974,-0.2566335163383225,0.9823494225683177,False
d__Bacteria;p__Firmicutes_A;c__Clostridia;o__Christensenellales;f__CAG-74;g__UBA2862,0.9361268091993531,0.009433962264150941,-0.3090148904862828,0.9999342540345002,False
d__Bacteria;p__Firmicutes;c__Bacilli;o__Lactobacillales;f__Lactobacillaceae;g__Weissella,0.7984813619665657,-0.026124818577648812,-0.8396451110527098,0.9923878677730211,False
d__Bacteria;p__Bacteroidota;c__Bacteroidia;o__Bacteroidales;f__Muribaculaceae;g__W0P31-042,0.8968020179481497,0.014876632801161138,-0.19240862508302775,0.9983915236170603,False
d__Bacteria;p__Bacteroidota;c__Bacteroidia;o__Bacteroidales;f__Barnesiellaceae;g__Barnesiella_A,0.18771797505886967,0.14949201741654572,-0.9974938396224792,0.9451858659598089,False
d__Bacteria;p__Cyanobacteria;c__Vampirovibrionia;o__Gastranaerophilales;f__Gastranaerophilaceae;g__UBA2813,0.5166383264767631,0.06494920174165453,0.5394315431400357,0.9675572276869043,False
d__Bacteria;p__Bacteroidota;c__Bacteroidia;o__Bacteroidales;f__Marinifilaceae;g__Butyricimonas,0.3939840515204712,0.09687953555878082,-0.354896256675592,0.9631274116315901,False
d__Bacteria;p__Proteobacteria;c__Gammaproteobacteria;o__Enterobacterales;f__Enterobacteriaceae;g__Siccibacter,0.15073149446341413,-0.11611030478954998,2.4343398652523787,0.9245742100295696,False
d__Bacteria;p__Firmicutes_A;c__Clostridia;o__Lachnospirales;f__Lachnospiraceae;g__RUG147,0.42650645641623475,-0.08998548621190139,-0.05842045366912317,0.9631274116315901,False
d__Bacteria;p__Firmicutes_A;c__Clostridia;o__Tissierellales;f__Sedimentibacteraceae;g__UBA1535,0.033635803695863054,-0.2133526850507983,0.6484829187802431,0.923680856214202,False
d__Bacteria;p__Proteobacteria;c__Alphaproteobacteria;o__RF32;f__CAG-239;g__Scatocola,0.5942933150704124,-0.04898403483309144,-5.920406098739256,0.9700473199511053,False
d__Bacteria;p__Firmicutes_A;c__Clostridia;o__Lachnospirales;f__Anaerotignaceae;g__JAGZLR01,0.5088504328585011,0.07510885341074025,-0.9523613915697136,0.9661899893538427,False
d__Bacteria;p__Firmicutes_A;c__Clostridia;o__Oscillospirales;f__Ruminococcaceae;g__Pygmaiobacter,0.7403463067254915,-0.037735849056603765,-0.09746516970903177,0.9861181920538787,False
d__Bacteria;p__Actinobacteriota;c__Actinomycetia;o__Mycobacteriales;f__Frankiaceae;g__Frankia,0.35940425222938277,0.09905660377358494,-0.3442481319985742,0.9631274116315901,False
d__Bacteria;p__Firmicutes_A;c__Clostridia;o__Oscillospirales;f__Butyricicoccaceae;g__Agathobaculum,0.12957714608379592,-0.17198838896952107,0.13902432459671624,0.9245742100295696,False
d__Bacteria;p__Firmicutes_C;c__Negativicutes;o__Veillonellales;f__Dialisteraceae;g__UBA1822,0.017569607529794713,-0.2568940493468794,0.8337785788459569,0.923680856214202,False
d__Bacteria;p__Proteobacteria;c__Alphaproteobacteria;o__RF32;f__CAG-239;g__CAG-267,0.24634506789099975,-0.1291727140783745,-3.262584821633994,0.9631274116315901,False
d__Bacteria;p__Proteobacteria;c__Gammaproteobacteria;o__Burkholderiales;f__Methylophilaceae;g__MM2,0.3976883598641946,-0.06966618287372994,1.6082280301650727,0.9631274116315901,False
d__Bacteria;p__Firmicutes_A;c__Clostridia;o__Oscillospirales;f__Acutalibacteraceae;g__UBA1417,0.5071062226961351,-0.07547169811320753,0.34672998672988853,0.9655791160136714,False
d__Bacteria;p__Proteobacteria;c__Gammaproteobacteria;o__Enterobacterales;f__Enterobacteriaceae;g__Proteus,0.38008145680988104,0.09651669085631354,-2.194321849096222,0.9631274116315901,False
d__Bacteria;p__Bacteroidota;c__Bacteroidia;o__Bacteroidales;f__WCHB1-69;g__RUG11690,0.11960325833153859,0.17525399129172714,-0.5956506311351867,0.9245742100295696,False
d__Bacteria;p__Firmicutes_A;c__Clostridia;o__Christensenellales;f__CAG-74;g__Egerieenecus,0.4514025308971127,-0.08563134978229314,0.4645111436022274,0.9631274116315901,False
d__Bacteria;p__Firmicutes_A;c__Clostridia;o__Oscillospirales;f__CAG-272;g__RGIG3925,0.6762083843556593,-0.0475326560232221,-0.19299263064362546,0.9823494225683177,False
d__Bacteria;p__Firmicutes_A;c__Clostridia;o__Oscillospirales;f__Acutalibacteraceae;g__UMGS1623,0.030339339854348356,0.24528301886792447,-0.619414192680227,0.923680856214202,False
d__Bacteria;p__Firmicutes_A;c__Clostridia;o__Oscillospirales;f__Oscillospiraceae;g__RGIG3566,0.10375629058816979,-0.1814223512336719,0.5482238194552511,0.9245742100295696,False
d__Bacteria;p__Firmicutes_A;c__Clostridia;o__Lachnospirales;f__Lachnospiraceae;g__Blautia_A,0.4211983511834756,-0.09143686502177073,-0.04618329308554327,0.9631274116315901,False
d__Bacteria;p__Firmicutes_A;c__Clostridia;o__Peptostreptococcales;f__Anaerovoracaceae;g__CAG-238,0.3189452265972561,-0.1132075471698113,0.7288895228677994,0.9631274116315901,False
d__Bacteria;p__Bacteroidota;c__Bacteroidia;o__Bacteroidales;f__Marinifilaceae;g__Labilibaculum,0.15729172976963068,0.15965166908563133,-0.27752429259270966,0.9245742100295696,False
d__Bacteria;p__Proteobacteria;c__Alphaproteobacteria;o__Acetobacterales;f__Acetobacteraceae;g__Komagataeibacter,0.8534747916757786,0.015239477503628418,-0.6109633712302631,0.9936956658403527,False
d__Bacteria;p__Bacteroidota;c__Bacteroidia;o__Bacteroidales;f__Muribaculaceae;g__RGIG4576,0.1847435898259404,0.1502177068214804,-0.6192888217094872,0.9405486338429472,False
d__Bacteria;p__Bacteroidota;c__Bacteroidia;o__Bacteroidales;f__Muribaculaceae;g__Muribaculum,0.2269777025330112,0.13715529753265598,-0.9072546682390832,0.9631274116315901,False
d__Bacteria;p__Firmicutes;c__Bacilli;o__Erysipelotrichales;f__Erysipelotrichaceae;g__RGIG4607,0.6439043563506076,-0.04208998548621201,-0.3615804318044844,0.97976955511423,False
d__Bacteria;p__Firmicutes_A;c__Clostridia;o__Lachnospirales;f__Lachnospiraceae;g__Bilifractor,0.38515124812805557,-0.09869375907111766,0.15448912340964216,0.9631274116315901,False
d__Bacteria;p__Proteobacteria;c__Gammaproteobacteria;o__Enterobacterales;f__Alteromonadaceae;g__Paraglaciecola,0.8533798035833619,0.018505079825834492,-0.5452158232481866,0.9936956658403527,False
d__Bacteria;p__Proteobacteria;c__Gammaproteobacteria;o__Burkholderiales;f__Burkholderiaceae;g__Cupriavidus,0.25427316435852865,0.1291727140783745,-0.3311209237141727,0.9631274116315901,False
d__Bacteria;p__Proteobacteria;c__Alphaproteobacteria;o__DSM-16000;f__Inquilinaceae;g__Inquilinus,0.9817013714049662,-0.002177068214804123,0.1819384221830899,0.9999342540345002,False
d__Bacteria;p__Firmicutes_A;c__Clostridia;o__Oscillospirales;f__Oscillospiraceae;g__HGM13010,0.4552022120542304,-0.08490566037735858,0.1797081022423821,0.9631274116315901,False
d__Bacteria;p__Firmicutes_A;c__Clostridia;o__Christensenellales;f__Borkfalkiaceae;g__UMGS775,0.11632773171099929,0.17815674891146593,-1.4724626061817294,0.9245742100295696,False
d__Bacteria;p__Firmicutes_A;c__Clostridia;o__Lachnospirales;f__Lachnospiraceae;g__Bacteroides_F,0.20329404925428274,-0.1444121915820029,-1.1309947526179533,0.9526263217058536,False
d__Bacteria;p__Proteobacteria;c__Gammaproteobacteria;o__Enterobacterales;f__Enterobacteriaceae;g__Lelliottia,0.8816256554126338,-0.0159651669085632,2.0996990128557234,0.9944808495789663,False
d__Bacteria;p__Firmicutes_A;c__Clostridia;o__Oscillospirales;f__QAMX01;g__RGIG1911,0.7319214209935156,-0.029753265602322276,-0.06566708204568779,0.9861181920538787,False
d__Bacteria;p__Firmicutes;c__Bacilli;o__Erysipelotrichales;f__Erysipelotrichaceae;g__Absicoccus,0.3476139301083603,-0.10667634252539915,-0.35098833835093546,0.9631274116315901,False
d__Bacteria;p__Firmicutes;c__Bacilli;o__Aneurinibacillales;f__RAOX-1;g__YIM-78166,0.42477141710269684,-0.0634978229317853,1.1637894012189722,0.9631274116315901,False
d__Bacteria;p__Firmicutes_A;c__Clostridia;o__Lachnospirales;f__Lachnospiraceae;g__Eubacterium_J,0.7316802952250732,-0.03918722786647311,-0.09602145655675887,0.9861181920538787,False
d__Bacteria;p__Firmicutes;c__Bacilli;o__Erysipelotrichales;f__Erysipelotrichaceae;g__Holdemania,0.08411355904642825,-0.19593613933236576,0.6430885786494184,0.9245742100295696,False
d__Bacteria;p__Firmicutes;c__Bacilli;o__Erysipelotrichales;f__Coprobacillaceae;g__Massiliomicrobiota,0.08243498484776535,0.19666182873730043,-3.0096822102244785,0.9245742100295696,False
d__Bacteria;p__Verrucomicrobiota;c__Lentisphaeria;o__Victivallales;f__UBA1829;g__CAJMAW01,0.04668004377290175,-0.20464441219158203,0.5482662825539077,0.9245742100295696,False
d__Bacteria;p__Firmicutes_A;c__Clostridia;o__Oscillospirales;f__Ruminococcaceae;g__Faecalibacterium,0.2102122434021858,-0.1422351233671988,0.16597894914366598,0.9578570186005568,False
d__Bacteria;p__Bacteroidota;c__Bacteroidia;o__Bacteroidales;f__P3;g__Pullibacteroides,0.6645020481004564,0.04934687953555883,-0.7704046769752827,0.9823494225683177,False
d__Bacteria;p__Firmicutes_A;c__Clostridia;o__Lachnospirales;f__Lachnospiraceae;g__Fusicatenibacter,0.5236644468033059,0.07256894049346885,0.17764553129778218,0.9675572276869043,False
d__Bacteria;p__Planctomycetota;c__Planctomycetia;o__Pirellulales;f__Pirellulaceae;g__Lignipirellula,0.0828467988743212,0.18650217706821481,-0.798341474055806,0.9245742100295696,False
d__Bacteria;p__Firmicutes_A;c__Clostridia;o__Lachnospirales;f__Lachnospiraceae;g__Sellimonas,0.12013038181858762,0.1763425253991292,1.1422506107214114,0.9245742100295696,False
d__Bacteria;p__Proteobacteria;c__Gammaproteobacteria;o__Enterobacterales;f__Enterobacteriaceae;g__Pseudocitrobacter,0.9973201898512334,0.0007256894049346707,1.4790520934262374,0.9999342540345002,False
d__Bacteria;p__Bacteroidota;c__Bacteroidia;o__Sphingobacteriales;f__Sphingobacteriaceae;g__SYSU-D00535,0.8826014769122685,0.014513788098693747,-0.39226784883623095,0.9944808495789663,False
d__Bacteria;p__Firmicutes_A;c__Clostridia;o__TANB77;f__CAG-508;g__Merdicola,0.10559400005938449,-0.18359941944847602,1.3210225604228867,0.9245742100295696,False
d__Bacteria;p__Firmicutes_A;c__Clostridia;o__Oscillospirales;f__BX7;g__CAJFTX01,0.4814637623555129,0.06531204644412192,1.3840147718558247,0.9653324386089055,False
d__Bacteria;p__Proteobacteria;c__Gammaproteobacteria;o__Enterobacterales;f__Alteromonadaceae;g__Colwellia_A,0.31056916798535517,0.10449927431059503,-0.9260714133837465,0.9631274116315901,False
d__Bacteria;p__Firmicutes_A;c__Clostridia;o__Lachnospirales;f__Lachnospiraceae;g__MGBC131033,0.3763693869167424,-0.08962264150943389,0.13142871451722338,0.9631274116315901,False
d__Bacteria;p__Proteobacteria;c__Gammaproteobacteria;o__Enterobacterales;f__Enterobacteriaceae;g__Franconibacter,0.5142592064463118,-0.055515239477503586,0.8994316858170918,0.96672689681827,False
d__Bacteria;p__Bacteroidota;c__Bacteroidia;o__Bacteroidales;f__Marinilabiliaceae;g__Carboxylicivirga,0.16661173083448289,0.15674891146589265,-0.22090069287043212,0.9245742100295696,False
d__Bacteria;p__Proteobacteria;c__Gammaproteobacteria;o__Burkholderiales;f__Burkholderiaceae;g__Aphodousia,0.5236041746874479,0.07256894049346885,-0.4707446113018329,0.9675572276869043,False
d__Bacteria;p__Firmicutes;c__Bacilli;o__Bacillales_A;f__Planococcaceae;g__Lysinibacillus,0.07791999446618027,-0.1973875181422351,0.4774612128926388,0.9245742100295696,False
d__Bacteria;p__Firmicutes_A;c__Clostridia;o__Christensenellales;f__UBA1242;g__Caccovivens,0.49541589774095607,0.07728592162554426,-0.47613892484006826,0.9655791160136714,False
d__Bacteria;p__Firmicutes;c__Bacilli;o__Erysipelotrichales;f__Erysipelotrichaceae;g__C-19,0.9463157191870725,-0.007982583454281489,-0.5295829979584824,0.9999342540345002,False
d__Bacteria;p__Firmicutes_A;c__Clostridia;o__Lachnospirales;f__Lachnospiraceae;g__Stomatobaculum,0.5925346082804261,-0.060957910014513894,0.008843417138322344,0.9700473199511053,False
d__Bacteria;p__Actinobacteriota;c__Actinomycetia;o__Propionibacteriales;f__Nocardioidaceae;g__Nocardioides,0.7510405198096624,0.036284470246734424,0.37546853280882103,0.9861181920538787,False
d__Bacteria;p__Firmicutes;c__Bacilli;o__RF39;f__UBA660;g__CAG-1193,0.7406722935473785,-0.03519593613933236,-0.2558597636245253,0.9861181920538787,False
d__Bacteria;p__Proteobacteria;c__Alphaproteobacteria;o__Acetobacterales;f__Acetobacteraceae;g__Rhodopila,0.6299696459645929,-0.04281567489114657,-0.21269469851223058,0.9735426534685343,False
d__Bacteria;p__Bacteroidota;c__Bacteroidia;o__Flavobacteriales;f__Flavobacteriaceae;g__Psychroserpens,0.5347797671290458,-0.05878084179970977,0.049332286479567784,0.9675572276869043,False
d__Bacteria;p__Actinobacteriota;c__Actinomycetia;o__Mycobacteriales;f__Mycobacteriaceae;g__Gordonia,0.14898765012025444,0.1632801161103048,0.6858262396032776,0.9245742100295696,False
d__Bacteria;p__Firmicutes_A;c__Clostridia;o__Oscillospirales;f__CAG-272;g__SIG701,0.3174672122878087,-0.10123367198838906,0.6554664153046774,0.9631274116315901,False
d__Bacteria;p__Firmicutes_A;c__Clostridia;o__Lachnospirales;f__Lachnospiraceae;g__Lactonifactor,0.8626116561840608,-0.019956458635703944,-0.6684348665121291,0.9940416947398667,False
d__Bacteria;p__Bacteroidota;c__Bacteroidia;o__Bacteroidales;f__P3;g__HGM05376,0.6587534732999751,0.04862119013062405,-0.19111921120493752,0.9823494225683177,False
d__Bacteria;p__Actinobacteriota;c__Actinomycetia;o__Mycobacteriales;f__Nakamurellaceae;g__Nakamurella,0.8101363633838635,-0.02394775036284469,-0.4529434947396378,0.9923878677730211,False
d__Bacteria;p__Actinobacteriota;c__Actinomycetia;o__Actinomycetales;f__Cellulomonadaceae;g__Cellulomonas,0.4654176242265945,0.08272859216255446,-0.5128179703644102,0.9636066785401232,False
d__Bacteria;p__Firmicutes_A;c__Clostridia;o__Christensenellales;f__CAG-74;g__UBA11524,0.18126430515870717,-0.15166908563134984,-0.6034723282983816,0.9382605408495559,False
d__Bacteria;p__Proteobacteria;c__Gammaproteobacteria;o__Enterobacterales;f__Moritellaceae;g__Moritella,0.6081256756200188,-0.04716981132075482,0.25839605155317596,0.9725165187006994,False
d__Bacteria;p__Cyanobacteria;c__Cyanobacteriia;o__Cyanobacteriales;f__Microcoleaceae;g__Trichodesmium,0.28661585136798684,0.09542815674891147,0.025315241021391346,0.9631274116315901,False
d__Bacteria;p__Firmicutes_A;c__Clostridia;o__Oscillospirales;f__Acutalibacteraceae;g__RGIG2774,0.8835750925779308,0.01596516690856309,-0.17108173942449242,0.9944808495789663,False
d__Bacteria;p__Firmicutes_A;c__Clostridia;o__Lachnospirales;f__Lachnospiraceae;g__UBA11957,0.6368772566225085,-0.053701015965166965,0.13320171071433684,0.9753054522363326,False
d__Bacteria;p__Proteobacteria;c__Alphaproteobacteria;o__Sphingomonadales;f__Sphingomonadaceae;g__Sphingomonas,0.2773139145560056,-0.12336719883889691,0.561610730492036,0.9631274116315901,False
d__Bacteria;p__Firmicutes_A;c__Clostridia;o__Oscillospirales;f__Acutalibacteraceae;g__Hydrogeniiclostridium,0.06668497378546807,0.2079100145137881,-0.11394606102886101,0.9245742100295696,False
d__Bacteria;p__Firmicutes_A;c__Clostridia;o__Oscillospirales;f__Acutalibacteraceae;g__SIG575,0.15010321456078793,-0.14368650217706813,0.44686831082055284,0.9245742100295696,False
d__Bacteria;p__Firmicutes_A;c__Clostridia;o__Lachnospirales;f__Lachnospiraceae;g__Enterocloster,0.6193960840534734,0.05660377358490565,-0.4577606878347672,0.9735426534685343,False
d__Bacteria;p__Firmicutes_A;c__Clostridia;o__Peptostreptococcales;f__Peptostreptococcaceae;g__Clostridioides,0.18336659252012322,0.15094339622641506,-0.5130314311360761,0.9402042227281782,False
d__Bacteria;p__Bdellovibrionota;c__Bdellovibrionia;o__Bdellovibrionales;f__Bdellovibrionaceae;g__Bdellovibrio,0.7137773931833,-0.037373004354136485,-1.0933414913154773,0.9861181920538787,False
d__Bacteria;p__Firmicutes_A;c__Clostridia;o__Oscillospirales;f__Oscillospiraceae;g__RUG11142,0.1355200807740936,-0.16110304789550067,1.6586961440804604,0.9245742100295696,False
d__Bacteria;p__Firmicutes_A;c__Clostridia;o__Oscillospirales;f__Oscillospiraceae;g__HGM13006,0.9795472508300603,0.0032656023222060737,-0.03141518088304402,0.9999342540345002,False
d__Bacteria;p__Firmicutes_A;c__Clostridia;o__Oscillospirales;f__Ruminococcaceae;g__UMGS363,0.048006084564097086,-0.22423802612481847,1.020709175971914,0.9245742100295696,False
d__Bacteria;p__Firmicutes_A;c__Clostridia;o__Oscillospirales;f__Ruminococcaceae;g__RGIG8773,0.20504961184699988,-0.14368650217706813,0.43067945540441277,0.9526263217058536,False
d__Bacteria;p__Bacteroidota;c__Bacteroidia;o__Bacteroidales;f__Bacteroidaceae;g__UBA3839,0.5404323242844105,-0.06966618287372994,-0.5136796600259577,0.9675572276869043,False
d__Bacteria;p__Bacteroidota;c__Bacteroidia;o__Bacteroidales;f__Bacteroidaceae;g__UBA4334,0.17729432916726107,-0.15312046444121918,0.761478780353984,0.9382605408495559,False
d__Bacteria;p__Firmicutes;c__Bacilli;o__Staphylococcales;f__Staphylococcaceae;g__Staphylococcus,0.0818458844172061,-0.1973875181422351,3.1579775591393315,0.9245742100295696,False
d__Bacteria;p__Bacteroidota;c__Bacteroidia;o__Bacteroidales;f__Bacteroidaceae;g__Ga6A1,0.9257383417852139,-0.010885341074020394,0.16883846381267573,0.9991307275012543,False
d__Bacteria;p__Firmicutes;c__Bacilli;o__Paenibacillales;f__NBRC-103111;g__Paenibacillus_S,0.21756852506703916,-0.12554426705370103,0.5737948867441482,0.9618062330606776,False
d__Bacteria;p__Bacteroidota;c__Bacteroidia;o__Bacteroidales;f__Porphyromonadaceae;g__Porphyromonas_A,0.6536843765961591,0.05116110304789545,0.22611821125125972,0.9823494225683177,False
d__Bacteria;p__Bacteroidota;c__Bacteroidia;o__Bacteroidales;f__Barnesiellaceae;g__CABJAA01,0.8752085008974786,0.018142235123367212,-0.7009151851236868,0.9940416947398667,False
d__Bacteria;p__Firmicutes_A;c__Clostridia;o__Oscillospirales;f__Ruminococcaceae;g__CAG-353,0.3477389268011424,-0.10667634252539915,5.456980955434656,0.9631274116315901,False
d__Bacteria;p__Firmicutes_A;c__Clostridia;o__Oscillospirales;f__Ruminococcaceae;g__RGIG4131,0.7303591949854079,0.03555878084179975,-1.4010408865136046,0.9861181920538787,False
d__Bacteria;p__Firmicutes_A;c__Clostridia;o__Peptostreptococcales;f__Anaerovoracaceae;g__S5-A14a,0.2886723482256367,0.12046444121915822,0.6149470190963333,0.9631274116315901,False
d__Bacteria;p__Firmicutes_A;c__Clostridia;o__Saccharofermentanales;f__Saccharofermentanaceae;g__Saccharofermentans,0.37471738923696174,-0.10087082728592156,0.451744758297476,0.9631274116315901,False
d__Bacteria;p__Firmicutes_A;c__Clostridia;o__Clostridiales;f__Clostridiaceae;g__Clostridium_AO,0.038446567935808564,-0.18722786647314948,1.8393024082079819,0.923680856214202,False
d__Bacteria;p__Proteobacteria;c__Gammaproteobacteria;o__Burkholderiales;f__Burkholderiaceae;g__Massilia,0.5924847287972081,0.06095791001451378,0.14685136365456208,0.9700473199511053,False
d__Bacteria;p__Firmicutes_A;c__Clostridia;o__Lachnospirales;f__Lachnospiraceae;g__Onthocola_A,0.9733770117197573,0.0032656023222060737,-0.738941293178205,0.9999342540345002,False
d__Bacteria;p__Firmicutes_A;c__Clostridia;o__Eubacteriales;f__Eubacteriaceae;g__Acetobacterium,0.5395227531437963,-0.06930333817126266,0.1399737365506013,0.9675572276869043,False
d__Bacteria;p__Firmicutes_A;c__Clostridia;o__Lachnospirales;f__Lachnospiraceae;g__14-2,0.3922048158985477,-0.0972423802612481,0.24475760328960006,0.9631274116315901,False
d__Bacteria;p__Bacteroidota;c__Bacteroidia;o__Bacteroidales;f__Bacteroidaceae;g__UBA6398,0.8200120409605985,-0.026124818577648812,-0.42715856773196,0.9923878677730211,False
d__Bacteria;p__Proteobacteria;c__Gammaproteobacteria;o__Thiomicrospirales;f__Thiomicrospiraceae;g__Thiomicrorhabdus,0.756198190728182,-0.030841799709724338,0.7394844652381899,0.9880792765569408,False
d__Bacteria;p__Proteobacteria;c__Gammaproteobacteria;o__Enterobacterales;f__Enterobacteriaceae;g__Atlantibacter,0.42703567948544774,-0.07946298984034827,2.4786581731555604,0.9631274116315901,False
d__Bacteria;p__Firmicutes_A;c__Clostridia;o__Christensenellales;f__CAG-138;g__UBA3792,0.7535010268657091,-0.03519593613933236,-0.08262828824041393,0.9866715788709012,False
d__Bacteria;p__Firmicutes_A;c__Clostridia;o__Oscillospirales;f__CAG-382;g__SIG636,0.6917443690117291,0.03338171262699563,-1.3244954268532356,0.9823494225683177,False
d__Bacteria;p__Firmicutes_A;c__Clostridia;o__Oscillospirales;f__CAG-272;g__UMGS911,0.5423227172224054,-0.06894049346879538,2.190706123989196,0.9675572276869043,False
d__Bacteria;p__Cyanobacteria;c__Vampirovibrionia;o__Gastranaerophilales;f__Gastranaerophilaceae;g__Scatenecus,0.5513447428374125,0.06676342525399126,1.252620465139133,0.9684073134281785,False
d__Bacteria;p__Firmicutes_A;c__Clostridia;o__Oscillospirales;f__Acutalibacteraceae;g__Scatavimonas,0.7951857402863085,0.029753265602322165,-0.17524230211829442,0.9923878677730211,False
d__Bacteria;p__Proteobacteria;c__Gammaproteobacteria;o__Burkholderiales;f__Burkholderiaceae;g__Oxalobacter,0.41017832765199425,-0.09361393323657485,0.5998687046066181,0.9631274116315901,False
d__Bacteria;p__Bacteroidota;c__Bacteroidia;o__Bacteroidales;f__UBA932;g__DMER64,0.40155112845134167,0.09433962264150941,-0.22152235415564686,0.9631274116315901,False
d__Bacteria;p__Bacteroidota;c__Bacteroidia;o__Cytophagales;f__Cyclobacteriaceae;g__Cecembia,0.12271671548060004,0.1712626995645864,-0.8493570388232204,0.9245742100295696,False
d__Bacteria;p__Firmicutes_A;c__Clostridia;o__Oscillospirales;f__Ruminococcaceae;g__UMGS1668,0.09617581146192603,-0.18867924528301883,0.7665693618369178,0.9245742100295696,False
d__Bacteria;p__Proteobacteria;c__Gammaproteobacteria;o__Burkholderiales;f__Burkholderiaceae;g__Polynucleobacter,0.9132012346680338,-0.012699564586357015,0.30354168083904054,0.9983915236170603,False
d__Bacteria;p__Actinobacteriota;c__Actinomycetia;o__Actinomycetales;f__Dermatophilaceae;g__Janibacter,0.4436403528077414,0.06095791001451378,-0.28069276752218775,0.9631274116315901,False
d__Bacteria;p__Firmicutes_A;c__Clostridia;o__Christensenellales;f__CAG-74;g__DTU024,0.673567556825607,-0.04716981132075482,0.05236120514161895,0.9823494225683177,False
d__Bacteria;p__Bacteroidota;c__Bacteroidia;o__Bacteroidales;f__Marinilabiliaceae;g__Geofilum,0.3129472814454429,0.11248185776487662,-0.30355479018643255,0.9631274116315901,False
d__Bacteria;p__Proteobacteria;c__Gammaproteobacteria;o__Enterobacterales;f__Enterobacteriaceae;g__Klebsiella,0.9821008338319938,0.002902757619738794,4.588291929485823,0.9999342540345002,False
d__Bacteria;p__Actinobacteriota;c__Actinomycetia;o__Mycobacteriales;f__Mycobacteriaceae;g__Rhodococcus_B,0.10046633842879683,-0.13715529753265598,0.46080874654933046,0.9245742100295696,False
d__Bacteria;p__Firmicutes_A;c__Clostridia;o__Peptostreptococcales;f__Anaerovoracaceae;g__Fimisoma,0.9974431108006616,-0.0007256894049347817,-0.20199837057455255,0.9999342540345002,False
d__Bacteria;p__Firmicutes_A;c__Clostridia;o__Lachnospirales;f__Lachnospiraceae;g__Dorea_B,0.8200120409605985,0.026124818577648812,0.3918971021904649,0.9923878677730211,False
d__Bacteria;p__Proteobacteria;c__Gammaproteobacteria;o__Burkholderiales;f__Nitrosomonadaceae;g__Nitrosomonas,0.01940469809760151,0.260522496371553,-0.4593809606175217,0.923680856214202,False
d__Bacteria;p__Firmicutes_A;c__Clostridia;o__Christensenellales;f__CAG-74;g__UBA2943,0.4203781931683137,-0.09143686502177073,0.07476872050253078,0.9631274116315901,False
d__Bacteria;p__Proteobacteria;c__Gammaproteobacteria;o__Enterobacterales;f__Enterobacteriaceae;g__Enterobacter,0.8651153546563619,-0.019593613933236664,1.4808655394468853,0.9940416947398667,False
d__Bacteria;p__Bacteroidota;c__Bacteroidia;o__Bacteroidales;f__Dysgonomonadaceae;g__UBA2632,0.5620086406416165,0.06023222060957911,-0.19272265403128452,0.9684073134281785,False
d__Bacteria;p__Firmicutes_A;c__Clostridia;o__Oscillospirales;f__Oscillospiraceae;g__An92,0.12321746798425211,0.17489114658925975,-0.9141261010755951,0.9245742100295696,False
d__Bacteria;p__Firmicutes_A;c__Clostridia;o__Oscillospirales;f__CAG-272;g__UMGS2055,0.28697601884453905,-0.1157474600870827,0.9498614102930383,0.9631274116315901,False
d__Bacteria;p__Bacteroidota;c__Bacteroidia;o__Bacteroidales;f__Tenuifilaceae;g__UBA5261,0.7386651223904425,-0.030478955007256836,-0.20473578846635956,0.9861181920538787,False
d__Bacteria;p__Firmicutes_A;c__Clostridia;o__Oscillospirales;f__Oscillospiraceae;g__NSJ-62,0.36782103764158836,-0.1023222060957909,0.5011155396626527,0.9631274116315901,False
d__Bacteria;p__Bacteroidota;c__Bacteroidia;o__Bacteroidales;f__ML635J-15;g__Bact-19,0.5148569208134909,0.07402031930333819,-0.05017364282735673,0.96672689681827,False
d__Bacteria;p__Verrucomicrobiota;c__Kiritimatiellae;o__RFP12;f__UBA1067;g__RUG572,0.7894290220373973,0.029753265602322165,0.6586619809100107,0.9923878677730211,False
d__Bacteria;p__Firmicutes_A;c__Clostridia;o__Oscillospirales;f__Ruminococcaceae;g__Ruminococcus_D,0.2888223594766456,0.12046444121915822,-0.3751450890200198,0.9631274116315901,False
d__Bacteria;p__Firmicutes;c__Bacilli;o__Bacillales_G;f__Sporolactobacillaceae;g__Sporolactobacillus,0.8057808950868566,-0.026124818577648812,-0.9123719463589499,0.9923878677730211,False
d__Bacteria;p__Fusobacteriota;c__Fusobacteriia;o__Fusobacteriales;f__Fusobacteriaceae;g__Fusobacterium,0.39193961028513635,-0.0972423802612481,-0.10277112800008777,0.9631274116315901,False
d__Bacteria;p__Bacteroidota;c__Bacteroidia;o__Chitinophagales;f__Chitinophagaceae;g__Niastella,0.3086779616221823,0.11538461538461542,-0.014279453185706335,0.9631274116315901,False
d__Bacteria;p__Firmicutes_A;c__Clostridia;o__Tissierellales;f__Peptoniphilaceae;g__Finegoldia,0.05207627224051257,-0.2184325108853411,2.228641559094095,0.9245742100295696,False
d__Bacteria;p__Actinobacteriota;c__Coriobacteriia;o__Coriobacteriales;f__Eggerthellaceae;g__Gordonibacter,0.45345948138433556,-0.08490566037735858,0.47168251320386295,0.9631274116315901,False
d__Bacteria;p__Firmicutes_A;c__Clostridia;o__Lachnospirales;f__Lachnospiraceae;g__Weimeria,0.03748839758466236,-0.23584905660377364,0.5602531530720175,0.923680856214202,False
d__Bacteria;p__Firmicutes_A;c__Clostridia;o__Oscillospirales;f__Acutalibacteraceae;g__Limousia,0.4061066583883438,0.09433962264150941,-2.7568593225435705,0.9631274116315901,False
d__Bacteria;p__Bacteroidota;c__Bacteroidia;o__Bacteroidales;f__Muribaculaceae;g__SFTJ01,0.6651964794563284,-0.04934687953555872,0.023588849438773464,0.9823494225683177,False
d__Bacteria;p__Firmicutes_A;c__Clostridia;o__Peptostreptococcales;f__Anaerovoracaceae;g__RGIG7179,0.6774930183044596,-0.037010159651668983,0.26206382924521465,0.9823494225683177,False
d__Bacteria;p__Actinobacteriota;c__Actinomycetia;o__Propionibacteriales;f__Nocardioidaceae;g__Aeromicrobium,0.9853631530914104,-0.002177068214804123,-0.30684753617899135,0.9999342540345002,False
d__Bacteria;p__Firmicutes_A;c__Clostridia;o__Tissierellales;f__Peptoniphilaceae;g__Peptoniphilus_A,0.28225426551825095,-0.12155297532656029,4.394666683583087,0.9631274116315901,False
d__Bacteria;p__Firmicutes_A;c__Clostridia;o__Peptostreptococcales;f__Anaerovoracaceae;g__RUG099,0.4947841515297311,0.07764876632801165,-0.19349049108075317,0.9655791160136714,False
d__Bacteria;p__Firmicutes_A;c__Clostridia;o__Lachnospirales;f__Lachnospiraceae;g__Hungatella_A,0.19835874865747105,-0.14586357039187225,0.5619889415205785,0.9526263217058536,False
d__Bacteria;p__Bacteroidota;c__Bacteroidia;o__Bacteroidales;f__Marinifilaceae;g__Gabonibacter,0.10402670701556357,-0.1843251088534108,1.5240684560568847,0.9245742100295696,False
d__Bacteria;p__Firmicutes;c__Bacilli;o__Lactobacillales;f__Enterococcaceae;g__Enterococcus_G,0.036158753545075216,0.2028301886792453,-1.3111049961862966,0.923680856214202,False
d__Bacteria;p__Proteobacteria;c__Gammaproteobacteria;o__Burkholderiales;f__Burkholderiaceae;g__Rhodoferax,0.359401634551491,0.10413642960812775,0.3477381902362493,0.9631274116315901,False
d__Bacteria;p__Firmicutes_A;c__Clostridia;o__Oscillospirales;f__Ruminococcaceae;g__Ruminococcus_F,0.7799470719674856,0.03193033381712629,3.762441970436623,0.9923878677730211,False
d__Bacteria;p__Firmicutes_A;c__Clostridia;o__Christensenellales;f__CAG-74;g__Alectryocaccomicrobium,0.2833839800437604,0.11465892597968075,-3.4907096096069408,0.9631274116315901,False
d__Bacteria;p__Firmicutes_A;c__Clostridia;o__Christensenellales;f__Christensenellaceae;g__Christensenella,0.7606988155399305,-0.03483309143686508,0.720428498041516,0.9889498781900884,False
d__Bacteria;p__Firmicutes_A;c__Clostridia;o__Oscillospirales;f__Oscillospiraceae;g__UBA738,1.0,0.0,0.049644686984090323,1.0,False
d__Bacteria;p__Firmicutes_A;c__Clostridia;o__Oscillospirales;f__Ruminococcaceae;g__Anaerofilum,0.32830585905513676,0.11103047895500728,0.30268352279360816,0.9631274116315901,False
d__Bacteria;p__Bacteroidota;c__Bacteroidia;o__Bacteroidales;f__Muribaculaceae;g__Amulumruptor,0.4474240771983016,0.08635703918722781,-0.2412610933524719,0.9631274116315901,False
d__Bacteria;p__Bacteroidota;c__Bacteroidia;o__Chitinophagales;f__Saprospiraceae;g__UBA3362,0.8321316423222861,0.022859216255442627,-0.018543376571766464,0.9934511936686962,False
d__Bacteria;p__Proteobacteria;c__Gammaproteobacteria;o__Pseudomonadales;f__Pseudomonadaceae;g__Pseudomonas_A,0.3179246074705242,0.1132075471698113,0.5232576442699932,0.9631274116315901,False
d__Bacteria;p__Bacteroidota;c__Bacteroidia;o__Sphingobacteriales;f__Sphingobacteriaceae;g__Pseudosphingobacterium,0.13553288946150752,0.1683599419448476,-0.4449004436067962,0.9245742100295696,False
d__Bacteria;p__Proteobacteria;c__Gammaproteobacteria;o__Enterobacterales;f__Enterobacteriaceae;g__Providencia,0.716573825450805,-0.03918722786647311,0.848952611070111,0.9861181920538787,False
d__Bacteria;p__Proteobacteria;c__Gammaproteobacteria;o__Enterobacterales;f__Enterobacteriaceae;g__Pluralibacter,0.40274451457992744,-0.0711175616835995,2.6608971366432868,0.9631274116315901,False
d__Bacteria;p__Firmicutes;c__Bacilli;o__Erysipelotrichales;f__Erysipelotrichaceae;g__Massilicoli,0.5035863539945388,-0.07583454281567481,-3.749129582170935,0.9655791160136714,False
d__Bacteria;p__Firmicutes_A;c__Clostridia;o__Tissierellales;f__Sedimentibacteraceae;g__Sedimentibacter,0.12554278901949212,0.1738026124818578,-0.42810231997948056,0.9245742100295696,False
d__Bacteria;p__Firmicutes_A;c__Clostridia;o__Christensenellales;f__UBA1750;g__Spyradocola,0.797626204907562,-0.029390420899854774,-3.0780444798046336,0.9923878677730211,False
d__Bacteria;p__Firmicutes_A;c__Clostridia;o__Oscillospirales;f__Oscillospiraceae;g__UMGS1202,0.001561188882480115,0.3584905660377359,-1.456748476076365,0.923680856214202,False
d__Bacteria;p__Firmicutes_A;c__Clostridia;o__Christensenellales;f__UBA1242;g__HGM11367,0.41834308497483075,-0.070754716981132,0.31045894542089797,0.9631274116315901,False
d__Bacteria;p__Firmicutes;c__Bacilli;o__RF39;f__UBA660;g__UBA5026,0.67896471190136,0.047169811320754707,-0.8424270865045348,0.9823494225683177,False
d__Bacteria;p__Firmicutes_A;c__Clostridia;o__Acetivibrionales;f__Acetivibrionaceae;g__Acetivibrio,0.002612215318733623,-0.2656023222060957,1.953473015734268,0.923680856214202,False
d__Bacteria;p__Spirochaetota;c__Spirochaetia;o__Sphaerochaetales;f__Sphaerochaetaceae;g__Bullifex,0.6317912948905562,-0.05079825834542806,0.4784296188961479,0.9735426534685343,False
d__Bacteria;p__Actinobacteriota;c__Actinomycetia;o__Actinomycetales;f__Actinomycetaceae;g__Peptidiphaga,0.5654307412762224,-0.052249637155297624,-0.8481213342014537,0.9684073134281785,False
d__Bacteria;p__Firmicutes_A;c__Clostridia;o__Oscillospirales;f__Acutalibacteraceae;g__UBA8612,0.8192223888658205,-0.02539912917271403,0.5070355878931471,0.9923878677730211,False
d__Bacteria;p__Firmicutes_A;c__Clostridia;o__Lachnospirales;f__UBA1390;g__RUG760,0.2547227617045329,-0.12481857764876625,0.5709640201386242,0.9631274116315901,False
d__Bacteria;p__Desulfobacterota_I;c__Desulfovibrionia;o__Desulfovibrionales;f__Desulfovibrionaceae;g__Cupidesulfovibrio,0.5175814267687551,-0.055878084179970866,1.4372480808153243,0.9675572276869043,False
d__Bacteria;p__Bacteroidota;c__Bacteroidia;o__Bacteroidales;f__Rikenellaceae;g__UBA940,0.12628752898956044,-0.1734397677793904,0.6336736959513269,0.9245742100295696,False
d__Bacteria;p__Bacteroidota;c__Bacteroidia;o__Bacteroidales;f__Paludibacteraceae;g__RF16,0.5447354541947114,-0.06894049346879538,-0.20972415349860465,0.9675572276869043,False
d__Bacteria;p__Firmicutes;c__Bacilli;o__Paenibacillales;f__Paenibacillaceae;g__Paenibacillus_Z,0.7617285971698619,0.0341074020319303,-0.02117609121875521,0.9889498781900884,False
d__Bacteria;p__Firmicutes_A;c__Clostridia;o__Oscillospirales;f__Acutalibacteraceae;g__UMGS1484,0.39927262289093546,0.09579100145137875,-0.4431308367617615,0.9631274116315901,False
d__Bacteria;p__Firmicutes_A;c__Clostridia;o__Lachnospirales;f__Lachnospiraceae;g__Clostridium_AP,0.8400033261862369,0.023222060957910018,0.09451523335821256,0.9934511936686962,False
d__Bacteria;p__Firmicutes_A;c__Clostridia;o__Oscillospirales;f__Ruminococcaceae;g__HGM13233,0.25572839293390015,-0.1052249637155298,0.3056790548932109,0.9631274116315901,False
d__Bacteria;p__Bacteroidota;c__Bacteroidia;o__Bacteroidales;f__CHK158-818;g__Gallibacteroides,0.6782734542045222,0.047169811320754707,-1.9774928691193205,0.9823494225683177,False
d__Bacteria;p__Proteobacteria;c__Gammaproteobacteria;o__Burkholderiales;f__Burkholderiaceae;g__Caballeronia,0.32136896508595925,-0.11248185776487674,1.536760718134616,0.9631274116315901,False
d__Bacteria;p__Proteobacteria;c__Gammaproteobacteria;o__Xanthomonadales;f__Xanthomonadaceae;g__Xanthomonas,0.7856284964415806,-0.030478955007256836,0.32039166545983877,0.9923878677730211,False
d__Bacteria;p__Firmicutes_A;c__Clostridia;o__Lachnospirales;f__Lachnospiraceae;g__RGIG3002,0.24650121880546527,-0.13134978229317862,0.34004403488285234,0.9631274116315901,False
d__Bacteria;p__Firmicutes;c__Bacilli;o__Lactobacillales;f__Enterococcaceae;g__Enterococcus_C,0.3120694568019644,0.10885341074020316,4.855620007574969,0.9631274116315901,False
d__Bacteria;p__Bacteroidota;c__Bacteroidia;o__Bacteroidales;f__Porphyromonadaceae;g__Porphyromonas,0.43991401146597675,0.08780841799709727,0.23291198630583354,0.9631274116315901,False
d__Bacteria;p__Bacteroidota;c__Bacteroidia;o__Bacteroidales;f__Bacteroidaceae;g__Bacteroides_E,0.7533835468025847,-0.035921625544267144,0.2546850508052306,0.9866715788709012,False
d__Bacteria;p__Firmicutes_A;c__Clostridia;o__Oscillospirales;f__Ruminococcaceae;g__Egerieicola,0.14777003575174358,0.15892597968069666,-5.557814507592165,0.9245742100295696,False
d__Bacteria;p__Firmicutes_A;c__Clostridia;o__Oscillospirales;f__CAG-272;g__UBA1740,0.7510405198096624,-0.036284470246734424,0.1985707550949168,0.9861181920538787,False
d__Bacteria;p__Bacteroidota;c__Bacteroidia;o__Bacteroidales;f__Muribaculaceae;g__HGM05232,0.8093172795742455,-0.027576197387518153,0.851186833832684,0.9923878677730211,False
d__Bacteria;p__Actinobacteriota;c__Actinomycetia;o__Actinomycetales;f__Microbacteriaceae;g__Cryobacterium,0.3284906207738494,-0.1048621190130623,-0.13312828704023238,0.9631274116315901,False
d__Bacteria;p__Proteobacteria;c__Alphaproteobacteria;o__Caulobacterales;f__Caulobacteraceae;g__Phenylobacterium,0.5071895030680905,0.0736574746008708,-0.039580511069856994,0.9655791160136714,False
d__Bacteria;p__Firmicutes_A;c__Clostridia;o__Oscillospirales;f__Oscillospiraceae;g__HGM12998,0.6125997081592112,-0.05769230769230771,0.024403145712708973,0.9735426534685343,False
d__Bacteria;p__Proteobacteria;c__Gammaproteobacteria;o__Burkholderiales;f__Burkholderiaceae;g__Comamonas,0.8953181100829248,-0.015239477503628418,-0.16110292446264696,0.9983915236170603,False
d__Bacteria;p__Bacteroidota;c__Bacteroidia;o__Flavobacteriales;f__Flavobacteriaceae;g__Marixanthomonas,0.4475402637409538,0.07184325108853407,-0.4918306696205204,0.9631274116315901,False
d__Bacteria;p__Bacteroidota;c__Bacteroidia;o__Bacteroidales;f__Bacteroidaceae;g__Phocaeicola_A,0.6606273681608527,0.0500725689404935,0.04567110397924413,0.9823494225683177,False
d__Bacteria;p__Bacteroidota;c__Bacteroidia;o__Cytophagales;f__Microscillaceae;g__Microscilla,0.5385618522650157,0.05587808417997098,-0.09499523678805302,0.9675572276869043,False
d__Bacteria;p__Cyanobacteria;c__Cyanobacteriia;o__Cyanobacteriales;f__Microcystaceae_A;g__Crocosphaera,0.08011074000605467,-0.16182873730043545,3.1600070913904585,0.9245742100295696,False
d__Bacteria;p__Firmicutes_A;c__Clostridia;o__Saccharofermentanales;f__Saccharofermentanaceae;g__Firm-16,0.2684596154825277,-0.12554426705370103,0.20270684605735687,0.9631274116315901,False
d__Bacteria;p__Proteobacteria;c__Gammaproteobacteria;o__Enterobacterales;f__Aeromonadaceae;g__Aeromonas,0.40893637490714496,-0.09143686502177073,1.2460422075990512,0.9631274116315901,False
d__Bacteria;p__Firmicutes_A;c__Clostridia;o__Lachnospirales;f__Lachnospiraceae;g__Hespellia,0.39927262289093546,-0.09579100145137875,-0.9600402061118998,0.9631274116315901,False
d__Bacteria;p__Firmicutes_B;c__Dehalobacteriia;o__UBA4068;f__UBA4068;g__HGM13862,0.20189774571504326,0.13280116110304785,-0.3443828879525863,0.9526263217058536,False
d__Bacteria;p__Firmicutes;c__Bacilli;o__Bacillales_B;f__Bacillaceae_K;g__Bacillus_T,0.9839654458376063,-0.002177068214804123,1.7216645256626972,0.9999342540345002,False
d__Bacteria;p__Firmicutes_A;c__Clostridia;o__Oscillospirales;f__Ruminococcaceae;g__RGIG3102,0.6745891964582094,-0.04789550072568938,0.06270767281498103,0.9823494225683177,False
d__Bacteria;p__Desulfobacterota_I;c__Desulfovibrionia;o__Desulfovibrionales;f__Desulfovibrionaceae;g__Desulfovibrio,0.39927262289093546,-0.09579100145137875,0.23109016808784155,0.9631274116315901,False
d__Bacteria;p__Bacteroidota;c__Bacteroidia;o__Flavobacteriales;f__Flavobacteriaceae;g__Gillisia,0.8158718239493216,0.023222060957910018,-0.03699394212300515,0.9923878677730211,False
d__Bacteria;p__Bacteroidota;c__Bacteroidia;o__Bacteroidales;f__Marinilabiliaceae;g__Saccharicrinis,0.6646253858608201,-0.04898403483309144,-0.11202096799512896,0.9823494225683177,False
d__Bacteria;p__Firmicutes_C;c__Negativicutes;o__Selenomonadales;f__Selenomonadaceae;g__Quinella,0.6792784517499678,-0.04716981132075482,0.12697004545718707,0.9823494225683177,False
d__Bacteria;p__Firmicutes_A;c__Clostridia;o__Lachnospirales;f__Lachnospiraceae;g__RGIG7926,0.25049660759929804,-0.12735849056603765,0.27931142130711173,0.9631274116315901,False
d__Bacteria;p__Firmicutes_A;c__Clostridia;o__Oscillospirales;f__Oscillospiraceae;g__Pelethomonas,0.3712786336908803,-0.10159651669085634,-0.5565755652164099,0.9631274116315901,False
d__Bacteria;p__Proteobacteria;c__Gammaproteobacteria;o__Xanthomonadales;f__Xanthomonadaceae;g__Pseudoxanthomonas,0.5911105620075137,-0.05043541364296078,0.11436790105911467,0.9700473199511053,False
d__Bacteria;p__Firmicutes_A;c__Clostridia;o__UBA1381;f__UBA1381;g__Avimonoglobus,0.8761633074214371,0.01669085631349787,-0.7135904026351495,0.9940416947398667,False
d__Bacteria;p__Proteobacteria;c__Alphaproteobacteria;o__Rhodobacterales;f__Rhodobacteraceae;g__Sulfitobacter,0.9828830127066401,0.002177068214804012,-0.5542385790275904,0.9999342540345002,False
d__Bacteria;p__Firmicutes_A;c__Clostridia;o__Oscillospirales;f__Acutalibacteraceae;g__Caproicibacter,0.36108036741636773,-0.10377358490566047,0.06724055790468693,0.9631274116315901,False
d__Bacteria;p__Cyanobacteria;c__Vampirovibrionia;o__Gastranaerophilales;f__Gastranaerophilaceae;g__Avigastranaerophilus,0.030281422641499984,-0.23512336719883886,0.08390557179032285,0.923680856214202,False
d__Bacteria;p__Firmicutes_A;c__Clostridia;o__Lachnospirales;f__Lachnospiraceae;g__SIG307,0.1650258340975984,-0.1574746008708272,-0.04063096252959113,0.9245742100295696,False
d__Bacteria;p__Proteobacteria;c__Gammaproteobacteria;o__Pseudomonadales;f__Marinomonadaceae;g__Marinomonas,0.2031980156458396,-0.14368650217706813,1.2680019309524648,0.9526263217058536,False
d__Bacteria;p__Firmicutes_A;c__Clostridia;o__Oscillospirales;f__Oscillospiraceae;g__CAJFPI01,0.32830585905513676,0.11103047895500728,-0.8491749942546247,0.9631274116315901,False
d__Bacteria;p__Campylobacterota;c__Campylobacteria;o__Campylobacterales;f__Helicobacteraceae;g__Helicobacter_D,0.9826193748016874,0.002177068214804012,0.4483324593839397,0.9999342540345002,False
d__Bacteria;p__Actinobacteriota;c__Coriobacteriia;o__Coriobacteriales;f__Atopobiaceae;g__Thermophilibacter,0.9539207106848744,-0.006894049346879427,0.14480587270055176,0.9999342540345002,False
d__Bacteria;p__Bacteroidota;c__Bacteroidia;o__Bacteroidales;f__Tenuifilaceae;g__UBA8529,0.2931403265313759,-0.11393323657474608,0.7565071172248807,0.9631274116315901,False
d__Bacteria;p__Firmicutes_A;c__Clostridia;o__Lachnospirales;f__Lachnospiraceae;g__Anaerosporobacter,0.9437292008676782,0.00834542815674888,-3.5059879542388233,0.9999342540345002,False
d__Bacteria;p__Proteobacteria;c__Alphaproteobacteria;o__Acetobacterales;f__Acetobacteraceae;g__Acetobacter,0.6009079213295212,-0.05805515239477499,0.23274952739237906,0.9700473199511053,False
d__Bacteria;p__Firmicutes;c__Bacilli;o__Erysipelotrichales;f__Erysipelotrichaceae;g__Breznakia,0.15707214892422225,0.1578374455732946,-1.3291200411929143,0.9245742100295696,False
d__Bacteria;p__Bacteroidota;c__Bacteroidia;o__Bacteroidales;f__VadinHA17;g__SR-FBR-E99,0.21575274882501116,0.1393323657474601,-0.19071446764876862,0.9601236516447835,False
d__Bacteria;p__Proteobacteria;c__Gammaproteobacteria;o__Pseudomonadales;f__Pseudohongiellaceae;g__UBA9145,0.5732925350208959,-0.05478955007256903,0.2113596757562744,0.9684073134281785,False
d__Bacteria;p__Cyanobacteria;c__Vampirovibrionia;o__Gastranaerophilales;f__Gastranaerophilaceae;g__Scatousia,0.7510467590187857,0.036284470246734424,0.040339129181504965,0.9861181920538787,False
d__Bacteria;p__Firmicutes_A;c__Clostridia;o__Lachnospirales;f__Lachnospiraceae;g__Merdisoma,0.023473082044742754,-0.2568940493468794,0.7719063866665644,0.923680856214202,False
d__Bacteria;p__Firmicutes_A;c__Clostridia;o__Lachnospirales;f__Lachnospiraceae;g__UBA1267,0.47479454768977614,0.08091436865021773,-0.3715494226596867,0.9636066785401232,False
d__Bacteria;p__Bacteroidota;c__Bacteroidia;o__Bacteroidales;f__Prolixibacteraceae;g__UBA6024,0.6186530385117743,0.05660377358490565,0.23712712526504842,0.9735426534685343,False
d__Bacteria;p__Firmicutes_A;c__Clostridia;o__Lachnospirales;f__Lachnospiraceae;g__Blautia,0.4728665701329827,0.0816400580551524,0.10601239581486128,0.9636066785401232,False
d__Bacteria;p__Firmicutes_A;c__Clostridia;o__Christensenellales;f__CAG-74;g__RUG563,0.5069784736049183,-0.07547169811320753,-0.38040720980101106,0.9655791160136714,False
d__Bacteria;p__Firmicutes_A;c__Clostridia;o__Oscillospirales;f__Acutalibacteraceae;g__Caproiciproducens,0.36439544582842387,0.10304789550072568,-0.21475352625802135,0.9631274116315901,False
d__Bacteria;p__Firmicutes_A;c__Clostridia;o__Christensenellales;f__CAG-74;g__SFMI01,0.5560029698593592,-0.06676342525399126,0.7310999342793649,0.9684073134281785,False
d__Bacteria;p__Bacteroidota;c__Bacteroidia;o__Bacteroidales;f__Prolixibacteraceae;g__Mariniphaga,0.30358979894578475,0.11248185776487662,-0.8182649304951968,0.9631274116315901,False
d__Bacteria;p__Firmicutes_A;c__Clostridia;o__Lachnospirales;f__Lachnospiraceae;g__RGIG4930,0.3405893196546632,-0.10449927431059503,0.20105054356619081,0.9631274116315901,False
d__Bacteria;p__Proteobacteria;c__Gammaproteobacteria;o__Burkholderiales;f__Burkholderiaceae;g__Pseudoduganella,0.9657358423928136,0.005079825834542806,0.14100693420248295,0.9999342540345002,False
d__Bacteria;p__Bacteroidota;c__Bacteroidia;o__Bacteroidales;f__Bacteroidaceae;g__UBA1189,0.9872143560006712,0.002177068214804012,-0.047719839309424826,0.9999342540345002,False
d__Bacteria;p__Actinobacteriota;c__Actinomycetia;o__Actinomycetales;f__Micrococcaceae;g__Kocuria,0.6691202240014248,-0.045718432510885254,0.40409845641325937,0.9823494225683177,False
d__Bacteria;p__Firmicutes_A;c__Clostridia;o__Oscillospirales;f__Oscillospiraceae;g__CAG-170,0.3510596209023069,-0.10595065312046437,0.402568122087647,0.9631274116315901,False
d__Bacteria;p__Bacteroidota;c__Bacteroidia;o__Chitinophagales;f__Chitinophagaceae;g__Parasegetibacter,0.21542822244944615,0.1237300435413643,-0.4951687069915325,0.9601236516447835,False
d__Bacteria;p__Firmicutes_A;c__Clostridia;o__UMGS1810;f__UMGS1810;g__RGIG1828,0.4991214837018625,0.07474600870827286,-1.0219775760413006,0.9655791160136714,False
d__Bacteria;p__Firmicutes_A;c__Clostridia;o__UBA1381;f__UBA1381;g__CAG-41,0.7029462924297087,-0.04354136429608135,0.04122886896797189,0.984517242781874,False
d__Bacteria;p__Actinobacteriota;c__Actinomycetia;o__Streptosporangiales;f__Streptosporangiaceae;g__Nonomuraea,0.4807687646359917,-0.08018867924528306,-0.07431118978726893,0.9653324386089055,False
d__Bacteria;p__Actinobacteriota;c__Actinomycetia;o__Mycobacteriales;f__Pseudonocardiaceae;g__Pseudonocardia,0.18994038168126737,-0.14840348330914366,0.23828340347512553,0.9451858659598089,False
d__Bacteria;p__Synergistota;c__Synergistia;o__Synergistales;f__Dethiosulfovibrionaceae;g__Pyramidobacter,0.2606753685326556,0.1259071117561683,-0.2646130652295058,0.9631274116315901,False
d__Bacteria;p__Firmicutes_A;c__Clostridia;o__Christensenellales;f__CAG-552;g__UMGS1795,0.13863068014709803,-0.16727140783744554,0.8064780633082974,0.9245742100295696,False
d__Bacteria;p__Bacteroidota;c__Bacteroidia;o__Cytophagales;f__Cyclobacteriaceae;g__Cyclobacterium,0.9869272187162055,0.002177068214804012,0.3791783494537537,0.9999342540345002,False
d__Bacteria;p__Bacteroidota;c__Bacteroidia;o__Flavobacteriales;f__Flavobacteriaceae;g__Tenacibaculum,0.1222839336970249,0.17525399129172714,-0.5832907892899685,0.9245742100295696,False
d__Bacteria;p__Firmicutes_A;c__Clostridia;o__TANB77;f__CAG-508;g__CAG-245,0.2844617988824738,0.12155297532656029,-0.5773300358071487,0.9631274116315901,False
d__Bacteria;p__Proteobacteria;c__Gammaproteobacteria;o__Burkholderiales;f__Burkholderiaceae;g__Hydrogenophaga,0.7686891602757053,0.03265602322206096,0.03432735668987926,0.9913823514119076,False
d__Bacteria;p__Bacteroidota;c__Bacteroidia;o__Cytophagales;f__Hymenobacteraceae;g__Solirubrum,0.6168984848013919,-0.044992743105950694,-0.6993355262326204,0.9735426534685343,False
d__Bacteria;p__Firmicutes_A;c__Clostridia;o__Lachnospirales;f__Lachnospiraceae;g__CAG-95,0.08644499054087024,-0.1944847605224964,0.930060888423079,0.9245742100295696,False
d__Bacteria;p__Deinococcota;c__Deinococci;o__Deinococcales;f__Deinococcaceae;g__Deinococcus,0.8549295644164023,-0.021044992743106006,0.655815281381646,0.9936956658403527,False
d__Bacteria;p__Firmicutes_A;c__Clostridia;o__Lachnospirales;f__Lachnospiraceae;g__SIG299,0.0532949159145977,-0.21915820029027566,0.2741354876256798,0.9245742100295696,False
d__Bacteria;p__Firmicutes_A;c__Clostridia;o__Oscillospirales;f__Ruminococcaceae;g__Heteroruminococcus,0.4907090323988257,0.07728592162554426,-0.5418800751288713,0.9655791160136714,False
d__Bacteria;p__Bacteroidota;c__Bacteroidia;o__Bacteroidales;f__Paludibacteraceae;g__Gallipaludibacter,0.9717968682122947,0.004354136429608135,-0.4567515245010056,0.9999342540345002,False
d__Bacteria;p__Actinobacteriota;c__Actinomycetia;o__Streptosporangiales;f__Streptosporangiaceae;g__Streptosporangium,0.802282012819862,-0.027576197387518153,-0.5347527002903539,0.9923878677730211,False
d__Bacteria;p__Firmicutes_A;c__Clostridia;o__Lachnospirales;f__Lachnospiraceae;g__Acetatifactor,0.03696349598018581,-0.2365747460087082,1.4983481619700911,0.923680856214202,False
d__Bacteria;p__Nitrospirota;c__Nitrospiria;o__Nitrospirales;f__Nitrospiraceae;g__Nitrospira_F,0.5566425426113348,-0.055152394775036306,-0.3027493477628324,0.9684073134281785,False
d__Bacteria;p__Bacteroidota;c__Bacteroidia;o__Flavobacteriales;f__Flavobacteriaceae;g__Flavivirga,0.3536980720296288,-0.09071117561683595,0.2871282853099645,0.9631274116315901,False
d__Bacteria;p__Verrucomicrobiota;c__Verrucomicrobiae;o__Opitutales;f__CAG-312;g__Merdousia,0.9201890016188571,-0.011611030478954953,3.8026374991056175,0.9984370467472549,False
d__Bacteria;p__Firmicutes_A;c__Clostridia;o__Oscillospirales;f__CAG-382;g__UMGS1052,0.9407408792660988,-0.00870827285921627,0.5886221525802203,0.9999342540345002,False
d__Bacteria;p__Proteobacteria;c__Alphaproteobacteria;o__Rhodobacterales;f__Rhodobacteraceae;g__Roseovarius,0.44175062873323756,-0.08200290275761968,0.4036210144375143,0.9631274116315901,False
d__Bacteria;p__Firmicutes_A;c__Clostridia;o__Oscillospirales;f__Oscillospiraceae;g__F23-B02,0.28879736367620334,-0.12046444121915822,0.537625233199136,0.9631274116315901,False
d__Bacteria;p__Firmicutes_A;c__Clostridia;o__Lachnospirales;f__Lachnospiraceae;g__Muricomes,0.6284616518213366,-0.055152394775036306,0.11671845098653763,0.9735426534685343,False
d__Bacteria;p__Firmicutes;c__Bacilli;o__Bacillales_B;f__DSM-18226;g__Neobacillus,0.8777416325862092,-0.01777939042089982,0.217961952560417,0.9944808495789663,False
d__Bacteria;p__Bacteroidota;c__Bacteroidia;o__Bacteroidales;f__Prolixibacteraceae;g__UBA1413,0.8217980250317694,0.02503628447024675,-0.009138933435669702,0.9923878677730211,False
d__Bacteria;p__Firmicutes_A;c__Clostridia;o__Oscillospirales;f__Ruminococcaceae;g__UBA1394,0.2661411469633078,0.1262699564586357,0.23903279010091857,0.9631274116315901,False
d__Bacteria;p__Firmicutes_A;c__Clostridia;o__Oscillospirales;f__Acutalibacteraceae;g__RUG592,0.3506097318088419,0.10595065312046448,-0.4014634767968077,0.9631274116315901,False
d__Bacteria;p__Bacteroidota;c__Bacteroidia;o__Bacteroidales;f__VadinHA17;g__LD21,0.6398079695100245,0.053338171262699574,-0.03092960445433496,0.9780855200883831,False
d__Bacteria;p__Firmicutes;c__Bacilli;o__Bacillales_A;f__Planococcaceae;g__Ureibacillus,0.43270541647448846,-0.08563134978229314,0.14125867287092683,0.9631274116315901,False
d__Bacteria;p__Actinobacteriota;c__Coriobacteriia;o__Coriobacteriales;f__Eggerthellaceae;g__Adlercreutzia,0.7878280077508172,-0.030478955007256836,0.1932906031389606,0.9923878677730211,False
d__Bacteria;p__Firmicutes_A;c__Clostridia;o__Peptostreptococcales;f__Anaerovoracaceae;g__Eubacterium_T,0.773999652772649,-0.03265602322206096,0.3544381267132293,0.9923878677730211,False
d__Bacteria;p__Firmicutes_A;c__Clostridia;o__Lachnospirales;f__Lachnospiraceae;g__ISDg,0.2771208305905696,-0.12336719883889691,0.12282637985975012,0.9631274116315901,False
d__Bacteria;p__Bacteroidota;c__Bacteroidia;o__Bacteroidales;f__Paludibacteraceae;g__H1,0.04098732779369583,0.22423802612481858,-1.6594418210112587,0.9245742100295696,False
d__Bacteria;p__Proteobacteria;c__Gammaproteobacteria;o__Burkholderiales;f__Burkholderiaceae;g__Aquabacterium,0.5970789473771388,-0.053701015965166965,0.42263847333018856,0.9700473199511053,False
d__Bacteria;p__Firmicutes_A;c__Clostridia;o__TANB77;f__CAG-508;g__CAG-452,0.9406182346102844,-0.00870827285921627,-1.6402431558510915,0.9999342540345002,False
d__Bacteria;p__Firmicutes_A;c__Clostridia;o__UBA1381;f__UMGS1253;g__Aphodoplasma,0.45410723440967926,-0.08309143686502174,0.056542386974307086,0.9631274116315901,False
d__Bacteria;p__Firmicutes_A;c__Clostridia;o__Tissierellales;f__Peptoniphilaceae;g__Helcococcus,0.2921919683698627,-0.09651669085631354,1.2371215235020399,0.9631274116315901,False
d__Bacteria;p__Firmicutes_C;c__Negativicutes;o__Selenomonadales;f__Selenomonadaceae;g__Selenomonas_B,0.1492532825009606,-0.12046444121915822,0.32910664905385495,0.9245742100295696,False
d__Bacteria;p__Bacteroidota;c__Bacteroidia;o__Bacteroidales;f__WCHB1-69;g__RUG11942,0.3528463383792233,-0.09288824383164007,0.519063804006135,0.9631274116315901,False
d__Bacteria;p__Firmicutes_A;c__Clostridia;o__Christensenellales;f__CAG-74;g__RUG740,0.5323509282264671,-0.07039187227866472,0.05646843766921709,0.9675572276869043,False
d__Bacteria;p__Proteobacteria;c__Gammaproteobacteria;o__Enterobacterales;f__Enterobacteriaceae;g__Citrobacter,0.3149936686765056,0.11393323657474597,-0.5421048208036197,0.9631274116315901,False
d__Bacteria;p__Firmicutes_A;c__Clostridia;o__Lachnospirales;f__Lachnospiraceae;g__JAGTTR01,0.012100678459056293,-0.2844702467343976,1.1784474535343414,0.923680856214202,False
d__Bacteria;p__Chloroflexota;c__Anaerolineae;o__Anaerolineales;f__EnvOPS12;g__OLB14,0.2455047111339277,-0.1284470246734397,0.42834291737881214,0.9631274116315901,False
d__Bacteria;p__Proteobacteria;c__Gammaproteobacteria;o__Burkholderiales;f__Burkholderiaceae;g__Herbaspirillum,0.624549477287108,-0.053701015965166965,1.0120104176404032,0.9735426534685343,False
d__Bacteria;p__Proteobacteria;c__Gammaproteobacteria;o__Enterobacterales;f__Enterobacteriaceae;g__Xenorhabdus,0.8983046615928744,0.014513788098693747,1.0856975049963506,0.9983915236170603,False
d__Bacteria;p__Proteobacteria;c__Alphaproteobacteria;o__Rhodobacterales;f__Rhodobacteraceae;g__Fluviibacterium,0.763903750410573,-0.02648766328011609,1.5853766309840582,0.9889498781900884,False
d__Bacteria;p__Patescibacteria;c__Saccharimonadia;o__Saccharimonadales;f__Nanosyncoccaceae;g__UBA2834,0.1438087878422595,0.14876632801161105,-1.6621580799821154,0.9245742100295696,False
d__Bacteria;p__Firmicutes;c__Bacilli;o__RF39;f__UBA660;g__HGM10836,0.46712615557981996,-0.07619738751814231,-1.5060770666670305,0.9636066785401232,False
d__Bacteria;p__Firmicutes_A;c__Clostridia;o__Lachnospirales;f__Lachnospiraceae;g__Ruminococcus_G,0.7252899679074489,-0.03991291727140789,0.3045911593395848,0.9861181920538787,False
d__Bacteria;p__Cyanobacteria;c__Cyanobacteriia;o__Cyanobacteriales;f__Nostocaceae;g__Calothrix,0.49566450197933565,-0.0682148040638606,-0.18080707240581004,0.9655791160136714,False
d__Bacteria;p__Firmicutes;c__Bacilli;o__Bacillales_H;f__Salisediminibacteriaceae;g__Alkalicoccus,0.3127166213270357,-0.08817126269956455,0.363392106158882,0.9631274116315901,False
d__Bacteria;p__Proteobacteria;c__Gammaproteobacteria;o__Pseudomonadales;f__Cellvibrionaceae;g__Microbulbifer,0.5937982499634251,0.05696661828737304,0.1287023466158202,0.9700473199511053,False
d__Bacteria;p__Firmicutes_A;c__Clostridia;o__Peptostreptococcales;f__Anaerovoracaceae;g__VUNA01,0.11177614581930852,-0.17851959361393321,2.7768005902221238,0.9245742100295696,False
d__Bacteria;p__Bacteroidota;c__Bacteroidia;o__Flavobacteriales;f__Weeksellaceae;g__Cloacibacterium,0.6909405544860419,-0.03846153846153855,0.5593344227415734,0.9823494225683177,False
d__Bacteria;p__Firmicutes_A;c__Clostridia;o__Oscillospirales;f__Acutalibacteraceae;g__RGIG426,0.8610332919769904,-0.01741654571843254,-0.2747710033640359,0.9940416947398667,False
d__Bacteria;p__Bacteroidota;c__Bacteroidia;o__Bacteroidales;f__FEN-979;g__QYOJ01,0.9317951211560994,-0.007256894049346929,0.32592447892690973,0.9999342540345002,False
d__Bacteria;p__Firmicutes;c__Bacilli;o__Erysipelotrichales;f__Erysipelotrichaceae;g__Holdemanella,0.3412169434712504,-0.10812772133526849,0.8887427670848951,0.9631274116315901,False
d__Bacteria;p__Bacteroidota;c__Bacteroidia;o__Sphingobacteriales;f__Sphingobacteriaceae;g__Mucilaginibacter,0.19214666611405595,0.14804063860667638,-0.33957461039011666,0.9451858659598089,False
d__Bacteria;p__Bacteroidota;c__Bacteroidia;o__Bacteroidales;f__P3;g__Onthomorpha,0.7583369169220222,0.03519593613933236,0.2529415613195492,0.9889498781900884,False
d__Bacteria;p__Proteobacteria;c__Gammaproteobacteria;o__Enterobacterales;f__Enterobacteriaceae;g__Enterobacter_A,0.758583370694139,-0.02467343976777947,2.0299310284786536,0.9889498781900884,False
d__Bacteria;p__Firmicutes_A;c__Clostridia;o__Tissierellales;f__Peptoniphilaceae;g__Fenollaria,0.13993065402602758,-0.1502177068214805,0.8429195637364106,0.9245742100295696,False
d__Bacteria;p__Bacteroidota;c__Bacteroidia;o__Bacteroidales;f__Dysgonomonadaceae;g__UBA5508,0.14678143828061363,0.1523947750362845,-1.7498843591567133,0.9245742100295696,False
d__Bacteria;p__Firmicutes_C;c__Negativicutes;o__Acidaminococcales;f__Acidaminococcaceae;g__CAG-266,0.31261520116064745,-0.11465892597968064,-2.2861165384046425,0.9631274116315901,False
d__Bacteria;p__Bacteroidota;c__Bacteroidia;o__Bacteroidales;f__Paludibacteraceae;g__UBA1181,0.8626028414862502,-0.019956458635703944,-0.1061521166603138,0.9940416947398667,False
d__Bacteria;p__Firmicutes_A;c__Clostridia;o__Oscillospirales;f__Acutalibacteraceae;g__UMGS263,0.8777262226857038,0.01777939042089982,-2.341164010120381,0.9944808495789663,False
d__Bacteria;p__Firmicutes_A;c__Clostridia;o__Lachnospirales;f__Lachnospiraceae;g__UBA3402,0.12166626882923766,-0.17561683599419453,0.702103934447205,0.9245742100295696,False
d__Bacteria;p__Firmicutes_A;c__Clostridia;o__TANB77;f__CAG-508;g__UMGS1994,0.8820404836432025,-0.015239477503628418,-3.0620078194984215,0.9944808495789663,False
d__Bacteria;p__Bacteroidota;c__Bacteroidia;o__Bacteroidales;f__Prolixibacteraceae;g__Puteibacter,0.8706616880787733,-0.0159651669085632,1.832022958768638,0.9940416947398667,False
d__Bacteria;p__Firmicutes_A;c__Clostridia;o__Lachnospirales;f__Lachnospiraceae;g__CAG-590,0.2055798993298401,-0.14368650217706813,0.21144333676426438,0.9528841985103674,False
d__Bacteria;p__Firmicutes;c__Bacilli;o__Staphylococcales;f__Staphylococcaceae;g__Macrococcus,0.742282381607976,-0.02685050798258337,2.4373751391968206,0.9861181920538787,False
d__Bacteria;p__Firmicutes_A;c__Clostridia;o__Lachnospirales;f__Lachnospiraceae;g__UBA3282,0.21968795158982934,-0.1393323657474601,0.16559398362698216,0.9631274116315901,False
d__Bacteria;p__Bacteroidota;c__Bacteroidia;o__Chitinophagales;f__Chitinophagaceae;g__JAAFHG01,0.05192108385157493,-0.16473149492017414,1.3463008912111445,0.9245742100295696,False
d__Bacteria;p__Firmicutes_C;c__Negativicutes;o__Veillonellales;f__Veillonellaceae;g__F0422,0.15545716882303576,-0.158200290275762,1.370546067932172,0.9245742100295696,False
d__Bacteria;p__Bacteroidota;c__Bacteroidia;o__Cytophagales;f__Hymenobacteraceae;g__Rufibacter,0.5559327352819519,-0.06531204644412192,-0.031161577938018496,0.9684073134281785,False
d__Bacteria;p__Bacteroidota;c__Bacteroidia;o__Bacteroidales;f__Muribaculaceae;g__Sodaliphilus,0.3510596209023069,-0.10595065312046437,0.25088346901019576,0.9631274116315901,False
d__Bacteria;p__Firmicutes_A;c__Clostridia;o__Oscillospirales;f__Acutalibacteraceae;g__Eubacterium_R,0.49893689754662884,-0.07692307692307687,0.7471930762333459,0.9655791160136714,False
d__Bacteria;p__Firmicutes_A;c__Clostridia;o__Oscillospirales;f__Oscillospiraceae;g__Marseille-P3106,0.7172632793334421,-0.04136429608127723,0.315150723362891,0.9861181920538787,False
d__Bacteria;p__Bacteroidota;c__Bacteroidia;o__Bacteroidales;f__Bacteroidaceae;g__OM05-12,0.15850033092626237,0.16001451378809872,0.044354060440626175,0.9245742100295696,False
d__Bacteria;p__Firmicutes_A;c__Clostridia;o__Christensenellales;f__CAG-74;g__UBA4246,0.008055220446339271,-0.2975326560232221,0.6822128969451932,0.923680856214202,False
d__Bacteria;p__Proteobacteria;c__Gammaproteobacteria;o__Enterobacterales;f__Enterobacteriaceae;g__Kluyvera,0.9454137778715479,-0.007982583454281489,3.4442819256174557,0.9999342540345002,False
d__Bacteria;p__Bacteroidota;c__Bacteroidia;o__Flavobacteriales;f__Weeksellaceae;g__Elizabethkingia,0.3461521714761788,0.10486211901306242,-0.3041196747076191,0.9631274116315901,False
d__Bacteria;p__Bacteroidota;c__Bacteroidia;o__Bacteroidales;f__Tannerellaceae;g__Massilibacteroides,0.17844499331582608,0.1523947750362845,-0.2615650553734708,0.9382605408495559,False
d__Bacteria;p__Firmicutes_A;c__Clostridia;o__Lachnospirales;f__Lachnospiraceae;g__CAG-317,0.6513789831849658,0.05152394775036284,1.3486772907681472,0.9823494225683177,False
d__Bacteria;p__Bacteroidota;c__Bacteroidia;o__Bacteroidales;f__Muribaculaceae;g__Avimuribaculum,0.4064817283608426,0.09433962264150941,-0.28723248789681793,0.9631274116315901,False
d__Bacteria;p__Proteobacteria;c__Alphaproteobacteria;o__RF32;f__CAG-239;g__RUG410,0.3917626192600674,-0.0972423802612481,0.13645507637418614,0.9631274116315901,False
d__Bacteria;p__Firmicutes_A;c__Clostridia;o__Lachnospirales;f__Lachnospiraceae;g__Lachnobacterium,0.19641879803175877,-0.14586357039187225,0.5010064597391939,0.9526263217058536,False
d__Bacteria;p__Firmicutes_A;c__Clostridia;o__Lachnospirales;f__Lachnospiraceae;g__Scybalocola,0.6910906186633964,0.045355587808417974,-0.916572157721712,0.9823494225683177,False
d__Bacteria;p__Firmicutes_A;c__Clostridia;o__Oscillospirales;f__Ruminococcaceae;g__Massilioclostridium,0.933596574516049,-0.009796806966618332,0.2102995459317569,0.9999342540345002,False
d__Bacteria;p__Proteobacteria;c__Gammaproteobacteria;o__Enterobacterales;f__Aeromonadaceae;g__Tolumonas,0.8954369416341456,-0.015239477503628418,0.063816209465869,0.9983915236170603,False
d__Bacteria;p__Firmicutes_A;c__Clostridia;o__Lachnospirales;f__Lachnospiraceae;g__CAJMNU01,0.6326101435346021,0.05297532656023218,-0.7610253918769854,0.9735426534685343,False
d__Bacteria;p__Bacteroidota;c__Bacteroidia;o__Bacteroidales;f__BM523;g__JACQWN01,0.4138910749580895,0.08635703918722781,-0.457275316554718,0.9631274116315901,False
d__Bacteria;p__Firmicutes_A;c__Clostridia;o__Oscillospirales;f__Acutalibacteraceae;g__SIG607,0.8127925960908609,-0.02394775036284469,0.8288204134055195,0.9923878677730211,False
d__Bacteria;p__Firmicutes_A;c__Clostridia;o__Oscillospirales;f__Ruminococcaceae;g__Ruminococcus_C,0.45526648636204825,0.08490566037735847,-0.2915702352537098,0.9631274116315901,False
d__Bacteria;p__Firmicutes_A;c__Clostridia;o__Lachnospirales;f__Lachnospiraceae;g__Agathobacter,0.35772534804411027,-0.10449927431059503,0.5324426431776617,0.9631274116315901,False
d__Bacteria;p__Firmicutes_A;c__Clostridia;o__Lachnospirales;f__Lachnospiraceae;g__Eisenbergiella,0.6330210078607061,0.054426705370101636,-0.4725263686374034,0.9735426534685343,False
d__Bacteria;p__Firmicutes;c__Bacilli;o__Lactobacillales;f__Aerococcaceae;g__Facklamia,0.9751364029960731,-0.0036284470246734646,1.2682328310199384,0.9999342540345002,False
d__Bacteria;p__Verrucomicrobiota;c__Verrucomicrobiae;o__Verrucomicrobiales;f__Verrucomicrobiaceae;g__Prosthecobacter,0.6780904171837676,0.045718432510885365,-0.8552954857771708,0.9823494225683177,False
d__Bacteria;p__Bacteroidota;c__Bacteroidia;o__Bacteroidales;f__Lentimicrobiaceae;g__Lentimicrobium,0.08227324981876964,0.19593613933236576,-0.09633914433849294,0.9245742100295696,False
d__Bacteria;p__Firmicutes_A;c__Clostridia;o__Lachnospirales;f__Lachnospiraceae;g__UBA9414,0.30063022118847216,-0.11756168359941954,0.14871591002226928,0.9631274116315901,False
d__Bacteria;p__Firmicutes_A;c__Clostridia;o__Oscillospirales;f__Acutalibacteraceae;g__Anaeromassilibacillus,0.22699697094210536,0.13715529753265598,0.29906100550084896,0.9631274116315901,False
d__Bacteria;p__Firmicutes_A;c__Clostridia;o__Christensenellales;f__CAG-138;g__UBA3857,0.7221701087421497,-0.038098693759071045,0.29282010529752434,0.9861181920538787,False
d__Bacteria;p__Firmicutes_A;c__Clostridia;o__Lachnospirales;f__UBA1390;g__NSJ-32,0.4512502868410043,-0.08526850507982586,-0.11144733685982527,0.9631274116315901,False
d__Bacteria;p__Firmicutes;c__Bacilli;o__Paenibacillales;f__NBRC-103111;g__Paenibacillus_G,0.8094915606059039,-0.02648766328011609,0.915053890373786,0.9923878677730211,False
d__Bacteria;p__Actinobacteriota;c__Actinomycetia;o__Actinomycetales;f__Micrococcaceae;g__Pseudarthrobacter,0.6322585950576776,0.053701015965166854,-0.15349815690730087,0.9735426534685343,False
d__Bacteria;p__Firmicutes_A;c__Clostridia;o__UBA1212;f__UBA1255;g__Egerieisoma,0.7268427251831551,0.03991291727140789,1.2933793474674724,0.9861181920538787,False
d__Bacteria;p__Firmicutes_B;c__Dehalobacteriia;o__UBA4068;f__UBA5755;g__Avidehalobacter,0.8798658618876198,-0.01669085631349776,0.5238587409512828,0.9944808495789663,False
d__Bacteria;p__Proteobacteria;c__Gammaproteobacteria;o__Burkholderiales;f__Rhodocyclaceae;g__Azoarcus,0.37737449316864125,-0.08635703918722792,-0.6958907555705282,0.9631274116315901,False
d__Bacteria;p__Firmicutes_A;c__Clostridia;o__Oscillospirales;f__Acutalibacteraceae;g__Avimonas,0.13448065856077904,0.16981132075471694,-0.42377299150547504,0.9245742100295696,False
d__Bacteria;p__Proteobacteria;c__Alphaproteobacteria;o__Rhizobiales;f__Stappiaceae;g__Roseibium,0.029761674352677087,-0.24383164005805513,1.2624135429170302,0.923680856214202,False
d__Bacteria;p__Firmicutes_A;c__Clostridia;o__Oscillospirales;f__CAG-272;g__UMGS902,0.7656141780825146,0.0341074020319303,2.68647042087024,0.9889498781900884,False
d__Bacteria;p__Firmicutes_A;c__Clostridia;o__Oscillospirales;f__Butyricicoccaceae;g__QXXE01,0.46302081555161145,-0.08345428156748902,0.205659752595591,0.9636066785401232,False
d__Bacteria;p__Proteobacteria;c__Gammaproteobacteria;o__Enterobacterales;f__Enterobacteriaceae;g__Brenneria,0.7064520175528703,-0.03882438316400583,1.9581221929687695,0.9850029119984386,False
d__Bacteria;p__Firmicutes_A;c__Clostridia;o__Christensenellales;f__CAG-138;g__Aphodomorpha,0.5008813453618358,-0.07656023222060959,0.5056254966220416,0.9655791160136714,False
d__Bacteria;p__Proteobacteria;c__Gammaproteobacteria;o__Enterobacterales;f__Enterobacteriaceae;g__Cedecea,0.5491076028102853,-0.0631349782293178,1.3777163342656937,0.9684073134281785,False
d__Bacteria;p__Firmicutes_A;c__Clostridia;o__Lachnospirales;f__Lachnospiraceae;g__UBA11774,0.6148793675669704,-0.05732946298984043,0.6974018203748676,0.9735426534685343,False
d__Bacteria;p__Firmicutes_A;c__Clostridia;o__Oscillospirales;f__Oscillospiraceae;g__UBA2922,0.5281068452715028,-0.06676342525399126,0.5817424769077497,0.9675572276869043,False
d__Bacteria;p__Firmicutes_A;c__Clostridia;o__Christensenellales;f__CAG-74;g__HGM11604,0.6902438194498419,-0.03301886792452824,-0.3324040879149325,0.9823494225683177,False
d__Bacteria;p__Proteobacteria;c__Gammaproteobacteria;o__Pseudomonadales;f__Pseudomonadaceae;g__Pseudomonas_B,0.20238408735943147,0.10304789550072568,1.299829641709884,0.9526263217058536,False
d__Bacteria;p__Bacteroidota;c__Bacteroidia;o__Bacteroidales;f__Barnesiellaceae;g__Barnesiella,0.5278415101406017,-0.07184325108853407,0.03442660071090449,0.9675572276869043,False
d__Bacteria;p__Firmicutes_A;c__Clostridia;o__Lachnospirales;f__Lachnospiraceae;g__Oliverpabstia,0.31584303791035173,-0.11393323657474608,-0.08530248778685591,0.9631274116315901,False
d__Bacteria;p__Planctomycetota;c__Planctomycetia;o__Pirellulales;f__Thermoguttaceae;g__RUG369,0.778995351366648,-0.02539912917271403,0.138140008136617,0.9923878677730211,False
d__Bacteria;p__Bacteroidota;c__Bacteroidia;o__Bacteroidales;f__F082;g__Limimorpha,0.6171368394563859,0.05696661828737304,-0.20401070648216835,0.9735426534685343,False
d__Bacteria;p__Bacteroidota;c__Bacteroidia;o__Cytophagales;f__Hymenobacteraceae;g__Pontibacter,0.8701045348892325,-0.018867924528301883,0.06361221920259258,0.9940416947398667,False
d__Bacteria;p__Campylobacterota;c__Campylobacteria;o__Campylobacterales;f__Campylobacteraceae;g__Campylobacter_D,0.6133111390227107,-0.05660377358490565,0.6964453317507856,0.9735426534685343,False
d__Bacteria;p__Firmicutes_A;c__Clostridia;o__Lachnospirales;f__Lachnospiraceae;g__Clostridium_R,0.9412201624080448,0.00870827285921627,0.04801395128839799,0.9999342540345002,False
d__Bacteria;p__Firmicutes;c__Bacilli;o__Erysipelotrichales;f__Erysipelotrichaceae;g__UBA1783,0.3433321078842111,-0.07801161103047893,0.4744681437237774,0.9631274116315901,False
d__Bacteria;p__Firmicutes_A;c__Clostridia;o__Oscillospirales;f__Oscillospiraceae;g__RGIG5472,0.6188860247875736,0.05116110304789545,-0.2442034218949662,0.9735426534685343,False
d__Bacteria;p__Firmicutes_A;c__Clostridia;o__Lachnospirales;f__Lachnospiraceae;g__CAG-56,0.8150353374922594,0.026850507982583482,-0.11893998638357302,0.9923878677730211,False
d__Bacteria;p__Firmicutes_A;c__Clostridia;o__Lachnospirales;f__Lachnospiraceae;g__Paralachnospira_A,0.3249382313878627,0.11175616835994195,-0.4847377296638884,0.9631274116315901,False
d__Bacteria;p__Bacteroidota;c__Bacteroidia;o__Flavobacteriales;f__Flavobacteriaceae;g__Capnocytophaga,0.1565639466511611,0.1607402031930334,0.08307388286805704,0.9245742100295696,False
d__Bacteria;p__Firmicutes_A;c__Clostridia;o__Lachnospirales;f__Lachnospiraceae;g__Anaerobutyricum,0.7656843627873956,0.0341074020319303,-0.017813695347040318,0.9889498781900884,False
d__Bacteria;p__Verrucomicrobiota;c__Verrucomicrobiae;o__Verrucomicrobiales;f__Akkermansiaceae;g__Luteolibacter,0.377654955762026,-0.09869375907111766,0.40748331787332914,0.9631274116315901,False
d__Bacteria;p__Firmicutes_A;c__Clostridia;o__Christensenellales;f__Borkfalkiaceae;g__UBA1259,0.05739082567452077,-0.21552975326560242,0.5389356363564957,0.9245742100295696,False
d__Bacteria;p__Bacteroidota;c__Bacteroidia;o__Bacteroidales;f__Paludibacteraceae;g__Aphodosoma,0.9079260533022158,-0.013425253991291797,-1.3122513012039667,0.9983915236170603,False
d__Bacteria;p__Firmicutes_A;c__Clostridia;o__Lachnospirales;f__Lachnospiraceae;g__Copromonas,0.11861353790391611,-0.17706821480406387,-0.22534578920566056,0.9245742100295696,False
d__Bacteria;p__Proteobacteria;c__Gammaproteobacteria;o__Enterobacterales;f__Enterobacteriaceae;g__Dickeya,0.1461667032487778,-0.14876632801161094,1.2315935899354613,0.9245742100295696,False
d__Bacteria;p__Firmicutes_A;c__Clostridia;o__Christensenellales;f__CAG-74;g__SFTH01,0.05123128336722509,-0.21698113207547176,0.8557465547284069,0.9245742100295696,False
d__Bacteria;p__Campylobacterota;c__Campylobacteria;o__Campylobacterales;f__Sulfurimonadaceae;g__Sulfurimonas,0.8542029468260879,-0.021044992743106006,0.05275827549142716,0.9936956658403527,False
d__Bacteria;p__Chloroflexota;c__Dehalococcoidia;o__UBA2979;f__UBA2979;g__UBA6955,0.25346931848975673,0.12481857764876636,-0.30074446406487143,0.9631274116315901,False
d__Bacteria;p__Bacteroidota;c__Bacteroidia;o__Bacteroidales;f__Prolixibacteraceae;g__Prolixibacter,0.5138890263592762,-0.07220609579100135,0.49761577200507595,0.96672689681827,False
d__Bacteria;p__Firmicutes_A;c__Clostridia;o__Oscillospirales;f__Acutalibacteraceae;g__UBA1081,0.2581616228855754,-0.12772133526850515,0.9299342234363279,0.9631274116315901,False
d__Bacteria;p__Firmicutes_A;c__Clostridia;o__Oscillospirales;f__Acutalibacteraceae;g__HGM12789,0.16569379789941563,-0.15384615384615374,0.5203680709609962,0.9245742100295696,False
d__Bacteria;p__Actinobacteriota;c__Actinomycetia;o__Mycobacteriales;f__Pseudonocardiaceae;g__Lentzea,0.5804892389971159,0.06059506531204639,-0.16391964748611276,0.9700473199511053,False
d__Bacteria;p__Firmicutes_A;c__Clostridia;o__Saccharofermentanales;f__Fastidiosipilaceae;g__KA00274,0.11592303058620879,-0.16908563134978238,1.3206671332584345,0.9245742100295696,False
d__Bacteria;p__Proteobacteria;c__Gammaproteobacteria;o__Enterobacterales;f__Enterobacteriaceae;g__Photorhabdus,0.5042773256715698,-0.06894049346879538,1.7031724605938545,0.9655791160136714,False
d__Bacteria;p__Bacteroidota;c__Bacteroidia;o__Cytophagales;f__Hymenobacteraceae;g__Adhaeribacter,0.04495520985885428,0.2104499274310595,-0.7797634456102918,0.9245742100295696,False
d__Bacteria;p__Firmicutes_A;c__Clostridia;o__Oscillospirales;f__Butyricicoccaceae;g__Intestinibacillus,0.4853229331426543,0.0761973875181422,-0.9163209948687921,0.9655791160136714,False
d__Bacteria;p__Bacteroidota;c__Bacteroidia;o__Bacteroidales;f__ZOR0009;g__Acetobacteroides,0.04390039877266854,-0.19666182873730054,0.8816171662189068,0.9245742100295696,False
d__Bacteria;p__Bacteroidota;c__Bacteroidia;o__Bacteroidales;f__Bacteroidaceae;g__Prevotella,0.642174342750572,-0.05297532656023218,0.9472232120480857,0.9786210371301427,False
d__Bacteria;p__Proteobacteria;c__Gammaproteobacteria;o__Enterobacterales;f__Enterobacteriaceae;g__Ewingella,0.7372550062096914,0.028301886792452824,1.2411653486786556,0.9861181920538787,False
d__Bacteria;p__Firmicutes_A;c__Clostridia;o__Lachnospirales;f__Lachnospiraceae;g__RGIG423,0.21162301343448608,-0.14114658925979673,0.47247869861673286,0.9578570186005568,False
d__Bacteria;p__Firmicutes_A;c__Clostridia;o__Lachnospirales;f__Lachnospiraceae;g__Hungatella,0.4788154315399604,0.08055152394775034,-2.438689496956559,0.9653324386089055,False
d__Bacteria;p__Firmicutes_A;c__Clostridia;o__Peptostreptococcales;f__Anaerovoracaceae;g__BX12,0.468913004762064,0.08236574746008707,0.05991709312001687,0.9636066785401232,False
d__Bacteria;p__Proteobacteria;c__Alphaproteobacteria;o__Rhizobiales;f__Beijerinckiaceae;g__Bosea,0.7065907562987773,0.04281567489114657,-0.12807860341277577,0.9850029119984386,False
d__Bacteria;p__Firmicutes_A;c__Clostridia;o__Christensenellales;f__Christensenellaceae;g__NSJ-63,0.6956192567128301,-0.04390420899854863,0.1862084074760247,0.9823494225683177,False
d__Bacteria;p__Proteobacteria;c__Alphaproteobacteria;o__Rhizobiales;f__Rhizobiaceae;g__Sinorhizobium,0.32347727383908986,-0.10595065312046437,0.4611316791745238,0.9631274116315901,False
d__Bacteria;p__Bacteroidota;c__Bacteroidia;o__Bacteroidales;f__Prolixibacteraceae;g__Mangrovibacterium,0.9863056654806701,0.002177068214804012,0.14878325480781476,0.9999342540345002,False
d__Bacteria;p__Firmicutes;c__Bacilli;o__Lactobacillales;f__Vagococcaceae;g__Vagococcus,0.0852465778727608,-0.14368650217706813,4.591171435607997,0.9245742100295696,False
d__Bacteria;p__Bacteroidota;c__Bacteroidia;o__Bacteroidales;f__Bacteroidaceae;g__UBA1794,0.11103147291354705,0.18069666182873734,-0.4934674263610411,0.9245742100295696,False
d__Bacteria;p__Bacteroidota;c__Bacteroidia;o__Chitinophagales;f__Chitinophagaceae;g__Flavipsychrobacter,0.34119692153573633,-0.10812772133526849,0.21585900661988783,0.9631274116315901,False
d__Bacteria;p__Firmicutes_A;c__Clostridia;o__Lachnospirales;f__Lachnospiraceae;g__Velocimicrobium,0.14481605597704922,-0.16545718432510892,0.1710860306750986,0.9245742100295696,False
d__Bacteria;p__Bacteroidota;c__Bacteroidia;o__Flavobacteriales;f__Flavobacteriaceae;g__MS024-2A,0.2725502274781524,0.11175616835994195,-0.5320161329717582,0.9631274116315901,False
d__Bacteria;p__Firmicutes_A;c__Clostridia;o__Lachnospirales;f__Anaerotignaceae;g__Metalachnospira,0.5153486734529401,0.07402031930333819,-0.38739725416071136,0.96672689681827,False
d__Bacteria;p__Proteobacteria;c__Gammaproteobacteria;o__Burkholderiales;f__Chromobacteriaceae;g__Chromobacterium,0.7826362873729502,-0.02467343976777947,0.16277855467162358,0.9923878677730211,False
d__Bacteria;p__Proteobacteria;c__Gammaproteobacteria;o__Pseudomonadales;f__Pseudomonadaceae;g__Pseudomonas_D,0.28201679662038304,-0.11901306240928888,1.8987675816893803,0.9631274116315901,False
d__Bacteria;p__Myxococcota;c__Myxococcia;o__Myxococcales;f__Myxococcaceae;g__Myxococcus,0.6019109842301986,-0.05841799709724249,1.2317570674425415,0.9700473199511053,False
d__Bacteria;p__Firmicutes_A;c__Clostridia;o__Lachnospirales;f__Lachnospiraceae;g__Pseudobutyrivibrio,0.23447775634086643,-0.13497822931785186,0.4098527374552909,0.9631274116315901,False
d__Bacteria;p__Firmicutes;c__Bacilli;o__Exiguobacterales;f__Exiguobacteraceae;g__Exiguobacterium,0.8395778375393286,0.019230769230769273,0.9625865598688941,0.9934511936686962,False
d__Bacteria;p__Bacteroidota;c__Bacteroidia;o__Cytophagales;f__Cyclobacteriaceae;g__Fulvivirga,0.5266813885492543,0.0711175616835994,-0.22810972832322043,0.9675572276869043,False
d__Bacteria;p__Firmicutes_A;c__Clostridia;o__Oscillospirales;f__Acutalibacteraceae;g__UMGS1071,0.35772036412659314,-0.10449927431059503,0.31386911810370743,0.9631274116315901,False
d__Bacteria;p__Proteobacteria;c__Alphaproteobacteria;o__Rhodobacterales;f__Rhodobacteraceae;g__Paracoccus,0.11782555191954512,0.17743105950653115,0.057937388456433446,0.9245742100295696,False
d__Bacteria;p__Proteobacteria;c__Alphaproteobacteria;o__Rhizobiales;f__Rhizobiaceae;g__Rhizobium,0.03903776332758969,-0.2340348330914368,0.75861025280038,0.923680856214202,False
d__Bacteria;p__Bacteroidota;c__Bacteroidia;o__Bacteroidales;f__SZUA-534;g__GWE2-40-63,0.6738379805109882,0.04136429608127723,-1.0008805877091738,0.9823494225683177,False
d__Bacteria;p__Firmicutes_A;c__Clostridia;o__Oscillospirales;f__Butyricicoccaceae;g__JAEDEU01,0.07617774135264568,-0.14804063860667638,1.7630822234211005,0.9245742100295696,False
d__Bacteria;p__Firmicutes_A;c__Clostridia;o__Lachnospirales;f__Lachnospiraceae;g__Clostridium_Q,0.45140604932933115,0.08563134978229314,-0.7159605811065821,0.9631274116315901,False
d__Bacteria;p__Proteobacteria;c__Alphaproteobacteria;o__Sphingomonadales;f__Sphingomonadaceae;g__Sphingopyxis,0.3360090730095189,0.10921625544267055,-0.2308593781601856,0.9631274116315901,False
d__Bacteria;p__Firmicutes;c__Bacilli;o__RF39;f__UBA660;g__Coprosoma,0.18543365089058927,-0.14296081277213357,-1.429809900336037,0.9405486338429472,False
d__Bacteria;p__Proteobacteria;c__Gammaproteobacteria;o__Burkholderiales;f__Rhodocyclaceae;g__Azonexus,0.2716844319250046,-0.12481857764876625,0.5659151384385376,0.9631274116315901,False
d__Bacteria;p__Actinobacteriota;c__Actinomycetia;o__Actinomycetales;f__Microbacteriaceae;g__Microbacterium,0.9795472508300603,0.0032656023222060737,0.14059988345356805,0.9999342540345002,False
d__Bacteria;p__Proteobacteria;c__Gammaproteobacteria;o__Pseudomonadales;f__Moraxellaceae;g__Moraxella_A,0.44078518174300807,-0.07764876632801165,2.4024244397018246,0.9631274116315901,False
d__Bacteria;p__Firmicutes;c__Bacilli;o__Erysipelotrichales;f__Erysipelotrichaceae;g__Clostridium_AQ,0.7340945192593089,-0.03882438316400583,-2.032382081093824,0.9861181920538787,False
d__Bacteria;p__Proteobacteria;c__Gammaproteobacteria;o__Burkholderiales;f__Burkholderiaceae;g__Acidovorax,0.32564062086274537,-0.10957910014513783,0.19857545856852094,0.9631274116315901,False
d__Bacteria;p__Firmicutes_A;c__Clostridia;o__Lachnospirales;f__Lachnospiraceae;g__RGIG5612,0.43600928299630615,-0.08853410740203183,0.1723567798413484,0.9631274116315901,False
d__Bacteria;p__Firmicutes_A;c__Clostridia;o__Oscillospirales;f__Acutalibacteraceae;g__UMGS1858,0.2714233975441096,-0.12481857764876625,0.11067511453743901,0.9631274116315901,False
d__Bacteria;p__Proteobacteria;c__Alphaproteobacteria;o__Rhizobiales;f__Rhizobiaceae;g__Mesorhizobium,0.17422022511662272,-0.15420899854862125,0.5033675756608691,0.9374262514988252,False
d__Bacteria;p__Firmicutes_A;c__Clostridia;o__Lachnospirales;f__Lachnospiraceae;g__AM51-8,0.8802788200989868,-0.01741654571843254,0.26324306762631156,0.9944808495789663,False
d__Bacteria;p__Proteobacteria;c__Gammaproteobacteria;o__Burkholderiales;f__Burkholderiaceae;g__Polaromonas,0.7638833670608561,-0.030478955007256836,0.40595282566775553,0.9889498781900884,False
d__Bacteria;p__Fusobacteriota;c__Fusobacteriia;o__Fusobacteriales;f__Leptotrichiaceae;g__Streptobacillus,0.056972705909780846,-0.18722786647314948,-0.19747469832223755,0.9245742100295696,False
d__Bacteria;p__Firmicutes;c__Bacilli;o__Erysipelotrichales;f__Erysipelotrichaceae;g__Dubosiella,0.5555070179112893,0.062409288824383125,-0.32357889565765807,0.9684073134281785,False
d__Bacteria;p__Firmicutes_C;c__Negativicutes;o__Veillonellales;f__Dialisteraceae;g__Dialister,0.9157803893106725,-0.012336719883889735,-0.5224990263413553,0.9983915236170603,False
d__Bacteria;p__Bacteroidota;c__Bacteroidia;o__Bacteroidales;f__Dysgonomonadaceae;g__UBA5287,0.4808052341814588,-0.061683599419448454,-0.22799559630363841,0.9653324386089055,False
d__Bacteria;p__Proteobacteria;c__Gammaproteobacteria;o__Enterobacterales;f__Enterobacteriaceae;g__Citrobacter_A,0.9092849258519289,-0.013062409288824295,1.0362977365052617,0.9983915236170603,False
d__Bacteria;p__Firmicutes_A;c__Clostridia;o__Oscillospirales;f__Acutalibacteraceae;g__Heritagella,0.47482323953892813,0.08127721335268501,-2.599227079574814,0.9636066785401232,False
d__Bacteria;p__Actinobacteriota;c__Actinomycetia;o__Actinomycetales;f__Actinomycetaceae;g__Actinomyces,0.7077101141513445,0.04281567489114657,1.2605418302783884,0.9850029119984386,False
d__Bacteria;p__Firmicutes_A;c__Clostridia;o__Lachnospirales;f__Lachnospiraceae;g__V9D3004,0.46108138636420504,-0.08381712626995652,1.9368379387700976,0.9636066785401232,False
d__Bacteria;p__Firmicutes_A;c__Clostridia;o__Christensenellales;f__Borkfalkiaceae;g__Gallimonas,0.860089836935109,0.020319303338171224,-0.19949087763977447,0.9940416947398667,False
d__Bacteria;p__Firmicutes_A;c__Clostridia;o__Lachnospirales;f__Lachnospiraceae;g__Lachnotalea,0.15548277444741293,-0.16110304789550067,0.4829077337561351,0.9245742100295696,False
d__Bacteria;p__Proteobacteria;c__Gammaproteobacteria;o__Burkholderiales;f__Burkholderiaceae;g__Janthinobacterium,0.485887709143768,-0.07402031930333819,0.11290530153760253,0.9655791160136714,False
d__Bacteria;p__Bacteroidota;c__Bacteroidia;o__Bacteroidales;f__Muribaculaceae;g__Paramuribaculum,0.1413162132258187,0.16690856313497826,-0.4598594836469335,0.9245742100295696,False
d__Bacteria;p__Bacteroidota;c__Bacteroidia;o__Bacteroidales;f__Tannerellaceae;g__Barb7,0.0915292141637031,0.19085631349782295,-0.5754874583351994,0.9245742100295696,False
d__Bacteria;p__Bacteroidota;c__Bacteroidia;o__Bacteroidales;f__Bacteroidaceae;g__Avibacteroides,0.7773976394399802,0.03229317851959357,-0.3295226814754611,0.9923878677730211,False
d__Bacteria;p__Actinobacteriota;c__Actinomycetia;o__Mycobacteriales;f__Micromonosporaceae;g__Micromonospora,0.07323453410540935,-0.20319303338171268,0.6210722562103446,0.9245742100295696,False
d__Bacteria;p__Bacteroidota;c__Bacteroidia;o__Bacteroidales;f__Barnesiellaceae;g__UMGS27,0.31207303917375484,-0.11429608127721336,3.1985190638769607,0.9631274116315901,False
d__Bacteria;p__Firmicutes_A;c__Clostridia;o__Oscillospirales;f__Butyricicoccaceae;g__Pseudobutyricicoccus,0.2539314797321509,0.12953555878084178,-0.9341327550896599,0.9631274116315901,False
d__Bacteria;p__Bacteroidota;c__Bacteroidia;o__Bacteroidales;f__Dysgonomonadaceae;g__UBA1309,0.6173355012025122,0.05587808417997098,-2.7457192423944337,0.9735426534685343,False
d__Bacteria;p__Firmicutes_A;c__Clostridia;o__Christensenellales;f__QALW01;g__UMGS1338,0.5062270849480843,-0.07474600870827275,0.875392240635418,0.9655791160136714,False
d__Bacteria;p__Firmicutes_A;c__Clostridia;o__Oscillospirales;f__Oscillospiraceae;g__Scatomorpha,0.8500372790415591,-0.021770682148040565,-3.2216762453573713,0.9936956658403527,False
d__Bacteria;p__Firmicutes_A;c__Clostridia;o__Lachnospirales;f__Lachnospiraceae;g__CAG-411,0.2552677251240435,-0.1291727140783745,-0.6288250220216266,0.9631274116315901,False
d__Bacteria;p__Desulfobacterota;c__Desulfobulbia;o__Desulfobulbales;f__Desulfocapsaceae;g__Desulforhopalus,0.5594888866237089,0.06531204644412192,-0.12096233874388913,0.9684073134281785,False
d__Bacteria;p__Firmicutes;c__Bacilli;o__Lactobacillales;f__Lactobacillaceae;g__Ligilactobacillus,0.4087953164356751,-0.09361393323657485,0.6949716037691068,0.9631274116315901,False
d__Bacteria;p__Bacteroidota;c__Bacteroidia;o__Flavobacteriales;f__Flavobacteriaceae;g__Arenibacter,0.16435691324903423,0.15674891146589265,-0.37006396655979973,0.9245742100295696,False
d__Bacteria;p__Elusimicrobiota;c__Elusimicrobia;o__Elusimicrobiales;f__Elusimicrobiaceae;g__UBA1436,0.37970852348057726,-0.08055152394775034,-0.44385793504432797,0.9631274116315901,False
d__Bacteria;p__Firmicutes_A;c__Clostridia;o__TANB77;f__CAG-508;g__CAG-492,0.7413410318560667,0.037735849056603765,-0.251630133716212,0.9861181920538787,False
d__Bacteria;p__Proteobacteria;c__Gammaproteobacteria;o__Burkholderiales;f__Chitinibacteraceae;g__Chitinibacter,0.13992321480456588,0.12518142235123364,-1.6878525672491331,0.9245742100295696,False
d__Bacteria;p__Fusobacteriota;c__Fusobacteriia;o__Fusobacteriales;f__Fusobacteriaceae;g__Fusobacterium_A,0.48872685358010237,0.0787373004354136,0.29960098871479673,0.9655791160136714,False
d__Bacteria;p__Firmicutes_A;c__Clostridia;o__Lachnospirales;f__Lachnospiraceae;g__UBA2868,0.3922048158985477,-0.0972423802612481,0.3622922444946584,0.9631274116315901,False
d__Bacteria;p__Firmicutes_A;c__Clostridia;o__TANB77;f__CAG-508;g__CAG-793,0.4767331172793766,0.08091436865021773,-0.3252490575684068,0.9653324386089055,False
d__Bacteria;p__Firmicutes;c__Bacilli;o__RF39;f__UBA660;g__RUG705,0.966671779939016,-0.005079825834542806,-0.8989144669457919,0.9999342540345002,False
d__Bacteria;p__Proteobacteria;c__Gammaproteobacteria;o__Enterobacterales;f__Enterobacteriaceae;g__Tatumella,0.020970464065896106,-0.19557329462989848,1.1658406146341875,0.923680856214202,False
d__Bacteria;p__Bacteroidota;c__Bacteroidia;o__Bacteroidales;f__F082;g__UBA5536,0.9433488935466708,-0.007619738751814209,-0.31177637110713635,0.9999342540345002,False
d__Bacteria;p__Proteobacteria;c__Gammaproteobacteria;o__Enterobacterales;f__Enterobacteriaceae;g__Phytobacter,0.8171947673603972,-0.023222060957909907,1.641892330734614,0.9923878677730211,False
d__Bacteria;p__Firmicutes;c__Bacilli;o__Acholeplasmatales;f__Anaeroplasmataceae;g__Anaeroplasma,0.6687111620752868,-0.04862119013062416,1.324880349642171,0.9823494225683177,False
d__Bacteria;p__Firmicutes_A;c__Clostridia;o__Lachnospirales;f__Lachnospiraceae;g__Massilistercora,0.7705788881411927,-0.03338171262699574,-1.516771151629705,0.9913823514119076,False
d__Bacteria;p__Firmicutes_A;c__Clostridia;o__Oscillospirales;f__UBA644;g__HGM12619,0.6410550738736513,-0.05188679245283012,0.17152148803736222,0.9780855200883831,False
d__Bacteria;p__Bacteroidota;c__Bacteroidia;o__Bacteroidales;f__P3;g__UBA10566,0.9251681304065559,-0.010885341074020394,0.7471047647269407,0.9991307275012543,False
d__Bacteria;p__Bacteroidota;c__Bacteroidia;o__Cytophagales;f__Spirosomaceae;g__Emticicia,0.9506795476745482,0.007256894049346929,-0.19534367274285971,0.9999342540345002,False
d__Bacteria;p__Firmicutes_A;c__Clostridia;o__Oscillospirales;f__CAG-272;g__SIG655,0.961957130986671,0.004716981132075526,-0.19383353089118693,0.9999342540345002,False
d__Bacteria;p__Firmicutes_A;c__Clostridia;o__Oscillospirales;f__CAG-272;g__CAG-724,0.11017840275772292,-0.18069666182873734,0.9002942487010626,0.9245742100295696,False
d__Bacteria;p__Firmicutes_A;c__Clostridia;o__Lachnospirales;f__Lachnospiraceae;g__Limivivens,0.08411838075163316,-0.19593613933236576,0.38390822461164337,0.9245742100295696,False
d__Bacteria;p__Firmicutes;c__Bacilli;o__Bacillales_H;f__Anaerobacillaceae;g__Anaerobacillus,0.4813957642396104,-0.05805515239477499,0.5978310341902822,0.9653324386089055,False
d__Bacteria;p__Firmicutes_A;c__Clostridia;o__Christensenellales;f__CAG-74;g__Onthenecus,0.371850516589983,0.09941944847605222,-0.5971156690437904,0.9631274116315901,False
d__Bacteria;p__Firmicutes_A;c__Clostridia;o__Clostridiales;f__Clostridiaceae;g__Clostridium_I,0.45637376818919384,-0.07402031930333819,0.25293228014319524,0.9631274116315901,False
d__Bacteria;p__Firmicutes;c__Bacilli;o__Erysipelotrichales;f__Erysipelotrichaceae;g__DONG20-135,0.20212997484417727,0.14368650217706824,-0.9473489772665462,0.9526263217058536,False
d__Bacteria;p__Firmicutes_A;c__Clostridia;o__Lachnospirales;f__Lachnospiraceae;g__Pullilachnospira,0.8549586120984054,-0.021044992743106006,0.2527305073723263,0.9936956658403527,False
d__Bacteria;p__Firmicutes_A;c__Clostridia;o__Christensenellales;f__Christensenellaceae;g__CAJJPW01,0.3442766082890363,-0.10740203193033371,0.4007725852718674,0.9631274116315901,False
d__Bacteria;p__Chloroflexota;c__Anaerolineae;o__Anaerolineales;f__Anaerolineaceae;g__Flexilinea,0.9334524169269192,0.00907111756168355,-0.3550577470548371,0.9999342540345002,False
d__Bacteria;p__Proteobacteria;c__Gammaproteobacteria;o__Enterobacterales;f__Enterobacteriaceae;g__Superficieibacter,0.5273590308261759,-0.062409288824383236,1.765469015192644,0.9675572276869043,False
d__Bacteria;p__Proteobacteria;c__Alphaproteobacteria;o__Rhodospirillales;f__Magnetospirillaceae;g__Phaeospirillum,0.7512579549827506,-0.03193033381712618,2.733922477881156,0.9861181920538787,False
d__Bacteria;p__Firmicutes;c__Bacilli;o__Erysipelotrichales;f__Coprobacillaceae;g__Beduini,0.6554378889395718,-0.05079825834542806,-1.1517910410500285,0.9823494225683177,False
d__Bacteria;p__Bacteroidota;c__Bacteroidia;o__Bacteroidales;f__Tannerellaceae;g__UBA4116,0.17873418981365663,0.1523947750362845,-0.5367818385602343,0.9382605408495559,False
d__Bacteria;p__Bacteroidota;c__Bacteroidia;o__Chitinophagales;f__Chitinophagaceae;g__Ginsengibacter,0.8335668447828677,-0.02358490566037741,-0.2686925291562363,0.9934511936686962,False
d__Bacteria;p__Firmicutes_A;c__Clostridia;o__Oscillospirales;f__Butyricicoccaceae;g__Butyricicoccus,0.8349976619630972,0.02394775036284469,-0.8379485027340644,0.9934511936686962,False
d__Bacteria;p__Firmicutes_A;c__Clostridia;o__Lachnospirales;f__Lachnospiraceae;g__Eubacterium_I,0.1279638193500467,-0.17271407837445563,-0.43324838320533143,0.9245742100295696,False
d__Bacteria;p__Acidobacteriota;c__Blastocatellia;o__Pyrinomonadales;f__Pyrinomonadaceae;g__OLB17,0.417384428258336,-0.08998548621190139,0.11503610910786012,0.9631274116315901,False
d__Bacteria;p__Firmicutes_A;c__Clostridia;o__Lachnospirales;f__Lachnospiraceae;g__UMGS1251,0.5836963248901313,-0.062409288824383236,-0.6177515389799788,0.9700473199511053,False
d__Bacteria;p__Firmicutes_A;c__Clostridia;o__Monoglobales;f__Firm-18;g__CAJLYO01,0.397508133612837,0.09615384615384615,-0.4133838001591168,0.9631274116315901,False
d__Bacteria;p__Firmicutes_A;c__Clostridia;o__Lachnospirales;f__Lachnospiraceae;g__UMGS2037,0.21966882955142442,-0.1393323657474601,0.2939902224847175,0.9631274116315901,False
d__Bacteria;p__Firmicutes_A;c__Clostridia;o__Lachnospirales;f__Lachnospiraceae;g__Lachnoclostridium_A,0.43993297651840446,0.08780841799709727,0.9027436659198157,0.9631274116315901,False
d__Bacteria;p__Firmicutes_A;c__Clostridia;o__Lachnospirales;f__Lachnospiraceae;g__C-53,0.33147950996946096,-0.10957910014513783,0.669798026337369,0.9631274116315901,False
d__Bacteria;p__Bacteroidota;c__Bacteroidia;o__Bacteroidales;f__UBA932;g__RUG11257,0.2825802758602328,0.12191582002902757,-0.1421311708725751,0.9631274116315901,False
d__Bacteria;p__Firmicutes_A;c__Clostridia;o__Oscillospirales;f__Ruminococcaceae;g__Ruminococcus,0.5749315675872323,-0.06386066763425258,0.0719363795885979,0.9684073134281785,False
d__Bacteria;p__Firmicutes;c__Bacilli;o__RFN20;f__CAG-826;g__RUG131,0.7454680333675656,-0.037010159651668983,1.627025079677538,0.9861181920538787,False
d__Bacteria;p__Proteobacteria;c__Alphaproteobacteria;o__Rhizobiales;f__Stappiaceae;g__Pseudovibrio,0.6962114678000425,-0.03519593613933236,-1.144026576356109,0.9823494225683177,False
d__Bacteria;p__Proteobacteria;c__Gammaproteobacteria;o__Burkholderiales;f__Burkholderiaceae;g__Variovorax,0.21417997219690954,0.14005805515239478,-0.26337874032725017,0.9601236516447835,False
d__Bacteria;p__Firmicutes_A;c__Clostridia;o__Lachnospirales;f__Lachnospiraceae;g__SZUA-448,0.8214594292399275,-0.025761973875181532,0.018812889892882226,0.9923878677730211,False
d__Bacteria;p__Bacteroidota;c__Bacteroidia;o__Chitinophagales;f__Chitinophagaceae;g__Niabella,0.2621984954783625,0.12699564586357037,-0.33832074560438974,0.9631274116315901,False
d__Bacteria;p__Firmicutes_A;c__Clostridia;o__UBA1381;f__UBA1381;g__RQCD01,0.18073157584270239,-0.12119013062409278,1.3641730253531157,0.9382605408495559,False
d__Bacteria;p__Proteobacteria;c__Alphaproteobacteria;o__Reyranellales;f__Reyranellaceae;g__Reyranella,0.9765535396327127,-0.0036284470246734646,-0.2347340614286553,0.9999342540345002,False
d__Bacteria;p__Firmicutes_C;c__Negativicutes;o__Veillonellales;f__Megasphaeraceae;g__Megasphaera,0.3712786336908803,0.10159651669085634,-3.6768113730161898,0.9631274116315901,False
d__Bacteria;p__Firmicutes_A;c__Clostridia;o__Lachnospirales;f__Lachnospiraceae;g__Roseburia,0.25796719862084516,-0.1284470246734397,0.6140025986789392,0.9631274116315901,False
d__Bacteria;p__Elusimicrobiota;c__Elusimicrobia;o__Elusimicrobiales;f__Elusimicrobiaceae;g__UBA1174,0.36206503439753024,-0.09941944847605222,0.4703453952310848,0.9631274116315901,False
d__Bacteria;p__Bacteroidota;c__Bacteroidia;o__Cytophagales;f__Cyclobacteriaceae;g__Fabibacter_A,0.13560655103983832,0.16255442670537013,-0.9442727965865307,0.9245742100295696,False
d__Bacteria;p__Proteobacteria;c__Gammaproteobacteria;o__Burkholderiales;f__Burkholderiaceae;g__Undibacterium,0.35644237933338463,-0.0950653120464442,0.06837377204672032,0.9631274116315901,False
d__Bacteria;p__Firmicutes_A;c__Clostridia;o__Lachnospirales;f__Lachnospiraceae;g__CAG-791,0.9667699957343392,0.005079825834542806,-0.04230427139572698,0.9999342540345002,False
d__Bacteria;p__Firmicutes_A;c__Clostridia;o__Lachnospirales;f__Lachnospiraceae;g__UBA3766,0.9157795194430411,-0.012336719883889735,0.2539873689984374,0.9983915236170603,False
d__Bacteria;p__Proteobacteria;c__Gammaproteobacteria;o__Enterobacterales;f__Enterobacteriaceae;g__Pectobacterium,0.24157603031805552,-0.13026124818577656,1.2957435133905724,0.9631274116315901,False
d__Bacteria;p__Firmicutes_A;c__Clostridia;o__Oscillospirales;f__Oscillospiraceae;g__CAG-103,0.5132750088211713,-0.07438316400580547,0.0681050883892692,0.96672689681827,False
d__Bacteria;p__Bacteroidota;c__Bacteroidia;o__Flavobacteriales;f__Flavobacteriaceae;g__Maribacter,0.6413355976264635,-0.05297532656023218,0.28870181500881076,0.9780855200883831,False
d__Bacteria;p__Firmicutes_A;c__Clostridia;o__Lachnospirales;f__UBA1390;g__RUG12817,0.03821742668673343,-0.17561683599419453,1.2932483434163797,0.923680856214202,False
d__Bacteria;p__Firmicutes_A;c__Clostridia;o__Oscillospirales;f__Butyricicoccaceae;g__Butyricicoccus_A,0.16139171193873725,-0.15892597968069677,0.2536627707117762,0.9245742100295696,False
d__Bacteria;p__Firmicutes_A;c__Clostridia;o__Christensenellales;f__CAG-74;g__GCA-900199385,0.7268094115113377,-0.03991291727140789,-0.011447509030292844,0.9861181920538787,False
d__Bacteria;p__Proteobacteria;c__Gammaproteobacteria;o__Burkholderiales;f__Burkholderiaceae;g__Trinickia,0.5153950072723212,0.06966618287373005,0.14032161944710034,0.96672689681827,False
d__Bacteria;p__Firmicutes_A;c__Clostridia;o__Oscillospirales;f__Oscillospiraceae;g__RUG678,0.8312992928473905,-0.019593613933236664,0.7145306609352607,0.9934511936686962,False
d__Bacteria;p__Actinobacteriota;c__Actinomycetia;o__Propionibacteriales;f__Propionibacteriaceae;g__Cutibacterium,0.392209723938049,0.0972423802612482,2.9284336032354066,0.9631274116315901,False
d__Bacteria;p__Bacteroidota;c__Bacteroidia;o__Flavobacteriales;f__Flavobacteriaceae;g__Lutibacter,0.3249382313878627,0.11175616835994195,-0.047848017784325764,0.9631274116315901,False
d__Bacteria;p__Firmicutes_A;c__Clostridia;o__Christensenellales;f__CAG-74;g__RUG11272,0.648585160991171,-0.05152394775036284,0.04869768859473878,0.9823494225683177,False
d__Bacteria;p__Firmicutes_A;c__Clostridia;o__Oscillospirales;f__Acutalibacteraceae;g__Scybalenecus,0.8952487850199053,-0.015239477503628418,-0.43322967527363515,0.9983915236170603,False
d__Bacteria;p__Proteobacteria;c__Gammaproteobacteria;o__Burkholderiales;f__Burkholderiaceae;g__Limnohabitans,0.33455565143441746,-0.09579100145137875,0.0015069067157757682,0.9631274116315901,False
d__Bacteria;p__Bacteroidota;c__Bacteroidia;o__Chitinophagales;f__Chitinophagaceae;g__JJ008,0.3340567584029628,0.10957910014513783,-0.3818976579845467,0.9631274116315901,False
d__Bacteria;p__Firmicutes_A;c__Clostridia;o__Oscillospirales;f__Ruminococcaceae;g__Falkowella,0.8000187081144765,-0.028301886792452935,1.3736079643822239,0.9923878677730211,False
d__Bacteria;p__Firmicutes_A;c__Clostridia;o__Lachnospirales;f__Lachnospiraceae;g__Eubacterium_F,0.23196499955867522,-0.13570391872278664,-0.15444898246861058,0.9631274116315901,False
d__Bacteria;p__Firmicutes_A;c__Clostridia;o__Oscillospirales;f__Ruminococcaceae;g__Schneewindia,0.26960243123487426,0.1052249637155298,-0.06691158963642513,0.9631274116315901,False
d__Bacteria;p__Firmicutes;c__Bacilli;o__Bacillales_B;f__DSM-18226;g__Cytobacillus,0.9259153145813488,0.010885341074020283,-0.13419488091761958,0.9991307275012543,False
d__Bacteria;p__Proteobacteria;c__Gammaproteobacteria;o__Enterobacterales;f__Enterobacteriaceae;g__Kosakonia,0.40677254760347137,-0.08998548621190139,1.9951439083990614,0.9631274116315901,False
d__Bacteria;p__Firmicutes_A;c__Clostridia;o__Oscillospirales;f__Acutalibacteraceae;g__RGIG4076,0.5371092619787166,-0.06894049346879538,1.0167723698879194,0.9675572276869043,False
d__Bacteria;p__Firmicutes;c__Bacilli;o__RF39;f__UBA660;g__UMGS2016,0.9361268091993531,-0.009433962264151052,-0.8044593831231664,0.9999342540345002,False
d__Bacteria;p__Firmicutes;c__Bacilli;o__Haloplasmatales_A;f__Turicibacteraceae;g__Turicibacter,0.9153367623765267,0.012336719883889735,1.022711274982178,0.9983915236170603,False
d__Bacteria;p__Proteobacteria;c__Alphaproteobacteria;o__Rhizobiales;f__Xanthobacteraceae;g__Xanthobacter,0.8253080365724329,0.018142235123367212,-4.109477031804184,0.9927550055459772,False
d__Bacteria;p__Firmicutes;c__Bacilli;o__Lactobacillales;f__Lactobacillaceae;g__Pediococcus,0.3489889589967642,-0.08490566037735858,0.008983060691542404,0.9631274116315901,False
d__Bacteria;p__Proteobacteria;c__Gammaproteobacteria;o__Diplorickettsiales;f__Diplorickettsiaceae;g__Diplorickettsia,0.5126528773308772,-0.05805515239477499,-0.4060872308276548,0.96672689681827,False
d__Bacteria;p__Firmicutes;c__Bacilli;o__Bacillales_D;f__Amphibacillaceae;g__Lentibacillus,0.80980576601665,0.026850507982583482,-2.3052085420817696,0.9923878677730211,False
d__Bacteria;p__Firmicutes;c__Bacilli;o__Lactobacillales;f__Aerococcaceae;g__DSM-111022,0.854783432739568,-0.01669085631349776,-0.05628473118230092,0.9936956658403527,False
d__Bacteria;p__Actinobacteriota;c__Actinomycetia;o__Actinomycetales;f__Micrococcaceae;g__Nesterenkonia,0.8268118435323205,0.02467343976777936,-0.583352121405356,0.9930648533628769,False
d__Bacteria;p__Actinobacteriota;c__Actinomycetia;o__Actinomycetales;f__Dermatophilaceae;g__Tetrasphaera,0.007144562969066553,-0.25108853410740206,2.1064490774481133,0.923680856214202,False
d__Bacteria;p__Proteobacteria;c__Gammaproteobacteria;o__Enterobacterales;f__Pasteurellaceae;g__Haemophilus,0.20269594985215278,-0.14114658925979673,-0.5826457523240972,0.9526263217058536,False
d__Bacteria;p__Proteobacteria;c__Gammaproteobacteria;o__Enterobacterales;f__Pasteurellaceae;g__Haemophilus_A,0.0609877338172984,-0.20609579100145137,0.30407619718440027,0.9245742100295696,False
d__Bacteria;p__Proteobacteria;c__Gammaproteobacteria;o__Chromatiales;f__Chromatiaceae;g__Thiorhodococcus,0.276023994392679,-0.09869375907111766,-0.20462508337767263,0.9631274116315901,False
d__Bacteria;p__Proteobacteria;c__Alphaproteobacteria;o__Rhizobiales;f__Beijerinckiaceae;g__Methylocystis,0.9520953969934443,0.006168359941944868,-1.1959125302594684,0.9999342540345002,False
d__Bacteria;p__Proteobacteria;c__Gammaproteobacteria;o__Burkholderiales;f__Neisseriaceae;g__Eikenella,0.15856178033479296,-0.11393323657474608,-0.0103537924289273,0.9245742100295696,False
d__Bacteria;p__Proteobacteria;c__Gammaproteobacteria;o__Chromatiales;f__Chromatiaceae;g__Chromatium,0.8548225427034657,-0.01741654571843254,-0.2151595578805584,0.9936956658403527,False
d__Bacteria;p__Firmicutes_A;c__Clostridia;o__Lachnospirales;f__Lachnospiraceae;g__SIG336,0.011815611226544814,-0.23730043541364298,0.30820112590235554,0.923680856214202,False
d__Bacteria;p__Bacteroidota;c__Bacteroidia;o__Flavobacteriales;f__Flavobacteriaceae;g__Confluentibacter,0.09329437951334572,0.17271407837445574,-1.1550720706474085,0.9245742100295696,False
d__Bacteria;p__Firmicutes;c__Bacilli;o__Bacillales_H;f__Bacillaceae_D;g__Bacillus_H,0.8943188106024635,-0.011248185776487674,0.3693930843896315,0.9983915236170603,False
d__Bacteria;p__Firmicutes_A;c__Clostridia;o__Lachnospirales;f__Lachnospiraceae;g__RUG191,0.3026133177340702,-0.11683599419448476,0.29268615114298785,0.9631274116315901,False
d__Bacteria;p__Firmicutes_C;c__Negativicutes;o__Selenomonadales;f__Selenomonadaceae;g__Centipeda,0.13875711150382933,-0.16763425253991282,0.6786842457834303,0.9245742100295696,False
d__Bacteria;p__Firmicutes;c__Bacilli;o__Paenibacillales;f__Paenibacillaceae;g__Paenibacillus_D,0.26356660393085785,-0.0976052249637156,0.7211349475432912,0.9631274116315901,False
d__Bacteria;p__Firmicutes_A;c__Clostridia;o__Acetivibrionales;f__Acetivibrionaceae;g__Hungateiclostridium,0.08551857081368835,-0.1944847605224964,0.5446845294752982,0.9245742100295696,False
d__Bacteria;p__Proteobacteria;c__Gammaproteobacteria;o__Enterobacterales;f__Enterobacteriaceae;g__Gilliamella,0.10098514607152458,-0.16255442670537001,1.3797559837428064,0.9245742100295696,False
d__Bacteria;p__Firmicutes_A;c__Clostridia;o__Peptostreptococcales;f__Peptostreptococcaceae;g__Romboutsia_D,0.730692363056339,-0.029027576197387495,-0.6683174075157241,0.9861181920538787,False
d__Bacteria;p__Firmicutes_C;c__Negativicutes;o__Veillonellales;f__Negativicoccaceae;g__Negativicoccus,0.5670789730838541,-0.05079825834542806,1.4725890961951558,0.9684073134281785,False
d__Bacteria;p__Firmicutes_A;c__Clostridia;o__TANB77;f__CAG-508;g__UMGS1933,0.4905899922186552,-0.05950653120464433,0.6918777670150255,0.9655791160136714,False
d__Bacteria;p__Firmicutes_A;c__Clostridia;o__Lachnospirales;f__Lachnospiraceae;g__CAJJNI01,0.6467545247605324,-0.052249637155297624,-0.3524831997682848,0.981873170343713,False
d__Bacteria;p__Bacteroidota;c__Bacteroidia;o__Flavobacteriales;f__Crocinitomicaceae;g__M0103,0.2523144362153654,-0.1048621190130623,0.5713186628903997,0.9631274116315901,False
d__Bacteria;p__Proteobacteria;c__Gammaproteobacteria;o__SAR86;f__D2472;g__SAR86A,0.7057459235025354,0.038461538461538436,-0.3331012146458557,0.9850029119984386,False
d__Bacteria;p__Firmicutes_A;c__Clostridia;o__Lachnospirales;f__Lachnospiraceae;g__SZUA-378,0.6884428520232402,-0.04354136429608135,0.23658935151306834,0.9823494225683177,False
d__Bacteria;p__Firmicutes_A;c__Clostridia;o__Acetivibrionales;f__DSM-27016;g__Ruminiclostridium,0.9923132437639137,-0.0014513788098693414,0.42081405921545995,0.9999342540345002,False
d__Bacteria;p__Firmicutes_A;c__Clostridia;o__Lachnospirales;f__Lachnospiraceae;g__UBA3212,0.6508859809121841,-0.03918722786647311,1.7781699930120376,0.9823494225683177,False
d__Bacteria;p__Firmicutes_A;c__Clostridia;o__Lachnospirales;f__Lachnospiraceae;g__RGIG4034,0.6028050589007703,-0.05878084179970977,-0.3602847277572158,0.9700473199511053,False
d__Bacteria;p__Firmicutes;c__Bacilli;o__Bacillales;f__Bacillaceae;g__Metabacillus,0.6671169477942878,-0.04789550072568938,0.17501093566040316,0.9823494225683177,False
d__Bacteria;p__Firmicutes_A;c__Clostridia;o__Lachnospirales;f__Lachnospiraceae;g__Shuttleworthia,0.3309828838031833,-0.0950653120464442,-0.22153219188173917,0.9631274116315901,False
d__Bacteria;p__Firmicutes;c__Bacilli;o__Acholeplasmatales;f__Anaeroplasmataceae;g__CAG-307,0.13711571232985106,-0.16690856313497826,6.54792905446296,0.9245742100295696,False
d__Bacteria;p__Firmicutes;c__Bacilli;o__Erysipelotrichales;f__Erysipelotrichaceae;g__Erysipelothrix,0.17180524339180236,0.12772133526850504,-0.5980725024327951,0.9350885895849269,False
d__Bacteria;p__Firmicutes_A;c__Clostridia;o__Oscillospirales;f__Acutalibacteraceae;g__UMGS1976,0.8442097740662536,-0.022496371552975347,-0.1917826269292427,0.9936956658403527,False
d__Bacteria;p__Firmicutes;c__Bacilli;o__Aneurinibacillales;f__Aneurinibacillaceae;g__Aneurinibacillus,0.4884561732992514,0.05805515239477499,-0.7310052282003191,0.9655791160136714,False
d__Bacteria;p__Firmicutes_A;c__Clostridia;o__Peptostreptococcales;f__Anaerovoracaceae;g__Alterileibacterium,0.45335496608213954,0.08055152394775034,-1.235025674110297,0.9631274116315901,False
d__Bacteria;p__Firmicutes_A;c__Clostridia;o__Christensenellales;f__CAG-552;g__MGBC100320,0.20834773069682266,-0.13026124818577656,0.12915969556304627,0.9578570186005568,False
d__Bacteria;p__Firmicutes_A;c__Clostridia;o__Lachnospirales;f__Lachnospiraceae;g__SIG280,0.03983279439466951,-0.191944847605225,0.6622953710471872,0.9245742100295696,False
d__Bacteria;p__Firmicutes_A;c__Clostridia;o__Lachnospirales;f__Lachnospiraceae;g__SIG293,0.20462727800066804,-0.13860667634252533,-0.23515266029471316,0.9526263217058536,False
d__Bacteria;p__Firmicutes_A;c__Clostridia;o__Lachnospirales;f__Lachnospiraceae;g__NC2004,0.5048786743192379,0.07583454281567492,-0.18858414957143055,0.9655791160136714,False
d__Bacteria;p__Firmicutes_A;c__Clostridia;o__Lachnospirales;f__Lachnospiraceae;g__RGIG6307,0.1841057596074609,-0.149854862119013,0.3280399474913481,0.9402042227281782,False
d__Bacteria;p__Firmicutes_A;c__Clostridia;o__Peptostreptococcales;f__Peptostreptococcaceae;g__Intestinibacter,0.03795803949669185,-0.23512336719883886,-1.703034549204501,0.923680856214202,False
d__Bacteria;p__Firmicutes_A;c__Clostridia;o__Lachnospirales;f__Lachnospiraceae;g__MGBC140009,0.018114400733047514,-0.23730043541364298,0.9713538854658654,0.923680856214202,False
d__Bacteria;p__Firmicutes_A;c__Clostridia;o__Tissierellales;f__SIT17;g__Senegalia,0.888943525512113,0.011611030478954953,-0.818070534351925,0.996152794920609,False
d__Bacteria;p__Firmicutes;c__Bacilli;o__Bacillales_D;f__Amphibacillaceae;g__Terribacillus,0.5317764227741428,-0.05805515239477499,1.0003854355793016,0.9675572276869043,False
d__Bacteria;p__Firmicutes_A;c__Clostridia;o__Lachnospirales;f__Lachnospiraceae;g__W0P33-017,0.7847979230095521,-0.030841799709724338,0.23604023294632379,0.9923878677730211,False
d__Bacteria;p__Proteobacteria;c__Gammaproteobacteria;o__Enterobacterales;f__Pasteurellaceae;g__Necropsobacter,0.8698588896206642,0.013788098693759077,4.037223961094347,0.9940416947398667,False
d__Bacteria;p__Firmicutes_A;c__Clostridia;o__Lachnospirales;f__Lachnospiraceae;g__FD2005,0.5948025239751795,-0.05914368650217705,0.7584973183118495,0.9700473199511053,False
d__Bacteria;p__Firmicutes;c__Bacilli;o__RFN20;f__CAG-826;g__Enteromonas,0.574948563861442,-0.06277213352685052,1.077536056262096,0.9684073134281785,False
d__Bacteria;p__Bacteroidota;c__Bacteroidia;o__Flavobacteriales;f__Flavobacteriaceae;g__Aequorivita,0.03851307377872511,-0.22859216255442671,1.249029891655916,0.923680856214202,False
d__Bacteria;p__Firmicutes_A;c__Clostridia;o__Lachnospirales;f__Lachnospiraceae;g__XBD2001,0.1626206045049423,-0.1502177068214805,0.33651899599230733,0.9245742100295696,False
d__Bacteria;p__Firmicutes;c__Bacilli;o__Erysipelotrichales;f__Erysipelotrichaceae;g__Allobaculum,0.11713719363235599,-0.1603773584905661,0.5978672396601603,0.9245742100295696,False
d__Bacteria;p__Firmicutes_A;c__Clostridia;o__Lachnospirales;f__Lachnospiraceae;g__UBA2942,0.003750615304121936,-0.32002902757619744,0.9346691658410029,0.923680856214202,False
d__Bacteria;p__Actinobacteriota;c__Actinomycetia;o__Actinomycetales;f__Actinomycetaceae;g__Varibaculum,0.9225094607467964,-0.00870827285921627,-1.1382969036102768,0.9985365697048288,False
d__Bacteria;p__Proteobacteria;c__Alphaproteobacteria;o__Rs-D84;f__Rs-D84;g__Enterousia,0.722364702492045,0.03918722786647311,-0.12495661462088085,0.9861181920538787,False
d__Bacteria;p__Proteobacteria;c__Gammaproteobacteria;o__Steroidobacterales;f__Steroidobacteraceae;g__RPQJ01,0.7489670253298265,0.030478955007256947,-0.06321402441661653,0.9861181920538787,False
d__Bacteria;p__Firmicutes_A;c__Clostridia;o__Oscillospirales;f__Ruminococcaceae;g__Soleaferrea,0.7657339864012942,0.028664731494920215,-0.8408856706440535,0.9889498781900884,False
d__Bacteria;p__Firmicutes;c__Bacilli;o__Erysipelotrichales;f__Erysipelotrichaceae;g__Traorella,0.2779538965944649,-0.12264150943396235,0.24682806585989142,0.9631274116315901,False
d__Bacteria;p__Firmicutes;c__Bacilli;o__Bacillales_D;f__Amphibacillaceae;g__Gracilibacillus,0.5299596578621611,-0.0682148040638606,0.006672853183520582,0.9675572276869043,False
d__Bacteria;p__Spirochaetota;c__Spirochaetia;o__Sphaerochaetales;f__Sphaerochaetaceae;g__Ornithospirochaeta,0.02769831026996466,0.24092888243831645,-1.0312500843387695,0.923680856214202,False
d__Bacteria;p__Proteobacteria;c__Gammaproteobacteria;o__Pseudomonadales;f__Porticoccaceae;g__HTCC2207,0.6856087566797205,-0.03846153846153855,-0.1398434863851816,0.9823494225683177,False
d__Bacteria;p__Actinobacteriota;c__Coriobacteriia;o__Coriobacteriales;f__Atopobiaceae;g__RUG440,0.8804943695355792,-0.0159651669085632,-0.09452449240414813,0.9944808495789663,False
d__Bacteria;p__Firmicutes_A;c__Clostridia;o__Lachnospirales;f__Lachnospiraceae;g__SIG300,0.34908302166020266,-0.09361393323657485,0.3111756808712863,0.9631274116315901,False
d__Bacteria;p__Verrucomicrobiota;c__Lentisphaeria;o__Victivallales;f__Victivallaceae;g__UBA1784,0.7280007262676803,-0.03846153846153855,0.15562569021461556,0.9861181920538787,False
d__Bacteria;p__Firmicutes_A;c__Clostridia;o__Lachnospirales;f__Lachnospiraceae;g__UBA1201,0.1423344443880442,-0.16364296081277208,0.2585936272274594,0.9245742100295696,False
d__Bacteria;p__Firmicutes;c__Bacilli;o__Erysipelotrichales;f__Erysipelotrichaceae;g__RUG521,0.22130537945910678,-0.1132075471698113,1.1521709811528213,0.9631274116315901,False
d__Bacteria;p__Firmicutes_A;c__Clostridia;o__Tissierellales;f__Peptoniphilaceae;g__Urinicoccus,0.9279078018471403,-0.009433962264151052,1.196382569213253,0.9999342540345002,False
d__Bacteria;p__Firmicutes_A;c__Clostridia;o__Oscillospirales;f__Acutalibacteraceae;g__WRMQ01,0.4925095885489539,-0.07402031930333819,0.3296492962064714,0.9655791160136714,False
d__Bacteria;p__Firmicutes_A;c__Clostridia;o__Oscillospirales;f__CAG-382;g__SIG627,0.0715422740957649,-0.19375907111756163,0.738693454694413,0.9245742100295696,False
d__Bacteria;p__Firmicutes_A;c__Clostridia;o__Tissierellales;f__Peptoniphilaceae;g__Peptoniphilus_C,0.7434923047581896,-0.03338171262699574,5.858145298708772,0.9861181920538787,False
d__Bacteria;p__Firmicutes_A;c__Clostridia;o__Oscillospirales;f__Acutalibacteraceae;g__UBA7067,0.825645057318871,-0.022859216255442627,0.013032329081099159,0.9927550055459772,False
d__Bacteria;p__Firmicutes;c__Bacilli;o__Bacillales_D;f__Halobacillaceae;g__Halobacillus,0.30912055871546573,-0.08998548621190139,0.6365169976313183,0.9631274116315901,False
d__Bacteria;p__Firmicutes_A;c__Clostridia;o__Lachnospirales;f__Lachnospiraceae;g__TWA4,0.11298782414478198,-0.158200290275762,1.1874113889482891,0.9245742100295696,False
d__Bacteria;p__Firmicutes_A;c__Clostridia;o__Oscillospirales;f__Acutalibacteraceae;g__UMGS1279,0.7862010804811266,0.030841799709724227,-0.2941848545945723,0.9923878677730211,False
d__Bacteria;p__Firmicutes;c__Bacilli;o__RF39;f__UBA660;g__Faecisoma,0.20100460956043742,0.10849056603773588,-1.0090332387365764,0.9526263217058536,False
d__Bacteria;p__Firmicutes_A;c__Clostridia;o__Saccharofermentanales;f__DTU023;g__SFFI01,0.360026966255803,0.10087082728592167,-2.2255882869064623,0.9631274116315901,False
d__Bacteria;p__Firmicutes_A;c__Clostridia;o__Lachnospirales;f__Lachnospiraceae;g__MGBC120314,0.32300555804022635,-0.08853410740203183,-0.5954921200117391,0.9631274116315901,False
d__Bacteria;p__Firmicutes_A;c__Clostridia;o__Oscillospirales;f__Acutalibacteraceae;g__HGM12814,0.031007193468305064,-0.24455732946298991,0.571905891019318,0.923680856214202,False
d__Bacteria;p__Firmicutes_A;c__Clostridia;o__Christensenellales;f__CAG-138;g__RGIG1693,0.9118533196126435,0.009433962264150941,0.5790319461974854,0.9983915236170603,False
d__Bacteria;p__Firmicutes_A;c__Clostridia;o__Lachnospirales;f__Lachnospiraceae;g__RUG306,0.5739190992748633,-0.05841799709724249,-0.04773440093346217,0.9684073134281785,False
d__Bacteria;p__Firmicutes_A;c__Clostridia;o__Lachnospirales;f__Lachnospiraceae;g__Eubacterium_C,0.33656239861328197,-0.10449927431059503,0.299187123332592,0.9631274116315901,False
d__Bacteria;p__Firmicutes_A;c__Clostridia;o__Oscillospirales;f__Ruminococcaceae;g__HGM13222,0.011112054366570208,-0.28592162554426714,1.7107123005824423,0.923680856214202,False
d__Bacteria;p__Firmicutes_A;c__Clostridia;o__Lachnospirales;f__Lachnospiraceae;g__UBA629,0.02591448470660759,-0.2525399129172714,0.9569624454319194,0.923680856214202,False
d__Bacteria;p__Firmicutes_A;c__Clostridia;o__Lachnospirales;f__Lachnospiraceae;g__RGIG8767,0.7170841584317504,-0.04100145137880995,0.26973013351155095,0.9861181920538787,False
d__Bacteria;p__Firmicutes_A;c__Clostridia;o__Clostridiales;f__Clostridiaceae;g__Clostridium_AN,0.5440882544310421,-0.0500725689404935,-1.476815259535539,0.9675572276869043,False
d__Bacteria;p__Firmicutes_A;c__Clostridia;o__Lachnospirales;f__Lachnospiraceae;g__Anaerobium,0.17384325272954204,-0.15094339622641506,0.49500647610299403,0.9374262514988252,False
d__Bacteria;p__Firmicutes_A;c__Clostridia;o__Oscillospirales;f__Ruminococcaceae;g__UMGS1889,0.8760006222793891,-0.01777939042089982,1.612078014437268,0.9940416947398667,False
d__Bacteria;p__Firmicutes_A;c__Clostridia;o__UBA1381;f__UBA1381;g__Ornithomonoglobus,0.9144481291923604,-0.012336719883889735,-1.320408691373006,0.9983915236170603,False
d__Bacteria;p__Actinobacteriota;c__Coriobacteriia;o__Coriobacteriales;f__Atopobiaceae;g__Lancefieldella,0.23157360849583386,-0.13388969521045002,1.0041456663004888,0.9631274116315901,False
d__Bacteria;p__Firmicutes_A;c__Clostridia;o__Clostridiales;f__Clostridiaceae;g__Clostridium_AM,0.12505500082473417,-0.15312046444121918,-0.08401430424867579,0.9245742100295696,False
d__Bacteria;p__Firmicutes_A;c__Clostridia;o__Oscillospirales;f__Butyricicoccaceae;g__JAAZBA01,0.39059354005520397,-0.07402031930333819,-0.2695590158507886,0.9631274116315901,False
d__Bacteria;p__Firmicutes_A;c__Clostridia;o__Clostridiales;f__Clostridiaceae;g__Clostridium_AA,0.09301493230906874,0.1502177068214804,-1.1473194363533399,0.9245742100295696,False
d__Bacteria;p__Verrucomicrobiota;c__Verrucomicrobiae;o__Opitutales;f__Opitutaceae;g__ER46,0.634546138777009,-0.04862119013062416,0.3225611080701516,0.9743948741587277,False
d__Bacteria;p__Firmicutes_A;c__Clostridia;o__Lachnospirales;f__Cellulosilyticaceae;g__Niameybacter,0.5622610595577604,-0.0656748911465892,-3.962182527924451,0.9684073134281785,False
d__Bacteria;p__Firmicutes_A;c__Clostridia;o__Peptostreptococcales;f__Peptostreptococcaceae;g__Paraclostridium,0.8915389144427495,0.014513788098693747,-0.7464304479709406,0.9979467938017837,False
d__Bacteria;p__Firmicutes_C;c__Negativicutes;o__Veillonellales;f__Megasphaeraceae;g__Anaeroglobus,0.7751688196274299,-0.03265602322206096,-5.467527478957988,0.9923878677730211,False
d__Bacteria;p__Firmicutes_A;c__Clostridia;o__Christensenellales;f__Borkfalkiaceae;g__UBA4675,0.6650336114321764,-0.04862119013062416,-0.6095556690262558,0.9823494225683177,False
d__Bacteria;p__Firmicutes_A;c__Clostridia;o__Lachnospirales;f__Lachnospiraceae;g__RGIG5021,0.025828422812667777,-0.21915820029027566,1.6159663387213419,0.923680856214202,False
d__Bacteria;p__Cyanobacteria;c__Vampirovibrionia;o__Gastranaerophilales;f__Gastranaerophilaceae;g__UMGS1585,0.09001472215849811,-0.19049346879535567,0.6362191149049363,0.9245742100295696,False
d__Bacteria;p__Campylobacterota;c__Campylobacteria;o__Campylobacterales;f__Campylobacteraceae;g__Campylobacter_A,0.39890263072767085,-0.0950653120464442,-2.098940177128882,0.9631274116315901,False
d__Bacteria;p__Firmicutes_A;c__Clostridia;o__UBA1381;f__UBA1381;g__HGM11525,0.5660135678981268,-0.06458635703918714,1.8975376363504788,0.9684073134281785,False
d__Bacteria;p__Firmicutes_A;c__Clostridia;o__Oscillospirales;f__Ethanoligenenaceae;g__Ethanoligenens,0.5746223454066207,-0.05043541364296078,3.305743654556997,0.9684073134281785,False
d__Bacteria;p__Firmicutes_A;c__Clostridia;o__Clostridiales;f__Clostridiaceae;g__Clostridium_P,0.41983078504933136,-0.08563134978229314,-3.2828642384962152,0.9631274116315901,False
d__Bacteria;p__Proteobacteria;c__Gammaproteobacteria;o__Enterobacterales;f__Vibrionaceae;g__Aliivibrio,0.7973644091558987,0.021044992743106006,-0.7725193899271549,0.9923878677730211,False
d__Bacteria;p__Proteobacteria;c__Gammaproteobacteria;o__Pseudomonadales;f__Nitrincolaceae;g__Marinobacterium,0.5462375926357601,-0.05660377358490565,0.16933131003597296,0.9684073134281785,False
d__Bacteria;p__Firmicutes_A;c__Clostridia;o__Lachnospirales;f__Lachnospiraceae;g__KM106-2,0.1170890006343679,-0.17779390420899865,0.5171660774572948,0.9245742100295696,False
d__Bacteria;p__Actinobacteriota;c__Actinomycetia;o__Actinomycetales;f__Bifidobacteriaceae;g__Galliscardovia,0.7478154325506207,0.03338171262699563,1.048916216796259,0.9861181920538787,False
d__Bacteria;p__Firmicutes_A;c__Clostridia;o__Oscillospirales;f__QAMX01;g__SIG499,0.8583070956601817,0.018142235123367212,-0.7704098692717202,0.9940416947398667,False
d__Bacteria;p__Cyanobacteria;c__Vampirovibrionia;o__Gastranaerophilales;f__RUG14156;g__MGBC122484,0.6855859973780103,-0.045718432510885254,-0.26675195776589167,0.9823494225683177,False
d__Bacteria;p__Firmicutes;c__Bacilli;o__Bacillales_D;f__Amphibacillaceae;g__Virgibacillus_E,0.7136376280404897,0.029390420899854885,-0.5089159263763495,0.9861181920538787,False
d__Bacteria;p__Firmicutes_A;c__Clostridia;o__Oscillospirales;f__CAG-272;g__SIG672,0.4843464872030939,-0.07329462989840341,0.16531094891336873,0.9655791160136714,False
d__Bacteria;p__Firmicutes_A;c__Clostridia;o__Clostridiales;f__Clostridiaceae;g__Clostridium_G,0.02126788245488926,-0.2082728592162555,0.9206377223928937,0.923680856214202,False
d__Bacteria;p__Firmicutes;c__Bacilli;o__Paenibacillales;f__Paenibacillaceae;g__Paenibacillus_O,0.15041134900386033,-0.13570391872278664,1.4484018131024898,0.9245742100295696,False
d__Bacteria;p__Firmicutes_A;c__Clostridia;o__Christensenellales;f__QAND01;g__Allochristensenella,0.104946932941561,-0.16944847605224966,0.9389475047102758,0.9245742100295696,False
d__Bacteria;p__Firmicutes;c__Bacilli;o__Mycoplasmatales;f__Metamycoplasmataceae;g__Mycoplasmopsis_A,0.9635605344033589,-0.005079825834542806,-0.31477517255335524,0.9999342540345002,False
d__Bacteria;p__Actinobacteriota;c__Actinomycetia;o__Mycobacteriales;f__Pseudonocardiaceae;g__Actinokineospora,0.6305504248553896,0.04426705370101591,-0.5274019827563626,0.9735426534685343,False
d__Bacteria;p__Proteobacteria;c__Gammaproteobacteria;o__Burkholderiales;f__Burkholderiaceae;g__Brachymonas,0.03537972452201341,-0.1944847605224964,1.3091670848635162,0.923680856214202,False
d__Bacteria;p__Firmicutes_A;c__Clostridia;o__Oscillospirales;f__CAG-382;g__RGIG6353,0.11562494704473084,0.12481857764876636,-0.7881512673200978,0.9245742100295696,False
d__Bacteria;p__Firmicutes_A;c__Clostridia;o__Christensenellales;f__QALW01;g__JAHAAN01,0.02651454616399654,-0.24891146589259794,0.7594299465073633,0.923680856214202,False
d__Bacteria;p__Actinobacteriota;c__Actinomycetia;o__Mycobacteriales;f__Pseudonocardiaceae;g__Saccharopolyspora,0.4376157722127365,0.07474600870827286,-0.09381259213238599,0.9631274116315901,False
d__Bacteria;p__Firmicutes;c__Bacilli;o__RF39;f__UBA660;g__CAG-533,0.55046408041383,-0.05297532656023218,1.9464886940670039,0.9684073134281785,False
d__Bacteria;p__Firmicutes_A;c__Clostridia;o__Oscillospirales;f__Oscillospiraceae;g__RUG626,0.5869859242981302,-0.05986937590711183,-0.027039435726944984,0.9700473199511053,False
d__Bacteria;p__Firmicutes_A;c__Clostridia;o__TANB77;f__CAG-508;g__Scatovivens,0.7308758978597353,-0.037010159651668983,1.2394097163520736,0.9861181920538787,False
d__Bacteria;p__Acidobacteriota;c__Acidobacteriae;o__Acidobacteriales;f__Acidobacteriaceae;g__Edaphobacter,0.4158437881931224,0.08345428156748913,-0.2671547099085365,0.9631274116315901,False
d__Bacteria;p__Firmicutes_A;c__Clostridia;o__Christensenellales;f__CAG-552;g__HGM11386,0.14874243938606224,-0.1502177068214805,-3.0683989259440176,0.9245742100295696,False
d__Bacteria;p__Firmicutes_A;c__Clostridia;o__Lachnospirales;f__Lachnospiraceae;g__Alectryocaccobium,0.46054824612859346,-0.08272859216255446,0.1051714298838562,0.9636066785401232,False
d__Bacteria;p__Firmicutes_A;c__Clostridia;o__UBA1212;f__UBA1255;g__RGIG9099,0.7652024279938552,0.03193033381712629,-0.08318779980105383,0.9889498781900884,False
d__Bacteria;p__Proteobacteria;c__Alphaproteobacteria;o__Rickettsiales;f__Anaplasmataceae;g__Wolbachia,0.11668536970264767,-0.13860667634252533,-0.2884770301642608,0.9245742100295696,False
d__Bacteria;p__Firmicutes_A;c__Clostridia;o__Tissierellales;f__Peptoniphilaceae;g__Ezakiella,0.008647764831709837,-0.2790275761973875,2.4489829803375085,0.923680856214202,False
d__Bacteria;p__Firmicutes_A;c__Clostridia;o__Oscillospirales;f__JAAYXM01;g__SIG480,0.3776434138632596,-0.08490566037735858,0.26639267472281203,0.9631274116315901,False
d__Bacteria;p__Bacteroidota;c__Bacteroidia;o__Flavobacteriales;f__Crocinitomicaceae;g__Fluviicola,0.970515658275404,0.003991291727140744,-0.627252174681173,0.9999342540345002,False
d__Bacteria;p__Firmicutes;c__Bacilli;o__Lactobacillales;f__Aerococcaceae;g__WM01,0.032921241263524414,-0.16908563134978238,1.6418510373409203,0.923680856214202,False
d__Bacteria;p__Firmicutes_A;c__Clostridia;o__Lachnospirales;f__Lachnospiraceae;g__UBA1753,0.13357649875179436,-0.15892597968069677,2.0511101331142143,0.9245742100295696,False
d__Bacteria;p__Firmicutes_A;c__Clostridia;o__Lachnospirales;f__Vallitaleaceae;g__W11650,0.4971307495180062,-0.07474600870827275,0.11494585628481865,0.9655791160136714,False
d__Bacteria;p__Firmicutes_A;c__Clostridia;o__Saccharofermentanales;f__Fastidiosipilaceae;g__Mageeibacillus,0.591544195952621,-0.04934687953555872,0.15928048623835747,0.9700473199511053,False
d__Bacteria;p__Firmicutes_A;c__Clostridia;o__TANB77;f__CAG-508;g__UMGS1864,0.7121133710545768,-0.0315674891146589,0.7383224484578743,0.9861181920538787,False
d__Bacteria;p__Firmicutes_A;c__Clostridia;o__Oscillospirales;f__CAG-272;g__SIG710,0.7765737288811819,-0.023222060957909907,-0.4623125163756346,0.9923878677730211,False
d__Bacteria;p__Cyanobacteria;c__Vampirovibrionia;o__Gastranaerophilales;f__Gastranaerophilaceae;g__RUG841,0.6273541289133838,0.04934687953555883,-0.314464364546932,0.9735426534685343,False
d__Bacteria;p__Proteobacteria;c__Alphaproteobacteria;o__Rhodobacterales;f__Rhodobacteraceae;g__Salipiger,0.9970509011899846,-0.0007256894049347817,-0.7298793035236528,0.9999342540345002,False
d__Bacteria;p__Proteobacteria;c__Gammaproteobacteria;o__Xanthomonadales;f__Rhodanobacteraceae;g__Dyella,0.10042321592345003,-0.13497822931785186,4.361017630518916,0.9245742100295696,False
d__Bacteria;p__Elusimicrobiota;c__Elusimicrobia;o__Elusimicrobiales;f__Elusimicrobiaceae;g__Avelusimicrobium,0.46450880906787484,-0.08200290275761968,0.15203532917818172,0.9636066785401232,False
d__Bacteria;p__Firmicutes_A;c__Clostridia;o__Lachnospirales;f__Lachnospiraceae;g__RGIG1588,0.8144351810581195,0.021044992743106006,-0.451119696629587,0.9923878677730211,False
d__Bacteria;p__Bacteroidota;c__Bacteroidia;o__Bacteroidales;f__Marinilabiliaceae;g__WRMI01,0.16537791137785407,0.12699564586357037,-1.7506261678537736,0.9245742100295696,False
d__Bacteria;p__Firmicutes;c__Bacilli;o__Erysipelotrichales;f__Erysipelotrichaceae;g__Floccifex,0.0986991405752237,-0.14586357039187225,0.8590042113903513,0.9245742100295696,False
d__Bacteria;p__Firmicutes_A;c__Clostridia;o__Saccharofermentanales;f__DTU023;g__UBA5436,0.8428157708210856,-0.021407837445573286,-0.37047558763007166,0.9936956658403527,False
d__Bacteria;p__Proteobacteria;c__Alphaproteobacteria;o__Pelagibacterales;f__Pelagibacteraceae;g__Fonsibacter,0.2572968648644134,0.09615384615384615,-0.11258120643172916,0.9631274116315901,False
d__Bacteria;p__Bacteroidota;c__Bacteroidia;o__Bacteroidales;f__Tenuifilaceae;g__Tenuifilum,0.667719681991839,0.0395500725689405,0.15808679507091677,0.9823494225683177,False
d__Bacteria;p__Spirochaetota;c__Spirochaetia;o__Treponematales;f__Treponemataceae;g__Treponema,0.3248071704849619,0.10304789550072568,-0.21933258403581535,0.9631274116315901,False
d__Bacteria;p__Verrucomicrobiota;c__Lentisphaeria;o__Victivallales;f__UBA1829;g__UBA1732,0.6788964932918877,-0.04100145137880995,0.3048025986254962,0.9823494225683177,False
d__Bacteria;p__Bacteroidota;c__Bacteroidia;o__Flavobacteriales;f__Flavobacteriaceae;g__Nonlabens,0.45644098109287445,-0.07764876632801165,-0.29984450051155154,0.9631274116315901,False
d__Bacteria;p__Firmicutes;c__Bacilli;o__RFN20;f__CAG-826;g__UBA4951,0.5981708595083663,0.04281567489114657,0.6462677436404276,0.9700473199511053,False
d__Bacteria;p__Actinobacteriota;c__Coriobacteriia;o__Coriobacteriales;f__Eggerthellaceae;g__CAJFUR01,0.1621823114479246,0.15348330914368646,-0.9996141579520385,0.9245742100295696,False
d__Bacteria;p__Firmicutes_A;c__Clostridia;o__Oscillospirales;f__CAG-272;g__UBA1248,0.19072745756007237,-0.14296081277213357,0.4463789498174652,0.9451858659598089,False
d__Bacteria;p__Spirochaetota;c__Leptospirae;o__Leptospirales;f__Leptospiraceae;g__UBA2033,0.5265960710524684,0.05224963715529751,-0.8466646381960975,0.9675572276869043,False
d__Bacteria;p__Firmicutes_A;c__Clostridia;o__Oscillospirales;f__CAG-272;g__UMGS1002,0.4712585350503794,0.07474600870827286,-0.7659850281318688,0.9636066785401232,False
d__Bacteria;p__Firmicutes_A;c__Clostridia;o__Oscillospirales;f__CAG-272;g__UMGS1312,0.5955523031981502,-0.05878084179970977,2.323979422746186,0.9700473199511053,False
d__Bacteria;p__Bacteroidota;c__Bacteroidia;o__Flavobacteriales;f__Weeksellaceae;g__Planobacterium,0.976037982449428,-0.002902757619738683,0.06146558737193809,0.9999342540345002,False
d__Bacteria;p__Bacteroidota;c__Bacteroidia;o__Chitinophagales;f__Chitinophagaceae;g__Parafilimonas,0.9375674098718377,0.00870827285921627,0.12542950092363891,0.9999342540345002,False
d__Bacteria;p__Bacteroidota;c__Bacteroidia;o__Chitinophagales;f__Saprospiraceae;g__UBA6168,0.7938872381188029,0.02539912917271403,0.3647059069068243,0.9923878677730211,False
d__Bacteria;p__Actinobacteriota;c__Actinomycetia;o__Actinomycetales;f__Microbacteriaceae;g__Rathayibacter,0.7132253007492846,0.030478955007256947,-0.4822529284084002,0.9861181920538787,False
d__Bacteria;p__Firmicutes_A;c__Clostridia;o__Oscillospirales;f__Ruminococcaceae;g__RGIG4130,0.47476579212924497,-0.061683599419448454,0.6559092319940182,0.9636066785401232,False
d__Bacteria;p__Cyanobacteria;c__Cyanobacteriia;o__Phormidesmiales;f__Phormidesmiaceae;g__Nodosilinea,0.8410372981931075,0.018867924528301883,-0.24914962844860308,0.9936956658403527,False
d__Bacteria;p__Firmicutes_A;c__Clostridia;o__Oscillospirales;f__Acutalibacteraceae;g__DULI01,0.581408664074933,0.05224963715529751,-2.991871132322707,0.9700473199511053,False
d__Bacteria;p__Actinobacteriota;c__Coriobacteriia;o__Coriobacteriales;f__Eggerthellaceae;g__MGBC163016,0.4339709311333878,-0.06748911465892604,0.0027567690394787164,0.9631274116315901,False
d__Bacteria;p__Proteobacteria;c__Gammaproteobacteria;o__Methylococcales;f__Methylomonadaceae;g__Methylovulum,0.7348456665845744,0.03193033381712629,-0.786970594398116,0.9861181920538787,False
d__Bacteria;p__Firmicutes_A;c__Clostridia;o__Lachnospirales;f__Anaerotignaceae;g__JAAYQI01,0.5253805481689324,0.06748911465892593,-0.5325640600100972,0.9675572276869043,False
d__Bacteria;p__Firmicutes;c__Bacilli;o__Bacillales_G;f__Fictibacillaceae;g__Fictibacillus,0.37674097479648816,-0.07619738751814231,0.4485625280046805,0.9631274116315901,False
d__Bacteria;p__Firmicutes_A;c__Clostridia;o__Peptostreptococcales;f__Anaerovoracaceae;g__Baileyella,0.32340090674182576,-0.09579100145137875,1.1955157033244632,0.9631274116315901,False
d__Bacteria;p__Firmicutes_A;c__Clostridia;o__Lachnospirales;f__Lachnospiraceae;g__RGIG3528,0.24113337935985546,-0.1284470246734397,0.463599968181159,0.9631274116315901,False
d__Bacteria;p__Firmicutes_A;c__Clostridia;o__UMGS1810;f__UMGS1810;g__RGIG4708,0.3543083007933966,-0.09941944847605222,0.8191540457050859,0.9631274116315901,False
d__Bacteria;p__Firmicutes_A;c__Clostridia;o__Acetivibrionales;f__DSM-8532;g__Thermoclostridium,0.5952927776779937,-0.04716981132075482,-0.12973925461146144,0.9700473199511053,False
d__Bacteria;p__Firmicutes_A;c__Clostridia;o__Oscillospirales;f__Oscillospiraceae;g__JAEDDG01,0.8971036545739697,0.011611030478954953,0.9487346415908319,0.9983915236170603,False
d__Bacteria;p__Firmicutes_A;c__Clostridia;o__Lachnospirales;f__Lachnospiraceae;g__XBB2008,0.4397054241181517,-0.08055152394775034,0.17199547249892888,0.9631274116315901,False
d__Bacteria;p__Firmicutes;c__Bacilli;o__RF39;f__UBA660;g__Faecenecus,0.2874331203160778,0.09288824383164007,-0.4028330334786054,0.9631274116315901,False
d__Bacteria;p__Cyanobacteria;c__Vampirovibrionia;o__Gastranaerophilales;f__Gastranaerophilaceae;g__Limenecus,0.8211131612899635,0.02539912917271403,0.2830326766125769,0.9923878677730211,False
d__Bacteria;p__Bacteroidota;c__Bacteroidia;o__Chitinophagales;f__Chitinophagaceae;g__Pseudobacter,0.1717783498937301,0.15166908563134973,-0.15101511378736965,0.9350885895849269,False
d__Bacteria;p__Firmicutes_A;c__Clostridia;o__Christensenellales;f__Borkfalkiaceae;g__UBA7597,0.36242488057155187,-0.09905660377358494,2.332483811231777,0.9631274116315901,False
d__Bacteria;p__Firmicutes_A;c__Clostridia;o__Oscillospirales;f__Oscillospiraceae;g__SIG483,0.5787165372900474,-0.05769230769230771,0.15348391749778204,0.9700473199511053,False
d__Bacteria;p__Firmicutes;c__Bacilli;o__Paenibacillales;f__Paenibacillaceae;g__Saccharibacillus,0.5755950777971274,0.06023222060957911,0.1521631409091293,0.9684073134281785,False
d__Bacteria;p__Firmicutes_A;c__Clostridia;o__Oscillospirales;f__CAG-382;g__UBA1206,0.4322516789729408,-0.079100145137881,5.570497500425948,0.9631274116315901,False
d__Bacteria;p__Planctomycetota;c__Planctomycetia;o__Pirellulales;f__Pirellulaceae;g__Stieleria,0.4303336416863258,-0.0660377358490567,0.1593805419123354,0.9631274116315901,False
d__Bacteria;p__Actinobacteriota;c__Actinomycetia;o__Actinomycetales;f__Cellulomonadaceae;g__Actinotalea,0.15493751633876016,-0.14296081277213357,0.2086259458066689,0.9245742100295696,False
d__Bacteria;p__Proteobacteria;c__Alphaproteobacteria;o__Rhizobiales_A;f__Rhizobiaceae_A;g__Ochrobactrum_A,0.45732955818879195,-0.06023222060957911,-0.1297945777145298,0.9631274116315901,False
d__Bacteria;p__Firmicutes_A;c__Clostridia;o__Lachnospirales;f__Lachnospiraceae;g__Parasporobacterium,0.15165162089580106,-0.12336719883889691,0.30471597200810796,0.9245742100295696,False
d__Bacteria;p__Firmicutes_A;c__Clostridia;o__Lachnospirales;f__Lachnospiraceae;g__RUG14305,0.4250169830105557,-0.08272859216255446,-0.017996405116422125,0.9631274116315901,False
d__Bacteria;p__Chloroflexota;c__Anaerolineae;o__Anaerolineales;f__Anaerolineaceae;g__T78,0.561864634513049,-0.04789550072568938,-0.3125835824922462,0.9684073134281785,False
d__Bacteria;p__Bacteroidota;c__Bacteroidia;o__Cytophagales;f__UBA9547;g__REAG01,0.737727125870295,-0.02685050798258337,1.1706111093095635,0.9861181920538787,False
d__Bacteria;p__Cyanobacteria;c__Vampirovibrionia;o__Gastranaerophilales;f__Gastranaerophilaceae;g__UBA6984,0.13923253124060125,-0.14658925979680704,1.1042273040514021,0.9245742100295696,False
d__Bacteria;p__Bacteroidota;c__Bacteroidia;o__Flavobacteriales;f__Crocinitomicaceae;g__UBA952,0.6955619880236183,-0.04136429608127723,0.6375543538780192,0.9823494225683177,False
d__Bacteria;p__Desulfobacterota_I;c__Desulfovibrionia;o__Desulfovibrionales;f__Desulfovibrionaceae;g__Maridesulfovibrio,0.9206999666522908,-0.010885341074020394,0.2044606994781855,0.9984370467472549,False
d__Bacteria;p__Verrucomicrobiota;c__Verrucomicrobiae;o__Pedosphaerales;f__UBA9464;g__CAIVQB01,0.3202822370752264,0.08563134978229314,-0.501059542041845,0.9631274116315901,False
d__Bacteria;p__Proteobacteria;c__Gammaproteobacteria;o__Xanthomonadales;f__Xanthomonadaceae;g__Luteimonas,0.44862346891161897,-0.07474600870827275,0.43697024494641695,0.9631274116315901,False
d__Bacteria;p__Firmicutes_A;c__Clostridia;o__Christensenellales;f__Borkfalkiaceae;g__UBA4636,0.6230101326194268,-0.04862119013062416,1.198064409918785,0.9735426534685343,False
d__Bacteria;p__Campylobacterota;c__Campylobacteria;o__Campylobacterales;f__Sulfurovaceae;g__UBA1140,0.5001100168049546,0.053701015965166854,-0.2898662164705239,0.9655791160136714,False
d__Bacteria;p__Proteobacteria;c__Alphaproteobacteria;o__Rhodobacterales;f__Rhodobacteraceae;g__Ruegeria,0.45498714646762184,-0.08200290275761968,1.5220461303675066,0.9631274116315901,False
d__Bacteria;p__Firmicutes_A;c__Clostridia;o__Lachnospirales;f__Anaerotignaceae;g__UBA8514,0.7326062757266816,-0.031204644412191618,0.21550125561465647,0.9861181920538787,False
d__Bacteria;p__Firmicutes_A;c__Clostridia;o__Lachnospirales;f__Anaerotignaceae;g__Neoanaerotignum_A,0.6728513172118469,0.044992743105950694,-1.28397434595214,0.9823494225683177,False
d__Bacteria;p__Firmicutes_A;c__Clostridia;o__Peptostreptococcales;f__Anaerovoracaceae;g__RUG13409,0.20238408735943147,-0.10304789550072568,-0.055975751725091304,0.9526263217058536,False
d__Bacteria;p__Firmicutes_A;c__Clostridia;o__Lachnospirales;f__Lachnospiraceae;g__RGIG989,0.18258363823702606,-0.10957910014513783,0.43887609934427996,0.9396034921582341,False
d__Bacteria;p__Actinobacteriota;c__Thermoleophilia;o__Solirubrobacterales;f__Solirubrobacteraceae;g__Solirubrobacter,0.5121223346095156,0.05660377358490565,-0.763318716280161,0.96672689681827,False
d__Bacteria;p__Firmicutes_A;c__Clostridia;o__Lachnospirales;f__Lachnospiraceae;g__UBA9722,0.7696781154279346,0.02394775036284469,-0.9659044821179061,0.9913823514119076,False
d__Bacteria;p__Verrucomicrobiota;c__Verrucomicrobiae;o__Chthoniobacterales;f__Chthoniobacteraceae;g__Chthoniobacter,0.3479644216660247,0.09506531204644408,-0.3614471899851239,0.9631274116315901,False
d__Bacteria;p__Patescibacteria;c__Paceibacteria;o__Paceibacterales;f__UBA5633;g__MWCK01,0.7914325752428827,-0.026124818577648812,-1.1476802892410884,0.9923878677730211,False
d__Bacteria;p__Firmicutes_A;c__Clostridia;o__Oscillospirales;f__Butyricicoccaceae;g__SIG502,0.9482218390875068,-0.006531204644412147,-0.5090567951433123,0.9999342540345002,False
d__Bacteria;p__Firmicutes_F;c__Halanaerobiia;o__B1SED10-174;f__B1SED10-174;g__T1SED10-26,0.1795194219813694,0.1422351233671988,-0.5214132531337274,0.9382605408495559,False
d__Bacteria;p__Firmicutes_A;c__Clostridia;o__Christensenellales;f__UBA1242;g__UBA7868,0.7073272623658666,-0.03301886792452824,1.3777597031751243,0.9850029119984386,False
d__Bacteria;p__Firmicutes_A;c__Clostridia;o__Christensenellales;f__UBA3700;g__RACS-045,0.7734665236068659,-0.02539912917271403,-0.32162129248743404,0.9923878677730211,False
d__Bacteria;p__Firmicutes_A;c__Clostridia;o__Christensenellales;f__CAG-917;g__CAG-475,0.16248484299219257,-0.1552975326560233,-1.0958924644830499,0.9245742100295696,False
d__Bacteria;p__Bacteroidota;c__Bacteroidia;o__Flavobacteriales;f__Flavobacteriaceae;g__MED-G14,0.7372550062096914,-0.028301886792452935,-0.2651991322057638,0.9861181920538787,False
d__Bacteria;p__Proteobacteria;c__Alphaproteobacteria;o__Rhizobiales;f__Beijerinckiaceae;g__Microvirga,0.6452508758248738,-0.052249637155297624,0.46219578809548273,0.9810746271064559,False
d__Bacteria;p__Firmicutes_A;c__Clostridia;o__Oscillospirales;f__Acutalibacteraceae;g__SIG588,0.972050581608021,-0.0036284470246734646,0.0981996522963859,0.9999342540345002,False
d__Bacteria;p__Bacteroidota;c__Bacteroidia;o__Bacteroidales;f__CAJPTX01;g__Bacteroides_D,0.30884383412670324,0.10957910014513783,-0.5450402126065936,0.9631274116315901,False
d__Bacteria;p__Cyanobacteria;c__Cyanobacteriia;o__Cyanobacteriales;f__Microcoleaceae;g__Microcoleus,0.3285043242215626,0.09143686502177073,-0.9870985861029171,0.9631274116315901,False
d__Bacteria;p__Firmicutes_A;c__Clostridia;o__Acetivibrionales;f__Acetivibrionaceae;g__Herbivorax,0.49316108167077843,0.0711175616835994,-0.8430931429817576,0.9655791160136714,False
d__Bacteria;p__Firmicutes;c__Bacilli;o__Bacillales_B;f__DSM-18226;g__Mesobacillus,0.4918581216320955,-0.07547169811320753,1.548642818026744,0.9655791160136714,False
d__Bacteria;p__Actinobacteriota;c__Actinomycetia;o__Mycobacteriales;f__Geodermatophilaceae;g__Blastococcus,0.5360139510230755,0.06458635703918725,-0.41486396096385636,0.9675572276869043,False
d__Bacteria;p__Firmicutes_C;c__Negativicutes;o__Selenomonadales;f__Selenomonadaceae;g__Mitsuokella,0.33321578195671686,-0.08563134978229314,8.84810905182712,0.9631274116315901,False
d__Bacteria;p__Proteobacteria;c__Gammaproteobacteria;o__Pseudomonadales;f__Cellvibrionaceae;g__Cellvibrio,0.14319980251747255,-0.1451378809869377,0.7452493845575423,0.9245742100295696,False
d__Bacteria;p__Cyanobacteria;c__Cyanobacteriia;o__Cyanobacteriales;f__Nostocaceae;g__Trichormus,0.6175126225505396,-0.04862119013062416,-0.9131119242593163,0.9735426534685343,False
d__Bacteria;p__Proteobacteria;c__Alphaproteobacteria;o__Sphingomonadales;f__Sphingomonadaceae;g__Qipengyuania,0.5946471634425585,0.04245283018867929,-0.606667057672512,0.9700473199511053,False
d__Bacteria;p__Actinobacteriota;c__Coriobacteriia;o__Coriobacteriales;f__Eggerthellaceae;g__Enteroscipio,0.949291125467959,-0.006168359941944868,0.9661524277700393,0.9999342540345002,False
d__Bacteria;p__Proteobacteria;c__Gammaproteobacteria;o__Burkholderiales;f__Burkholderiaceae;g__Ralstonia,0.4180930614687549,0.07583454281567492,-0.9196311735102304,0.9631274116315901,False
d__Bacteria;p__Firmicutes_A;c__Clostridia;o__Lachnospirales;f__Lachnospiraceae;g__RUG842,0.2660102269615253,0.09579100145137875,-1.1893030553237685,0.9631274116315901,False
d__Bacteria;p__Desulfobacterota;c__Desulfuromonadia;o__Desulfuromonadales;f__Syntrophotaleaceae;g__Syntrophotalea,0.678257471576684,0.037373004354136374,-0.4055145863836335,0.9823494225683177,False
d__Bacteria;p__Firmicutes_C;c__Negativicutes;o__Veillonellales;f__Dialisteraceae;g__Allisonella,0.21627529848345795,-0.12264150943396235,0.8232310431972237,0.9603197434873896,False
d__Bacteria;p__Firmicutes_A;c__Clostridia;o__Oscillospirales;f__Butyricicoccaceae;g__RGIG1902,0.4273882820533863,-0.08272859216255446,-0.23043395237007444,0.9631274116315901,False
d__Bacteria;p__Firmicutes_A;c__Clostridia;o__Oscillospirales;f__CAG-272;g__RGIG1995,0.7252852125271056,0.037010159651669094,-0.9485660491095587,0.9861181920538787,False
d__Bacteria;p__Firmicutes_A;c__Clostridia;o__Peptostreptococcales;f__Peptostreptococcaceae;g__CCUG-7971,0.9638725112885012,0.004354136429608135,-0.10153675054667738,0.9999342540345002,False
d__Bacteria;p__Proteobacteria;c__Gammaproteobacteria;o__Enterobacterales;f__Succinivibrionaceae;g__UBA2804,0.006996807660947828,-0.22496371552975325,1.12880987730939,0.923680856214202,False
d__Bacteria;p__Firmicutes;c__Bacilli;o__RF39;f__UBA660;g__UBA6448,0.6864535231932023,-0.03229317851959368,-3.1651267944603134,0.9823494225683177,False
d__Bacteria;p__Proteobacteria;c__Alphaproteobacteria;o__RF32;f__CAG-239;g__MGBC133411,0.8485257861641204,-0.018505079825834603,2.8236533823941534,0.9936956658403527,False
d__Bacteria;p__Actinobacteriota;c__Coriobacteriia;o__Coriobacteriales;f__Eggerthellaceae;g__Phoenicibacter,0.3847799002318443,-0.08055152394775034,0.5968784320786764,0.9631274116315901,False
d__Bacteria;p__Spirochaetota;c__Leptospirae;o__Leptospirales;f__Leptospiraceae;g__Leptospira_B,0.5643801491744284,0.05297532656023218,-0.8283652774781941,0.9684073134281785,False
d__Bacteria;p__Firmicutes_A;c__Clostridia;o__UBA1212;f__UBA1255;g__SIG424,0.5733877932359233,-0.045718432510885254,0.45120647684333215,0.9684073134281785,False
d__Bacteria;p__Acidobacteriota;c__Acidobacteriae;o__Acidobacteriales;f__SbA1;g__Sulfotelmatobacter,0.8548225427034657,0.01741654571843254,-1.0857363049484203,0.9936956658403527,False
d__Bacteria;p__Firmicutes_A;c__Clostridia;o__Clostridiales;f__Clostridiaceae;g__F0540,0.7446586401838744,-0.026124818577648812,0.5122066700920014,0.9861181920538787,False
d__Bacteria;p__Firmicutes_A;c__Clostridia;o__Christensenellales;f__UBA1242;g__UMGS2069,0.9716102550760218,0.004354136429608135,-0.062302238008753216,0.9999342540345002,False
d__Bacteria;p__Proteobacteria;c__Gammaproteobacteria;o__Xanthomonadales;f__Xanthomonadaceae;g__Pseudoxanthomonas_A,0.45941429388847,-0.07547169811320753,0.3384550525617122,0.9634738639855374,False
d__Bacteria;p__Firmicutes;c__Bacilli;o__Bacillales_B;f__DSM-18226;g__Robertmurraya,0.9687204165254244,0.0036284470246734646,-0.010537412168662882,0.9999342540345002,False
d__Bacteria;p__Firmicutes;c__Bacilli;o__RFN20;f__CAG-826;g__Onthovivens,0.591165196343751,0.06023222060957911,-0.04783893113869612,0.9700473199511053,False
d__Bacteria;p__Bacteroidota;c__Bacteroidia;o__Flavobacteriales;f__Crocinitomicaceae;g__Brumimicrobium,0.03171284322233343,0.17924528301886788,-1.913359645085015,0.923680856214202,False
d__Bacteria;p__Firmicutes;c__Bacilli;o__RF39;f__UBA660;g__HGM10818,0.89423704708837,0.015239477503628418,0.5848641646431642,0.9983915236170603,False
d__Bacteria;p__Firmicutes;c__Bacilli;o__RF39;f__UBA660;g__UMGS2068,0.008945718916846184,-0.2917271407837445,1.40760743071822,0.923680856214202,False
d__Bacteria;p__Firmicutes_A;c__Clostridia;o__Peptostreptococcales;f__Peptostreptococcaceae;g__Asaccharospora,0.6305504248553896,-0.04426705370101591,0.5188369586767474,0.9735426534685343,False
d__Bacteria;p__Firmicutes_A;c__Clostridia;o__Lachnospirales;f__Lachnospiraceae;g__MGBC100174,0.03654850436980639,-0.21262699564586351,0.9000472508456413,0.923680856214202,False
d__Bacteria;p__Firmicutes_A;c__Clostridia;o__Peptostreptococcales;f__Filifactoraceae;g__Peptoanaerobacter,0.06398366721062475,-0.17126269956458628,1.501897713046244,0.9245742100295696,False
d__Bacteria;p__Firmicutes_C;c__Negativicutes;o__Veillonellales;f__Megasphaeraceae;g__Caecibacter,0.6170917192288984,0.05224963715529751,1.2185728344112874,0.9735426534685343,False
d__Bacteria;p__Firmicutes_B;c__Peptococcia;o__Peptococcales;f__Peptococcaceae;g__QAKL01,0.9071805183384583,0.012336719883889735,0.6000917090477005,0.9983915236170603,False
d__Bacteria;p__Verrucomicrobiota;c__Verrucomicrobiae;o__Chthoniobacterales;f__UBA10450;g__Udaeobacter,0.8043275113469465,-0.020319303338171224,-0.37068942047032644,0.9923878677730211,False
d__Bacteria;p__Firmicutes_A;c__Clostridia;o__Christensenellales;f__DTU072;g__CAG-1782,0.1205550508643404,-0.16908563134978238,0.783385706777301,0.9245742100295696,False
d__Bacteria;p__Actinobacteriota;c__Coriobacteriia;o__Coriobacteriales;f__Atopobiaceae;g__Parafannyhessea,0.128893727234344,-0.13243831640058046,0.39815744150610916,0.9245742100295696,False
d__Bacteria;p__Firmicutes;c__Bacilli;o__Bacillales_B;f__Domibacillaceae;g__Domibacillus,0.6109092783585126,-0.046806966618287316,-0.06226174976895558,0.9735426534685343,False
d__Bacteria;p__Proteobacteria;c__Gammaproteobacteria;o__Pseudomonadales;f__Halieaceae;g__Halioglobus,0.849060674054982,0.01669085631349787,-0.47182021677085595,0.9936956658403527,False
d__Bacteria;p__Proteobacteria;c__Gammaproteobacteria;o__Xanthomonadales;f__Wenzhouxiangellaceae;g__Wenzhouxiangella,0.7249465804841126,-0.030116110304789556,-0.12411382560568672,0.9861181920538787,False
d__Bacteria;p__Firmicutes_A;c__Clostridia;o__Lachnospirales;f__Lachnospiraceae;g__RGIG4856,0.39390529907962457,-0.07982583454281578,0.16435160494118858,0.9631274116315901,False
d__Bacteria;p__Actinobacteriota;c__Coriobacteriia;o__Coriobacteriales;f__Atopobiaceae;g__Paratractidigestivibacter,0.13327367640632878,-0.16255442670537001,-0.4296611870393917,0.9245742100295696,False
d__Bacteria;p__Firmicutes_A;c__Clostridia;o__HGM11327;f__HGM11327;g__SIG351,0.7808365824102684,-0.030841799709724338,0.34920436106712116,0.9923878677730211,False
d__Bacteria;p__Firmicutes_A;c__Clostridia;o__Oscillospirales;f__BX7;g__Galloscillospira_B,0.29216977179455295,0.09433962264150941,3.0758876336010763,0.9631274116315901,False
d__Bacteria;p__Actinobacteriota;c__Actinomycetia;o__Actinomycetales;f__Demequinaceae;g__Demequina,0.5447631625740916,-0.05079825834542806,0.35091156431432496,0.9675572276869043,False
d__Bacteria;p__Proteobacteria;c__Alphaproteobacteria;o__Rhodobacterales;f__Rhodobacteraceae;g__Roseinatronobacter,0.16235158966591023,-0.1342525399129173,0.6361133324475698,0.9245742100295696,False
d__Bacteria;p__Firmicutes_A;c__Clostridia;o__Lachnospirales;f__Lachnospiraceae;g__UBA1729,0.13056276980241294,-0.1262699564586358,0.8620899468255222,0.9245742100295696,False
d__Bacteria;p__Proteobacteria;c__Alphaproteobacteria;o__Rhodospirillales;f__Thalassospiraceae;g__Thalassospira,0.3506401590750712,0.10087082728592167,-0.4376095751549069,0.9631274116315901,False
d__Bacteria;p__Firmicutes_A;c__Clostridia;o__Lachnospirales;f__Lachnospiraceae;g__Eubacterium_S,0.11658132146518746,-0.1734397677793904,0.27954707957203634,0.9245742100295696,False
d__Bacteria;p__Campylobacterota;c__Campylobacteria;o__Campylobacterales;f__Campylobacteraceae;g__Campylobacter_B,0.5975496221233121,-0.05950653120464433,1.529858221838098,0.9700473199511053,False
d__Bacteria;p__Actinobacteriota;c__Actinomycetia;o__Actinomycetales;f__Microbacteriaceae;g__Agromyces,0.7205387817844481,-0.03265602322206096,-0.3451978731128174,0.9861181920538787,False
d__Bacteria;p__Firmicutes_A;c__Clostridia;o__Peptostreptococcales;f__Anaerovoracaceae;g__Eubacterium_M,0.383870400474825,-0.08708272859216248,0.14817216401992497,0.9631274116315901,False
d__Bacteria;p__Firmicutes;c__Bacilli;o__Lactobacillales;f__Aerococcaceae;g__Trichococcus,0.3342699250286483,-0.09288824383164007,-0.12616901752761323,0.9631274116315901,False
d__Bacteria;p__Firmicutes_A;c__Clostridia;o__Christensenellales;f__UBA1242;g__UBA11490,0.8594126644726555,-0.014876632801161138,0.13120552478866346,0.9940416947398667,False
d__Bacteria;p__Firmicutes_A;c__Clostridia;o__Christensenellales;f__Borkfalkiaceae;g__UMGS621,0.7916302846780711,-0.02685050798258337,-1.3109498142389135,0.9923878677730211,False
d__Bacteria;p__Firmicutes;c__Bacilli;o__RF39;f__UBA660;g__UMGS1611,0.5733042664342287,-0.0631349782293178,-0.1998277597723097,0.9684073134281785,False
d__Bacteria;p__Firmicutes_C;c__Negativicutes;o__Selenomonadales;f__Selenomonadaceae;g__Selenomonas_C,0.07450570374751501,-0.17271407837445563,2.8912452437823832,0.9245742100295696,False
d__Bacteria;p__Bacteroidota;c__Bacteroidia;o__Flavobacteriales;f__Vicingaceae;g__Vicingus,0.39423908757327486,0.08200290275761979,-0.38638931144124283,0.9631274116315901,False
d__Bacteria;p__Bacteroidota;c__Bacteroidia;o__Bacteroidales;f__Marinilabiliaceae;g__Breznakibacter,0.9165282318771669,0.011611030478954953,-0.7447504247464115,0.9983915236170603,False
d__Bacteria;p__Firmicutes_A;c__Clostridia;o__Tissierellales;f__Peptoniphilaceae;g__Neofamilia,0.9461292916217463,-0.005805515239477588,2.2247062106830895,0.9999342540345002,False
d__Bacteria;p__Firmicutes_A;c__Clostridia;o__Oscillospirales;f__Acutalibacteraceae;g__SIG598,0.6897570349938391,0.0395500725689405,-0.669234764260638,0.9823494225683177,False
d__Bacteria;p__Bacteroidota;c__Bacteroidia;o__Bacteroidales;f__UBA7960;g__PYGY01,1.0,0.0,0.14296799878469407,1.0,False
d__Bacteria;p__Firmicutes_A;c__Clostridia;o__Lachnospirales;f__DSM-24629;g__Natranaerovirga,0.36085355599768265,0.08635703918722781,0.4695130448648322,0.9631274116315901,False
d__Bacteria;p__Firmicutes_A;c__Clostridia;o__Lachnospirales;f__Lachnospiraceae;g__UBA935,0.1025585360086878,-0.17779390420899865,0.19946187303912624,0.9245742100295696,False
d__Bacteria;p__Firmicutes;c__Bacilli;o__Lactobacillales;f__Enterococcaceae;g__Enterococcus_E,0.5657450569822795,-0.062409288824383236,0.9661168565449672,0.9684073134281785,False
d__Bacteria;p__Firmicutes;c__Bacilli;o__Erysipelotrichales;f__Erysipelotrichaceae;g__Faecalibaculum,0.8964039845694062,-0.014513788098693858,-0.14863579965437923,0.9983915236170603,False
d__Bacteria;p__Firmicutes;c__Bacilli;o__ML615J-28;f__CAG-313;g__UMGS75,0.08225290051072066,-0.19375907111756163,1.5129857221862781,0.9245742100295696,False
d__Bacteria;p__Proteobacteria;c__Gammaproteobacteria;o__Burkholderiales;f__Rhodocyclaceae;g__Accumulibacter,0.5839304700382101,-0.04862119013062416,0.44600086067566497,0.9700473199511053,False
d__Bacteria;p__Firmicutes_A;c__Clostridia;o__Lachnospirales;f__Lachnospiraceae;g__UBA3775,0.9087622968740768,-0.011248185776487674,-0.15263962238118958,0.9983915236170603,False
d__Bacteria;p__Firmicutes_A;c__Clostridia;o__Lachnospirales;f__UBA1390;g__RUG159,0.383097779481926,-0.08780841799709727,0.680141756683487,0.9631274116315901,False
d__Bacteria;p__Chloroflexota;c__Anaerolineae;o__Anaerolineales;f__EnvOPS12;g__UBA12294,0.8104126980513603,0.022496371552975347,-0.6399264951053542,0.9923878677730211,False
d__Bacteria;p__Firmicutes;c__Bacilli;o__CAJFEE01;f__CAJFEE01;g__Harrysmithimonas,0.8234359467476371,0.019230769230769273,0.15760881029489462,0.9927550055459772,False
d__Bacteria;p__Firmicutes_A;c__Clostridia;o__Lachnospirales;f__Lachnospiraceae;g__TB5,0.44577433830610735,-0.06386066763425258,0.16443146242387596,0.9631274116315901,False
d__Bacteria;p__Actinobacteriota;c__Coriobacteriia;o__Coriobacteriales;f__Eggerthellaceae;g__Senegalimassilia,0.473089510742551,-0.07619738751814231,2.3031580539929446,0.9636066785401232,False
d__Bacteria;p__Campylobacterota;c__Campylobacteria;o__Campylobacterales;f__Arcobacteraceae;g__Halarcobacter,0.6493183705684885,-0.03991291727140789,0.149561724427132,0.9823494225683177,False
d__Bacteria;p__Firmicutes_A;c__Thermoanaerobacteria;o__Caldicellulosiruptorales;f__Caldicellulosiruptoraceae;g__Caldicellulosiruptor,0.9556227274515209,-0.005442670537010086,0.0770985009428193,0.9999342540345002,False
d__Bacteria;p__Firmicutes_A;c__Clostridia;o__Lachnospirales;f__CAG-274;g__RGIG4310,0.361675220113691,-0.07510885341074025,0.23816805763082818,0.9631274116315901,False
d__Bacteria;p__Firmicutes;c__Bacilli;o__RF39;f__UBA660;g__CAG-884,0.23310053821776766,0.13098693759071123,-0.6546420111364453,0.9631274116315901,False
d__Bacteria;p__Firmicutes_A;c__Clostridia;o__Oscillospirales;f__CAG-272;g__UBA4717,0.13116317972386748,-0.16291727140783752,2.178227237578161,0.9245742100295696,False
d__Bacteria;p__Firmicutes_A;c__Clostridia;o__TANB77;f__CAG-508;g__UMGS1901,0.8851672761083595,-0.0159651669085632,-0.027265534723493263,0.9944808495789663,False
d__Bacteria;p__Bacteroidota;c__Bacteroidia;o__Cytophagales;f__Cyclobacteriaceae;g__Belliella,0.1795517986682268,-0.12010159651669094,1.2358288400131199,0.9382605408495559,False
d__Bacteria;p__Firmicutes_A;c__Clostridia;o__Oscillospirales;f__Acutalibacteraceae;g__UMGS1487,0.9213280570881495,-0.010885341074020394,0.6226060898991737,0.9984370467472549,False
d__Bacteria;p__Firmicutes_A;c__Clostridia;o__Oscillospirales;f__CAG-272;g__RGIG8775,0.8071441798239394,0.02467343976777936,-1.4041122211791361,0.9923878677730211,False
d__Bacteria;p__Firmicutes;c__Bacilli;o__RF39;f__UBA660;g__UMGS1572,0.42356272190571476,-0.08780841799709727,0.5167562727503431,0.9631274116315901,False
d__Bacteria;p__Actinobacteriota;c__Coriobacteriia;o__Coriobacteriales;f__Eggerthellaceae;g__UMGS1519,0.22632667138197726,-0.13715529753265598,0.1425681529805943,0.9631274116315901,False
d__Bacteria;p__Fusobacteriota;c__Fusobacteriia;o__Fusobacteriales;f__Leptotrichiaceae;g__Leptotrichia,0.7596340247446126,-0.0341074020319303,0.7942057505608124,0.9889498781900884,False
d__Bacteria;p__Proteobacteria;c__Alphaproteobacteria;o__RF32;f__CAG-977;g__UBA11549,0.41784230576316084,-0.08563134978229314,-0.38416777772780625,0.9631274116315901,False
d__Bacteria;p__Bacteroidota;c__Bacteroidia;o__AKYH767;f__B-17BO;g__UBA4416,0.15422053046547257,-0.14586357039187225,0.3599380417342954,0.9245742100295696,False
d__Bacteria;p__Firmicutes_A;c__Clostridia;o__Lachnospirales;f__Lachnospiraceae;g__SIG333,0.10162265739185312,-0.179245283018868,0.3696256048254451,0.9245742100295696,False
d__Bacteria;p__Spirochaetota;c__Leptospirae;o__Leptospirales;f__Leptospiraceae;g__Leptospira_A,0.9765909850685071,0.0036284470246734646,-0.4249787491703756,0.9999342540345002,False
d__Bacteria;p__Bacteroidota;c__Bacteroidia;o__Chitinophagales;f__Chitinophagaceae;g__Ilyomonas,0.8380329018653907,-0.022859216255442627,-0.04864174089740011,0.9934511936686962,False
d__Bacteria;p__Firmicutes_A;c__Clostridia;o__Oscillospirales;f__Ruminococcaceae;g__Acetanaerobacterium,0.021724198602552203,-0.2075471698113207,1.7761989383854948,0.923680856214202,False
d__Bacteria;p__Actinobacteriota;c__Actinomycetia;o__Streptosporangiales;f__Streptosporangiaceae;g__Microbispora,0.6939801366613167,-0.037735849056603765,-0.006962942200993327,0.9823494225683177,False
d__Bacteria;p__Cyanobacteria;c__Cyanobacteriia;o__Cyanobacteriales;f__Nostocaceae;g__Brasilonema,0.9232577301249263,-0.007982583454281489,-0.6069976590739822,0.9985365697048288,False
d__Bacteria;p__Acidobacteriota;c__Acidobacteriae;o__Acidobacteriales;f__Acidobacteriaceae;g__Silvibacterium,0.21528046595284855,0.10667634252539915,-1.3205415581437594,0.9601236516447835,False
d__Bacteria;p__Firmicutes_C;c__Negativicutes;o__Selenomonadales;f__Selenomonadaceae;g__RUG12372,0.42432680691497127,-0.07329462989840341,1.5292728650896978,0.9631274116315901,False
d__Bacteria;p__Firmicutes_A;c__Clostridia;o__Oscillospirales;f__Ruminococcaceae;g__RUG11783,0.12968474310801914,-0.1502177068214805,0.8727804593454414,0.9245742100295696,False
d__Bacteria;p__Firmicutes_A;c__Clostridia;o__Lachnospirales;f__Anaerotignaceae;g__Neoanaerotignum_B,0.719927158424098,-0.0341074020319303,0.04211864048249417,0.9861181920538787,False
d__Bacteria;p__Firmicutes;c__Bacilli;o__RF39;f__UBA660;g__CAG-628,0.09387117421518308,0.1843251088534107,-0.07038352277956902,0.9245742100295696,False
d__Bacteria;p__Firmicutes_A;c__Clostridia;o__Lachnospirales;f__Lachnospiraceae;g__JAGPKJ01,0.03305418339669471,-0.21262699564586351,0.8761027057328805,0.923680856214202,False
d__Bacteria;p__Proteobacteria;c__Gammaproteobacteria;o__Burkholderiales;f__Burkholderiaceae;g__Mesosutterella,0.4173535854190238,-0.07873730043541372,-2.7806497340448315,0.9631274116315901,False
d__Bacteria;p__Actinobacteriota;c__Actinomycetia;o__Actinomycetales;f__Microbacteriaceae;g__Curtobacterium,0.38879778667767206,-0.09252539912917279,0.0929990803898316,0.9631274116315901,False
d__Bacteria;p__Cyanobacteria;c__Vampirovibrionia;o__Gastranaerophilales;f__Gastranaerophilaceae;g__Spyradomonas,0.5356605695876968,0.062046444121915845,-1.4165546459826415,0.9675572276869043,False
d__Bacteria;p__Proteobacteria;c__Alphaproteobacteria;o__Rhizobiales;f__Xanthobacteraceae;g__Pseudolabrys,0.14865876784760843,-0.13497822931785186,0.8070059197311465,0.9245742100295696,False
d__Bacteria;p__Firmicutes_A;c__Clostridia;o__Acetivibrionales;f__DSM-8532;g__Thermoclostridium_A,0.8241184124747579,0.022496371552975347,1.5041144956226016,0.9927550055459772,False
d__Bacteria;p__Firmicutes_A;c__Clostridia;o__Peptostreptococcales;f__Anaerovoracaceae;g__RUG708,0.08989788664269835,-0.14586357039187225,1.240961350342981,0.9245742100295696,False
d__Bacteria;p__Firmicutes;c__Bacilli;o__RF39;f__UBA660;g__Fimihabitans,0.9598487330551253,0.005442670537010197,0.042905927943284745,0.9999342540345002,False
d__Bacteria;p__Firmicutes_A;c__Clostridia;o__Lachnospirales;f__Lachnospiraceae;g__MGBC111451,0.2112717538656499,-0.1132075471698113,0.8814547543061646,0.9578570186005568,False
d__Bacteria;p__Firmicutes_A;c__Clostridia;o__Clostridiales;f__Clostridiaceae;g__Clostridium_T,0.16316510215921387,0.11066763425253989,-0.9172314817254712,0.9245742100295696,False
d__Bacteria;p__Firmicutes_A;c__Clostridia;o__Peptostreptococcales;f__Filifactoraceae;g__Criibacterium,0.9441930966943546,-0.006531204644412147,-1.13052589175323,0.9999342540345002,False
d__Bacteria;p__Bacteroidota;c__Ignavibacteria;o__Ignavibacteriales;f__Melioribacteraceae;g__1-14-2-50-31-20,0.875652374518871,0.013788098693759077,-0.45074461207585925,0.9940416947398667,False
d__Bacteria;p__Firmicutes_A;c__Clostridia;o__UMGS1883;f__UMGS1883;g__RGIG1927,0.032111714390936706,-0.20391872278664724,1.1538152387686658,0.923680856214202,False
d__Bacteria;p__Proteobacteria;c__Gammaproteobacteria;o__Burkholderiales;f__Burkholderiaceae;g__Limnohabitans_A,0.9859806667553688,0.002177068214804012,0.04026068405176418,0.9999342540345002,False
d__Bacteria;p__Firmicutes_A;c__Clostridia;o__Oscillospirales;f__Oscillospiraceae;g__SIG495,0.8436326169270894,-0.0159651669085632,0.17583192161481637,0.9936956658403527,False
d__Bacteria;p__Bacteroidota;c__Bacteroidia;o__Bacteroidales;f__Bacteroidaceae;g__JAAYSY01,0.1719221173676323,0.11756168359941943,-0.7922939938935656,0.9350885895849269,False
d__Bacteria;p__Planctomycetota;c__Phycisphaerae;o__Sedimentisphaerales;f__SG8-4;g__JAFGPJ01,0.7106479403980966,-0.03846153846153855,0.25788403624120254,0.9861181920538787,False
d__Bacteria;p__Proteobacteria;c__Alphaproteobacteria;o__Rhizobiales;f__Xanthobacteraceae;g__Tardiphaga,0.40786567198710855,0.07329462989840352,0.19881510753922146,0.9631274116315901,False
d__Bacteria;p__Firmicutes_A;c__Clostridia;o__Oscillospirales;f__CAG-272;g__JAAZGC01,0.6816306133011858,-0.03555878084179964,0.2539553586204253,0.9823494225683177,False
d__Bacteria;p__Bacteroidota;c__Bacteroidia;o__Cytophagales;f__Cyclobacteriaceae;g__Ohtaekwangia,0.7916302846780711,0.026850507982583482,0.2773042009632299,0.9923878677730211,False
d__Bacteria;p__Actinobacteriota;c__Acidimicrobiia;o__Acidimicrobiales;f__JACDCH01;g__VFJN01,0.18991689552644608,0.10595065312046448,-1.51890493000917,0.9451858659598089,False
d__Bacteria;p__Bacteroidota;c__Bacteroidia;o__Cytophagales;f__Spirosomaceae;g__Allopseudarcicella,0.2829919388645191,-0.09941944847605222,0.7479540632929409,0.9631274116315901,False
d__Bacteria;p__Bacteroidota;c__Bacteroidia;o__Bacteroidales;f__Azobacteroidaceae;g__Symbiothrix,0.05232287436939172,0.20174165457184323,-1.0875089660360748,0.9245742100295696,False
d__Bacteria;p__Bacteroidota;c__Bacteroidia;o__Bacteroidales;f__Rikenellaceae;g__Mucinivorans,0.3143232844889259,-0.1132075471698113,-0.3502783066026762,0.9631274116315901,False
d__Bacteria;p__Planctomycetota;c__Phycisphaerae;o__Phycisphaerales;f__SM1A02;g__F1-140-MAGs142,0.6203990588190846,0.04898403483309144,-0.505525035540775,0.9735426534685343,False
d__Bacteria;p__Elusimicrobiota;c__Endomicrobia;o__Endomicrobiales;f__Endomicrobiaceae;g__RUG658,0.7012453732299171,-0.037735849056603765,-0.10804017880374174,0.9841954294212892,False
d__Bacteria;p__Bacteroidota;c__Bacteroidia;o__Flavobacteriales;f__Flavobacteriaceae;g__Mesonia,0.8631026965140229,-0.018867924528301883,0.09080140830221897,0.9940416947398667,False
d__Bacteria;p__Bacteroidota;c__Bacteroidia;o__Chitinophagales;f__LD1;g__Bog-950,0.10223140380752238,0.17235123367198835,-0.4178996277003768,0.9245742100295696,False
d__Bacteria;p__Bacteroidota;c__Bacteroidia;o__Sphingobacteriales;f__Sphingobacteriaceae;g__Arcticibacter,0.6113909519863141,0.05224963715529751,-0.8800322478049396,0.9735426534685343,False
d__Bacteria;p__Chloroflexota;c__Anaerolineae;o__Anaerolineales;f__EnvOPS12;g__UBA7227,0.47707546032101333,0.05660377358490565,-0.19164132297053596,0.9653324386089055,False
d__Bacteria;p__Bacteroidota;c__Bacteroidia;o__Flavobacteriales;f__Flavobacteriaceae;g__Wenyingzhuangia,0.5708840198365217,0.053701015965166854,0.1753934198689829,0.9684073134281785,False
d__Bacteria;p__Bacteroidota;c__Bacteroidia;o__Bacteroidales;f__TTA-H9;g__GWE2-42-24,0.0835559726036725,0.1923076923076923,-0.6872392227020422,0.9245742100295696,False
d__Bacteria;p__Bacteroidota;c__Bacteroidia;o__Bacteroidales;f__Muribaculaceae;g__M3,0.15127400507312525,0.12518142235123364,1.2525018552167597,0.9245742100295696,False
d__Bacteria;p__Bacteroidota;c__Bacteroidia;o__Chitinophagales;f__Chitinophagaceae;g__46-32,0.5490518078501315,-0.06748911465892604,0.13997750171957565,0.9684073134281785,False
d__Bacteria;p__Bacteroidota;c__Bacteroidia;o__Chitinophagales;f__Chitinophagaceae;g__Paraflavitalea,0.04665525565551791,0.20682148040638604,-1.2692287007745908,0.9245742100295696,False
d__Bacteria;p__Proteobacteria;c__Gammaproteobacteria;o__Burkholderiales;f__Burkholderiaceae;g__Mitsuaria,0.7269469610075974,-0.0341074020319303,0.08178383318424721,0.9861181920538787,False
d__Bacteria;p__Firmicutes;c__Bacilli;o__Mycoplasmatales;f__Mycoplasmoidaceae;g__Mycoplasmoides,0.2718664677276159,0.10740203193033382,-0.34150263070734527,0.9631274116315901,False
d__Bacteria;p__Fusobacteriota;c__Fusobacteriia;o__Fusobacteriales;f__Fusobacteriaceae;g__Cetobacterium_A,0.2795363879723668,0.10486211901306242,-0.02705427878098792,0.9631274116315901,False
d__Bacteria;p__Firmicutes_A;c__Clostridia;o__Oscillospirales;f__Ruminococcaceae;g__Alloruminococcus,0.05055164228331694,-0.1923076923076923,0.8608453484969121,0.9245742100295696,False
d__Bacteria;p__Bacteroidota;c__Bacteroidia;o__Bacteroidales;f__CAIXZF01;g__JAGONC01,0.43449530918791823,0.07764876632801165,-0.48601037603976166,0.9631274116315901,False
d__Bacteria;p__Bacteroidota;c__Bacteroidia;o__Bacteroidales;f__UBA10428;g__JAFGPL01,0.4303336416863258,0.06603773584905659,-1.3508542412870699,0.9631274116315901,False
d__Bacteria;p__Bacteroidota;c__Bacteroidia;o__Chitinophagales;f__Chitinophagaceae;g__Arachidicoccus,0.6741561431313416,-0.04354136429608135,-0.524093097490371,0.9823494225683177,False
d__Bacteria;p__Desulfobacterota;c__Desulfuromonadia;o__Geobacterales;f__Geobacteraceae;g__VEOV01,0.553752035799367,0.05043541364296078,-0.9147604335489544,0.9684073134281785,False
d__Bacteria;p__Bacteroidota;c__Bacteroidia;o__Bacteroidales;f__F082;g__BM524,0.7447402406574501,0.029753265602322165,0.9795789745428103,0.9861181920538787,False
d__Bacteria;p__Bacteroidota;c__Bacteroidia;o__Chitinophagales;f__Chitinophagaceae;g__Filimonas,0.6966141068459568,-0.03555878084179964,0.1551010400410559,0.9823494225683177,False
d__Bacteria;p__Bacteroidota;c__Bacteroidia;o__Sphingobacteriales;f__Sphingobacteriaceae;g__Solitalea,0.8740450787140814,-0.014150943396226356,0.17985982264214329,0.9940416947398667,False
d__Bacteria;p__Bacteroidota;c__Bacteroidia;o__Flavobacteriales;f__BACL11;g__UWMA-0277,0.4601880154764899,0.05878084179970977,-0.3220821680066952,0.9636066785401232,False
d__Bacteria;p__Bacteroidota;c__Bacteroidia;o__Flavobacteriales;f__Flavobacteriaceae;g__Urechidicola,0.30564033117973843,-0.11030478955007261,0.35515209434716144,0.9631274116315901,False
d__Bacteria;p__Bacteroidota;c__Bacteroidia;o__Bacteroidales;f__DTU049;g__GWF2-43-63,0.3587435106427136,0.08018867924528306,-1.0168411796109973,0.9631274116315901,False
d__Bacteria;p__Bacteroidota;c__Bacteroidia;o__Flavobacteriales;f__Flavobacteriaceae;g__Joostella,0.6743397506563943,0.04027576197387517,-0.00810428411633802,0.9823494225683177,False
d__Bacteria;p__Bacteroidota;c__Bacteroidia;o__Flavobacteriales;f__Flavobacteriaceae;g__Algibacter_B,0.3700359121603275,0.07256894049346885,-0.3126031554752623,0.9631274116315901,False
d__Bacteria;p__Proteobacteria;c__Gammaproteobacteria;o__Burkholderiales;f__Rhodocyclaceae;g__UBA2250,0.8441189987336546,0.018867924528301883,-0.2347892942468722,0.9936956658403527,False
d__Bacteria;p__Bacteroidota;c__Bacteroidia;o__Chitinophagales;f__Chitinophagaceae;g__Flavisolibacter,0.7834869945512916,0.022496371552975347,-0.598688772898669,0.9923878677730211,False
d__Bacteria;p__Proteobacteria;c__Alphaproteobacteria;o__Puniceispirillales;f__AAA536-G10;g__TMED54,0.4963857202039619,-0.055152394775036306,1.6801900836200332,0.9655791160136714,False
d__Bacteria;p__Bacteroidota;c__Bacteroidia;o__Cytophagales;f__Cyclobacteriaceae;g__Lunatimonas,0.5994282741789121,0.05587808417997098,-0.13087293129075372,0.9700473199511053,False
d__Bacteria;p__Cyanobacteria;c__Cyanobacteriia;o__Cyanobacteriales;f__Microcoleaceae;g__Okeania,0.6912859254110627,-0.037735849056603765,0.15875541948802038,0.9823494225683177,False
d__Bacteria;p__Firmicutes_A;c__Clostridia;o__Tissierellales;f__Peptoniphilaceae;g__Parvimonas,0.8715141890744936,0.01777939042089982,0.7366334645263733,0.9940416947398667,False
d__Bacteria;p__Bacteroidota;c__Bacteroidia;o__Chitinophagales;f__Chitinophagaceae;g__QFOI01,0.006269994404316263,0.2314949201741655,-2.8266176371258083,0.923680856214202,False
d__Bacteria;p__Bacteroidota;c__Ignavibacteria;o__Ignavibacteriales;f__Melioribacteraceae;g__DSXH01,0.9491053037542758,-0.006531204644412147,-0.04674775784170869,0.9999342540345002,False
d__Bacteria;p__Bacteroidota;c__Bacteroidia;o__Flavobacteriales;f__Flavobacteriaceae;g__Sinomicrobium,0.5947208102986592,-0.053701015965166965,-0.7121011246537065,0.9700473199511053,False
d__Bacteria;p__Bacteroidota;c__Bacteroidia;o__Flavobacteriales;f__Flavobacteriaceae;g__Salinimicrobium,0.7959114727196839,-0.022859216255442627,0.4772668335074189,0.9923878677730211,False
d__Bacteria;p__Bacteroidota;c__Bacteroidia;o__Flavobacteriales;f__Blattabacteriaceae;g__Blattabacterium,0.6966141068459568,0.03555878084179975,-0.2884533978610092,0.9823494225683177,False
d__Bacteria;p__Proteobacteria;c__Gammaproteobacteria;o__Burkholderiales;f__Burkholderiaceae;g__Lautropia,0.9717654524774466,0.0036284470246734646,2.036685179657726,0.9999342540345002,False
d__Bacteria;p__Deferribacterota;c__Deferribacteres;o__Deferribacterales;f__Denitrovibrionaceae;g__Geovibrio,0.8884685114719164,-0.014513788098693858,0.5258377005650479,0.996152794920609,False
d__Bacteria;p__Bacteroidota;c__Bacteroidia;o__Bacteroidales;f__UBA10428;g__JAFGOZ01,0.41594817393196426,-0.0711175616835995,0.3919506814870458,0.9631274116315901,False
d__Bacteria;p__Patescibacteria;c__Paceibacteria;o__Portnoybacterales;f__UBA2143;g__JAHJQT01,0.6022567470467426,0.05152394775036284,-0.19725985455740927,0.9700473199511053,False
d__Bacteria;p__Proteobacteria;c__Alphaproteobacteria;o__Rhizobiales;f__Rhizobiaceae;g__Rhizobium_A,0.7763180237113305,0.02539912917271403,-0.757908826262767,0.9923878677730211,False
d__Bacteria;p__Bacteroidota;c__Bacteroidia;o__Flavobacteriales;f__Flavobacteriaceae;g__Mariniflexile,0.9524565513334429,0.005805515239477477,0.1702973664676433,0.9999342540345002,False
d__Bacteria;p__Firmicutes;c__Bacilli;o__Lactobacillales;f__Lactobacillaceae;g__Levilactobacillus,0.011802324317619987,0.24165457184325112,1.8808472988317415,0.923680856214202,False
d__Bacteria;p__Bacteroidota;c__Bacteroidia;o__Chitinophagales;f__JADJOU01;g__CHPMRC01,0.7489378291680053,0.03265602322206096,-0.08673540023050272,0.9861181920538787,False
d__Bacteria;p__Bacteroidota;c__Bacteroidia;o__Bacteroidales;f__PUMT01;g__PXAP01,0.6046483294762495,0.05079825834542817,-0.8639922048756045,0.9700473199511053,False
d__Bacteria;p__Firmicutes_A;c__Clostridia;o__Peptostreptococcales;f__Peptostreptococcaceae;g__Tepidibacter,0.8043602182650597,0.019956458635703944,-0.023406763935261057,0.9923878677730211,False
d__Bacteria;p__Bacteroidota;c__Bacteroidia;o__Chitinophagales;f__Saprospiraceae;g__JABDMH01,0.5297126133019809,0.0500725689404935,0.4796341200663431,0.9675572276869043,False
d__Bacteria;p__Bacteroidota;c__Bacteroidia;o__Flavobacteriales;f__Flavobacteriaceae;g__Patiriisocius,0.45732955818879195,-0.06023222060957911,0.24230040002596687,0.9631274116315901,False
d__Bacteria;p__Bacteroidota;c__Bacteroidia;o__Bacteroidales;f__DTU049;g__BM518,0.9031976466193842,-0.010159651669085612,-0.9202902240257705,0.9983915236170603,False
d__Bacteria;p__Planctomycetota;c__Planctomycetia;o__Pirellulales;f__Pirellulaceae;g__Aureliella,0.4114760109516734,0.07837445573294632,-0.20285334928584728,0.9631274116315901,False
d__Bacteria;p__Desulfobacterota;c__Syntrophia;o__Syntrophales;f__Smithellaceae;g__UBA4810,0.553752035799367,0.05043541364296078,-1.6388574682706991,0.9684073134281785,False
d__Bacteria;p__Proteobacteria;c__Gammaproteobacteria;o__Enterobacterales_A;f__Enterobacteriaceae_A;g__Buchnera,0.5421128251501572,-0.05878084179970977,0.2627394326169396,0.9675572276869043,False
d__Bacteria;p__Firmicutes_A;c__Clostridia;o__Christensenellales;f__CAG-74;g__Faecaligallichristensenella,0.4354956647768401,-0.062046444121915734,0.3825680747574237,0.9631274116315901,False
d__Bacteria;p__Marinisomatota;c__Marinisomatia;o__Marinisomatales;f__TCS55;g__UBA2126,0.839365695925259,0.01669085631349787,-0.49676407166916847,0.9934511936686962,False
d__Bacteria;p__Campylobacterota;c__Campylobacteria;o__Campylobacterales;f__Arcobacteraceae;g__Malaciobacter,0.9083891258129807,0.011973875181422344,-0.6789777397019963,0.9983915236170603,False
d__Bacteria;p__Bacteroidota;c__Bacteroidia;o__Bacteroidales;f__GWF2-33-38;g__GWA2-31-9,0.507566500943908,0.06386066763425258,-0.7925797665427535,0.9655791160136714,False
d__Bacteria;p__Firmicutes;c__Bacilli;o__Bacillales;f__Bacillaceae_I;g__Sutcliffiella_A,0.20796563237949317,-0.1052249637155298,0.49952746845010826,0.9578570186005568,False
d__Bacteria;p__Firmicutes_A;c__Clostridia;o__UBA1212;f__UBA1212;g__RGIG8523,0.038869108120780725,0.2235123367198839,-0.7107923742509571,0.923680856214202,False
d__Bacteria;p__Firmicutes;c__Bacilli;o__Mycoplasmatales;f__Metamycoplasmataceae;g__Metamycoplasma,0.7066314601262849,0.031204644412191618,0.08657389380518556,0.9850029119984386,False
d__Bacteria;p__Proteobacteria;c__Gammaproteobacteria;o__Cardiobacteriales;f__Wohlfahrtiimonadaceae;g__Ignatzschineria,0.9573495204876742,0.005442670537010197,-0.24574183803695168,0.9999342540345002,False
d__Bacteria;p__Bacteroidota;c__Bacteroidia;o__Chitinophagales;f__JADIYW01;g__JADJSS01,0.9311812590814481,-0.00870827285921627,0.028929009913375756,0.9999342540345002,False
d__Bacteria;p__Bacteroidota;c__Bacteroidia;o__Bacteroidales;f__Azobacteroidaceae;g__WRFZ01,0.039119518075838154,0.18867924528301883,-1.407774618820142,0.923680856214202,False
d__Bacteria;p__Bacteroidota;c__Bacteroidia;o__Flavobacteriales;f__Flavobacteriaceae;g__Pustulibacterium,0.059215464892036884,-0.1574746008708272,-1.0104056067494158,0.9245742100295696,False
d__Bacteria;p__Actinobacteriota;c__Actinomycetia;o__Mycobacteriales;f__Pseudonocardiaceae;g__Actinophytocola,0.20404445558448914,0.10776487663280121,-0.7734939527968737,0.9526263217058536,False
d__Bacteria;p__Firmicutes_A;c__Clostridia;o__Peptostreptococcales;f__Tindalliaceae;g__Tindallia,0.9890202067828539,-0.0014513788098693414,-0.528492388760567,0.9999342540345002,False
d__Bacteria;p__Firmicutes_A;c__Clostridia;o__Lachnospirales;f__Lachnospiraceae;g__MGBC143606,0.2933607195050033,-0.10885341074020327,1.7307660795276298,0.9631274116315901,False
d__Bacteria;p__Bacteroidota;c__Bacteroidia;o__Chitinophagales;f__Chitinophagaceae;g__Terrimonas,0.13409789439832442,-0.1451378809869377,1.1602700894691502,0.9245742100295696,False
d__Bacteria;p__Bacteroidota;c__Bacteroidia;o__Flavobacteriales;f__Flavobacteriaceae;g__Aureibaculum,0.08896338974501727,0.16473149492017414,-1.0868973342959063,0.9245742100295696,False
d__Bacteria;p__Proteobacteria;c__Alphaproteobacteria;o__Rhodobacterales;f__Rhodobacteraceae;g__Tropicimonas,0.9820309517580164,0.002177068214804012,0.6106943097178532,0.9999342540345002,False
d__Bacteria;p__Bacteroidota;c__Bacteroidia;o__Bacteroidales;f__Marinilabiliaceae;g__Thermophagus,0.9305470563822476,0.007256894049346929,-1.3499524784745398,0.9999342540345002,False
d__Bacteria;p__Bacteroidota;c__Bacteroidia;o__Bacteroidales;f__UBA7960;g__PUPG01,0.6021380640326219,0.05732946298984032,-0.05724903012887259,0.9700473199511053,False
d__Bacteria;p__Bacteroidota;c__Bacteroidia;o__Chitinophagales;f__Chitinophagaceae;g__CAILAF01,0.662994271229411,-0.03483309143686508,0.8479285592031012,0.9823494225683177,False
d__Bacteria;p__Firmicutes_A;c__Clostridia;o__TANB77;f__CAG-508;g__HGM13634,0.9922833815341792,0.0014513788098693414,0.20659712957314144,0.9999342540345002,False
d__Bacteria;p__Campylobacterota;c__Campylobacteria;o__Campylobacterales;f__Arcobacteraceae;g__UBA6211,0.1593331531705071,-0.11756168359941954,0.8453265746711776,0.9245742100295696,False
d__Bacteria;p__Desulfobacterota;c__Desulfobulbia;o__Desulfobulbales;f__Desulfocapsaceae;g__SZUA-575,0.13498727527451343,-0.13207547169811318,1.597716772252638,0.9245742100295696,False
d__Bacteria;p__Actinobacteriota;c__Actinomycetia;o__Propionibacteriales;f__Propionibacteriaceae;g__Arachnia,0.9340576452351774,-0.00907111756168355,-0.5891041835261763,0.9999342540345002,False
d__Bacteria;p__Proteobacteria;c__Alphaproteobacteria;o__Rhodobacterales;f__Rhodobacteraceae;g__Puniceibacterium,0.34187819552363674,-0.07692307692307687,-0.302958417935562,0.9631274116315901,False
d__Bacteria;p__Proteobacteria;c__Alphaproteobacteria;o__Rhizobiales;f__Beijerinckiaceae;g__Roseiarcus,0.9132615558308163,0.009433962264150941,-0.20121900259027636,0.9983915236170603,False
d__Bacteria;p__Firmicutes;c__Bacilli;o__Lactobacillales;f__Carnobacteriaceae;g__Alkalibacterium,0.9711421539773726,-0.0036284470246734646,-0.2952562246240619,0.9999342540345002,False
d__Bacteria;p__Campylobacterota;c__Campylobacteria;o__Campylobacterales;f__Arcobacteraceae;g__Poseidonibacter,0.739811103966822,0.027576197387518153,-0.26267323132388704,0.9861181920538787,False
d__Bacteria;p__Bacteroidota;c__Bacteroidia;o__Bacteroidales;f__F082;g__UBA6244,0.14828579877815323,0.15747460087082732,-0.7262763020070614,0.9245742100295696,False
d__Bacteria;p__Firmicutes;c__Bacilli;o__Lactobacillales;f__Aerococcaceae;g__Abiotrophia,0.24210844364934003,-0.09288824383164007,5.978205872296467,0.9631274116315901,False
d__Bacteria;p__Bacteroidota;c__Kapabacteria;o__Kapabacteriales;f__UBA961;g__JADJXV01,0.7834869945512916,-0.022496371552975347,-0.26912509013254843,0.9923878677730211,False
d__Bacteria;p__Actinobacteriota;c__Actinomycetia;o__Actinomycetales;f__Dermatophilaceae;g__Dermacoccus,0.5913681022898977,-0.04825834542815666,3.887275112019135,0.9700473199511053,False
d__Bacteria;p__Bacteroidota;c__Bacteroidia;o__Sphingobacteriales;f__Sphingobacteriaceae;g__Mucilaginibacter_A,0.15704869655472378,-0.1422351233671988,0.29379635481218963,0.9245742100295696,False
d__Bacteria;p__Proteobacteria;c__Gammaproteobacteria;o__Burkholderiales;f__Methylophilaceae;g__Methylotenera,0.5428837908370947,-0.060957910014513894,1.557955642550814,0.9675572276869043,False
d__Bacteria;p__Proteobacteria;c__Gammaproteobacteria;o__Burkholderiales;f__Thiobacillaceae;g__Thiobacillus,0.9160352497647447,0.011248185776487674,0.5887955916048926,0.9983915236170603,False
d__Bacteria;p__Bacteroidota;c__Bacteroidia;o__Flavobacteriales;f__Flavobacteriaceae;g__Maribacter_B,0.4923679499763791,-0.05841799709724249,0.6490572204830637,0.9655791160136714,False
d__Bacteria;p__Proteobacteria;c__Gammaproteobacteria;o__Enterobacterales;f__Psychromonadaceae;g__Psychromonas,0.79968729795098,-0.026124818577648812,-0.08006606623959138,0.9923878677730211,False
d__Bacteria;p__Firmicutes;c__Bacilli;o__Lactobacillales;f__Lactobacillaceae;g__Lactiplantibacillus,0.4119618048152983,0.0870827285921626,-1.2125879781078037,0.9631274116315901,False
d__Bacteria;p__Proteobacteria;c__Gammaproteobacteria;o__Enterobacterales;f__Alteromonadaceae;g__Alishewanella,0.8869830185820748,0.014876632801161138,0.13407980938586606,0.9956235560929665,False
d__Bacteria;p__Bacteroidota;c__Bacteroidia;o__Flavobacteriales;f__Salibacteraceae;g__SHAN690,0.38946007701448826,-0.07619738751814231,0.7559104438870157,0.9631274116315901,False
d__Bacteria;p__Firmicutes;c__Bacilli;o__RF39;f__UBA660;g__MGBC107952,0.8067796916074973,-0.021044992743106006,0.4113700394874063,0.9923878677730211,False
d__Bacteria;p__Firmicutes;c__Bacilli;o__Bacillales_H;f__Bacillaceae_D;g__Bacillus_L,0.36635527188008066,0.07438316400580547,-0.8289425969919274,0.9631274116315901,False
d__Bacteria;p__Eremiobacterota;c__Xenobia;o__Xenobiales;f__Xenobiaceae;g__Bruticola,0.5769674357125835,-0.0475326560232221,0.3409666799017365,0.9684073134281785,False
d__Bacteria;p__Bacteroidota;c__Bacteroidia;o__Cytophagales;f__Spirosomaceae;g__Siphonobacter,0.9401434117355935,-0.006894049346879427,-0.28953185080878513,0.9999342540345002,False
d__Bacteria;p__Firmicutes_A;c__Clostridia;o__Oscillospirales;f__Ruminococcaceae;g__Neoruminococcus,0.6370829336730603,0.04245283018867929,0.40136433121328363,0.9753054522363326,False
d__Bacteria;p__Proteobacteria;c__Alphaproteobacteria;o__Rhizobiales;f__Beijerinckiaceae;g__28-YEA-48,0.6074162509787805,0.04100145137880984,-0.6228678902520699,0.9721566313512061,False
d__Bacteria;p__Firmicutes_A;c__Clostridia;o__UBA1381;f__UBA1381;g__UBA1738,0.505889213081201,0.06748911465892593,-0.2332420796700596,0.9655791160136714,False
d__Bacteria;p__Firmicutes_A;c__Clostridia;o__Oscillospirales;f__Oscillospiraceae;g__SIG488,0.6341779456349368,0.04426705370101591,0.1627622327386536,0.9743948741587277,False
d__Bacteria;p__Firmicutes;c__Bacilli;o__Mycoplasmatales;f__Metamycoplasmataceae;g__Mycoplasmopsis,0.13129230743649714,-0.12191582002902757,1.4979292403596207,0.9245742100295696,False
d__Bacteria;p__Firmicutes_C;c__Negativicutes;o__Anaeromusales;f__Anaeromusaceae;g__Anaeromusa,0.7643622840704855,-0.028301886792452935,-1.033240968434732,0.9889498781900884,False
d__Bacteria;p__Bacteroidota;c__Bacteroidia;o__Flavobacteriales;f__Flavobacteriaceae;g__Marinirhabdus,0.3673125228297559,0.08599419448476053,-0.6007781084039503,0.9631274116315901,False
d__Bacteria;p__Firmicutes_A;c__Clostridia;o__Oscillospirales;f__Butyricicoccaceae;g__RGIG3513,0.7844025119005099,0.028301886792452824,-0.24640972864295174,0.9923878677730211,False
d__Bacteria;p__Firmicutes_A;c__Clostridia;o__Oscillospirales;f__CAG-272;g__SIG693,0.9973361891622959,0.0007256894049346707,0.06558531696158817,0.9999342540345002,False
d__Bacteria;p__Firmicutes_A;c__Clostridia;o__Christensenellales;f__CAG-552;g__MGBC113161,0.5860096284234182,-0.045718432510885254,0.25342999803669725,0.9700473199511053,False
d__Bacteria;p__Bacteroidota;c__Bacteroidia;o__Flavobacteriales;f__Flavobacteriaceae;g__Algibacter,0.939418247311461,-0.007982583454281489,-0.21783053240125796,0.9999342540345002,False
d__Bacteria;p__Bacteroidota;c__Bacteroidia;o__Bacteroidales;f__Paludibacteraceae;g__RGIG9608,0.4049067325993916,0.08272859216255446,-0.295545837286938,0.9631274116315901,False
d__Bacteria;p__Proteobacteria;c__Gammaproteobacteria;o__Burkholderiales;f__Burkholderiaceae;g__Ideonella,0.11261925253483893,0.1523947750362845,-0.7377260145811864,0.9245742100295696,False
d__Bacteria;p__Bacteroidota;c__Bacteroidia;o__Flavobacteriales;f__Flavobacteriaceae;g__Lacinutrix,0.02289121779512663,0.18033381712626995,-1.954461840868307,0.923680856214202,False
d__Bacteria;p__Verrucomicrobiota;c__Lentisphaeria;o__Victivallales;f__UBA1829;g__UBA11452,0.2506711669534839,-0.1052249637155298,-0.8574911313559561,0.9631274116315901,False
d__Bacteria;p__Firmicutes_A;c__Clostridia;o__Oscillospirales;f__CAG-272;g__UMGS1225,0.13698637617550807,-0.13896952104499283,1.0901724255366874,0.9245742100295696,False
d__Bacteria;p__Actinobacteriota;c__Coriobacteriia;o__Coriobacteriales;f__Eggerthellaceae;g__W1P20-047,0.4965182856579392,-0.05950653120464433,1.1606969067127035,0.9655791160136714,False
d__Bacteria;p__Firmicutes_A;c__Clostridia;o__TANB77;f__CAG-508;g__UMGS1781,0.1307396064241508,-0.13352685050798252,0.09365520253243671,0.9245742100295696,False
d__Bacteria;p__Bacteroidota;c__Bacteroidia;o__Flavobacteriales;f__Flavobacteriaceae;g__Algorimicrobium,0.4475576267110962,0.06458635703918725,-0.18175134916626198,0.9631274116315901,False
d__Bacteria;p__Firmicutes_A;c__Clostridia;o__Oscillospirales;f__Ruminococcaceae;g__Aristotella,0.8361254511735268,0.022133526850507956,1.0106621705706145,0.9934511936686962,False
d__Bacteria;p__Bacteroidota;c__Bacteroidia;o__Chitinophagales;f__Saprospiraceae;g__SLDF01,0.11592989255621654,-0.12699564586357037,-0.2369882357691587,0.9245742100295696,False
d__Bacteria;p__Cyanobacteria;c__Vampirovibrionia;o__Gastranaerophilales;f__Gastranaerophilaceae;g__UBA1221,0.42166435505468614,-0.07982583454281578,0.19169329932767645,0.9631274116315901,False
d__Bacteria;p__Bacteroidota;c__Bacteroidia;o__Bacteroidales;f__Paludibacteraceae;g__RGIG10190,0.10029545063455483,0.1393323657474601,-1.0327456439667806,0.9245742100295696,False
d__Bacteria;p__Firmicutes_A;c__Clostridia;o__Oscillospirales;f__CAG-272;g__SIG644,0.9898768678709977,-0.0014513788098693414,-0.05424002686937375,0.9999342540345002,False
d__Bacteria;p__Actinobacteriota;c__Coriobacteriia;o__Coriobacteriales;f__Eggerthellaceae;g__Berryella,0.6596691049771108,-0.03519593613933236,-0.3969048349762689,0.9823494225683177,False
d__Bacteria;p__Actinobacteriota;c__Coriobacteriia;o__Coriobacteriales;f__Eggerthellaceae;g__UBA9715,0.9176248813527587,-0.011248185776487674,-0.6387474154671985,0.9984153263183771,False
d__Bacteria;p__Proteobacteria;c__Alphaproteobacteria;o__Rhizobiales_A;f__Rhizobiaceae_A;g__Phyllobacterium,0.1778381154064691,-0.11756168359941954,0.3557075510138027,0.9382605408495559,False
d__Bacteria;p__Proteobacteria;c__Alphaproteobacteria;o__Caulobacterales;f__TH1-2;g__Terricaulis,0.5631936452114876,-0.053701015965166965,-0.6057259043040769,0.9684073134281785,False
d__Bacteria;p__Firmicutes_C;c__Negativicutes;o__Selenomonadales;f__Selenomonadaceae;g__UBA2897,0.331034597501757,-0.08708272859216248,1.6590004478898785,0.9631274116315901,False
d__Bacteria;p__Proteobacteria;c__Gammaproteobacteria;o__Legionellales;f__Legionellaceae;g__Tatlockia,0.6358321099295915,-0.04208998548621201,0.2980074607238976,0.9753054522363326,False
d__Bacteria;p__Firmicutes_A;c__Clostridia;o__Saccharofermentanales;f__UBA5734;g__JAAYBY01,0.3084095879472952,0.09433962264150941,-1.1690606954331901,0.9631274116315901,False
d__Bacteria;p__Proteobacteria;c__Gammaproteobacteria;o__Chromatiales;f__Sedimenticolaceae;g__Thiodiazotropha,0.8652256562764592,-0.013788098693759077,-0.0760546101150166,0.9940416947398667,False
d__Bacteria;p__Firmicutes;c__Bacilli;o__RF39;f__UBA660;g__UMGS1613,0.37442200836883466,-0.07547169811320753,0.7505293370363876,0.9631274116315901,False
d__Bacteria;p__Proteobacteria;c__Gammaproteobacteria;o__Enterobacterales;f__Aeromonadaceae;g__Oceanisphaera,0.5726701901145661,0.0500725689404935,-0.5870885593792741,0.9684073134281785,False
d__Bacteria;p__Firmicutes_A;c__Clostridia;o__Christensenellales;f__CAG-74;g__UBA1038,0.18247330517338978,-0.12699564586357037,0.6527931112633277,0.9396034921582341,False
d__Bacteria;p__Firmicutes;c__Bacilli;o__RFN20;f__CAG-826;g__UBA3207,0.057438344040078644,-0.1738026124818577,1.3332946781957042,0.9245742100295696,False
d__Bacteria;p__Firmicutes_A;c__Clostridia;o__Christensenellales;f__UBA1242;g__UMGS687,0.11513397628775368,-0.15384615384615374,-0.4316728825796491,0.9245742100295696,False
d__Bacteria;p__Firmicutes;c__Bacilli;o__RF39;f__UBA660;g__Scybalousia,0.9817013714049662,0.002177068214804012,-3.5203828445939003,0.9999342540345002,False
d__Bacteria;p__Firmicutes_A;c__Clostridia;o__Oscillospirales;f__Acutalibacteraceae;g__RUG11462,0.9401722604225844,-0.007982583454281489,-0.5173423953060517,0.9999342540345002,False
d__Bacteria;p__Bacteroidota;c__Bacteroidia;o__AKYH767;f__Palsa-948_A;g__JABEUT01,0.2419936636112302,0.11248185776487662,-0.6339128588908887,0.9631274116315901,False
d__Bacteria;p__Proteobacteria;c__Gammaproteobacteria;o__Xanthomonadales;f__Xanthomonadaceae;g__Arenimonas,0.27399027846798685,-0.1023222060957909,0.7708020035323773,0.9631274116315901,False
d__Bacteria;p__Bacteroidota;c__Bacteroidia;o__Flavobacteriales;f__BACL11;g__GCA-002697625,0.5387639497938865,-0.04898403483309144,-0.07564183639932993,0.9675572276869043,False
d__Bacteria;p__Firmicutes;c__Bacilli;o__Bacillales_D;f__Halobacillaceae;g__Pontibacillus,0.34100018243628283,-0.10413642960812775,-0.6364208871498033,0.9631274116315901,False
d__Bacteria;p__Bacteroidota;c__Bacteroidia;o__Flavobacteriales;f__Weeksellaceae;g__Riemerella,0.8038634519789164,-0.021044992743106006,0.13470877712194348,0.9923878677730211,False
d__Bacteria;p__Proteobacteria;c__Alphaproteobacteria;o__Rhizobiales;f__Hyphomicrobiaceae;g__Hyphomicrobium,0.39985204109941364,-0.07547169811320753,0.4476013131409626,0.9631274116315901,False
d__Bacteria;p__Firmicutes;c__Bacilli;o__RF39;f__UBA660;g__UBA6985,0.43058422225247206,0.06494920174165453,-0.3138623637627796,0.9631274116315901,False
d__Bacteria;p__Actinobacteriota;c__Actinomycetia;o__Actinomycetales;f__Bifidobacteriaceae;g__Alloscardovia,0.5885616161347009,0.04862119013062405,-0.935363186390304,0.9700473199511053,False
d__Bacteria;p__Firmicutes_A;c__Clostridia;o__TANB77;f__CAG-508;g__UMGS1754,0.04293568982984763,-0.1890420899854861,1.2903555097653758,0.9245742100295696,False
d__Bacteria;p__Bacteroidota;c__Bacteroidia;o__Flavobacteriales;f__Flavobacteriaceae;g__Leptobacterium,0.07999828694939601,-0.14840348330914366,1.1981922230686524,0.9245742100295696,False
d__Bacteria;p__Firmicutes;c__Bacilli;o__Mycoplasmatales;f__Mycoplasmoidaceae;g__Malacoplasma,0.012460917753953133,0.21770682148040643,-1.8123045135693943,0.923680856214202,False
d__Bacteria;p__Proteobacteria;c__Alphaproteobacteria;o__Sphingomonadales;f__Sphingomonadaceae;g__Sphingomicrobium,0.37747604356220055,0.079100145137881,-1.0032040093948915,0.9631274116315901,False
d__Bacteria;p__Firmicutes_A;c__Clostridia;o__Oscillospirales;f__Oscillospiraceae;g__RGIG5705,0.2646625327486667,0.10631349782293176,-1.656261777880524,0.9631274116315901,False
d__Bacteria;p__Firmicutes_A;c__Clostridia;o__Tissierellales;f__Peptoniphilaceae;g__Levyella,0.8605472524273993,-0.014513788098693858,-0.38816805424483874,0.9940416947398667,False
d__Bacteria;p__Campylobacterota;c__Campylobacteria;o__Campylobacterales;f__Sulfurospirillaceae;g__Sulfurospirillum,0.277518680790415,-0.0972423802612481,0.9507653957881461,0.9631274116315901,False
d__Bacteria;p__Bacteroidota;c__Bacteroidia;o__Flavobacteriales;f__Flavobacteriaceae;g__Kordia,0.31875542635601284,-0.0950653120464442,1.3907247233379518,0.9631274116315901,False
d__Bacteria;p__Fusobacteriota;c__Fusobacteriia;o__Fusobacteriales;f__Leptotrichiaceae;g__Oceanivirga,0.19707605957826113,-0.11103047895500717,1.3808847083833913,0.9526263217058536,False
d__Bacteria;p__Actinobacteriota;c__Coriobacteriia;o__Coriobacteriales;f__Coriobacteriaceae;g__Limicola,0.7834869945512916,-0.022496371552975347,1.0140986975948842,0.9923878677730211,False
d__Bacteria;p__Bacteroidota;c__Bacteroidia;o__Cytophagales;f__Spirosomaceae;g__Leadbetterella,0.9090167955170021,0.012336719883889735,-0.3699847419086952,0.9983915236170603,False
d__Bacteria;p__Bacteroidota;c__Bacteroidia;o__Flavobacteriales;f__Flavobacteriaceae;g__Robertkochia,0.9963399662431521,-0.0007256894049347817,-0.24249839692256822,0.9999342540345002,False
d__Bacteria;p__Bacteroidota;c__Bacteroidia;o__Flavobacteriales;f__UBA10066;g__MED-G20,0.297740184260468,-0.08272859216255446,-0.2781346409637025,0.9631274116315901,False
d__Bacteria;p__Firmicutes_A;c__Clostridia;o__Christensenellales;f__CAG-314;g__UMGS929,0.30178455526494574,0.08635703918722781,-0.30563175790383307,0.9631274116315901,False
d__Bacteria;p__Bacteroidota;c__Bacteroidia;o__Chitinophagales;f__Chitinophagaceae;g__OLB11,0.4303336416863258,0.06603773584905659,-0.9384206750618437,0.9631274116315901,False
d__Bacteria;p__Bacteroidota;c__Bacteroidia;o__Cytophagales;f__Cyclobacteriaceae;g__Reichenbachiella,0.4884561732992514,-0.05805515239477499,0.20679591652390253,0.9655791160136714,False
d__Bacteria;p__Synergistota;c__Synergistia;o__Synergistales;f__Aminobacteriaceae;g__CAJPSE01,0.16575343035523338,-0.11393323657474608,0.41528746711998055,0.9245742100295696,False
d__Bacteria;p__Bacteroidota;c__Bacteroidia;o__Cytophagales;f__Cyclobacteriaceae;g__Negadavirga,0.33884084699144157,-0.07873730043541372,0.28117401554265065,0.9631274116315901,False
d__Bacteria;p__Campylobacterota;c__Campylobacteria;o__Campylobacterales;f__Sulfurovaceae;g__Sulfurovum,0.5178483380165464,-0.05805515239477499,-0.1809133212811996,0.9675572276869043,False
d__Bacteria;p__Bacteroidota;c__Bacteroidia;o__Flavobacteriales;f__Weeksellaceae;g__Apibacter,0.5536851973579121,-0.054426705370101525,0.1384957581043484,0.9684073134281785,False
d__Bacteria;p__Firmicutes_A;c__Clostridia;o__Oscillospirales;f__Oscillospiraceae;g__JAGFXR01,0.1460727451432194,0.1284470246734397,-0.9184172294722772,0.9245742100295696,False
d__Bacteria;p__Firmicutes;c__Bacilli;o__Erysipelotrichales;f__Erysipelotrichaceae;g__RUG11795,0.8465428429249483,-0.01741654571843254,-0.2236294806127259,0.9936956658403527,False
d__Bacteria;p__Bacteroidota;c__Bacteroidia;o__Bacteroidales;f__Prolixibacteraceae;g__GWE2-42-39,0.7607188874296746,0.030478955007256947,-0.04485980012719123,0.9889498781900884,False
d__Bacteria;p__Bacteroidota;c__Bacteroidia;o__Chitinophagales;f__Chitinophagaceae;g__Deminuibacter,0.23801379091730102,0.10159651669085634,-0.8933990137123865,0.9631274116315901,False
d__Bacteria;p__Bacteroidota;c__Bacteroidia;o__Bacteroidales;f__BM520;g__RGIG7150,0.41246354867389246,0.06966618287373005,-0.30727830322783434,0.9631274116315901,False
d__Bacteria;p__Bacteroidota;c__Bacteroidia;o__Flavobacteriales;f__Flavobacteriaceae;g__MAG-121220-bin8,0.49949550054748293,-0.0711175616835995,-0.4805267772730925,0.9655791160136714,False
d__Bacteria;p__Bacteroidota;c__Bacteroidia;o__Bacteroidales;f__Tannerellaceae;g__UBA12018,0.4808052341814588,-0.061683599419448454,0.6220694413701033,0.9653324386089055,False
d__Bacteria;p__Bacteroidota;c__Bacteroidia;o__Cytophagales;f__Spirosomaceae;g__Fibrella,0.7630597106941808,-0.027576197387518153,-0.31117835191498755,0.9889498781900884,False
d__Bacteria;p__Firmicutes_A;c__Clostridia;o__Oscillospirales;f__Acutalibacteraceae;g__SFWF01,0.2154890570477046,-0.12953555878084178,0.10142947897498518,0.9601236516447835,False
d__Bacteria;p__Bacteroidota;c__Rhodothermia;o__Balneolales;f__Balneolaceae;g__UBA2664,0.30633481831722287,-0.08127721335268512,-0.3512814526379806,0.9631274116315901,False
d__Bacteria;p__Bacteroidota;c__Bacteroidia;o__Bacteroidales;f__Muribaculaceae;g__RUG14106,0.8760610850643507,0.012699564586357015,0.44857703588660036,0.9940416947398667,False
d__Bacteria;p__Bacteroidota;c__Bacteroidia;o__Flavobacteriales;f__Weeksellaceae;g__Ornithobacterium,0.6308853944143431,-0.04716981132075482,0.19107637346360412,0.9735426534685343,False
d__Bacteria;p__Myxococcota;c__Polyangia;o__Haliangiales;f__Haliangiaceae;g__JABFXX01,0.8253080365724329,-0.0181422351233671,-0.26646224677604236,0.9927550055459772,False
d__Bacteria;p__Proteobacteria;c__Gammaproteobacteria;o__Xanthomonadales;f__Rhodanobacteraceae;g__Luteibacter,0.8253080365724329,0.018142235123367212,-0.6016910218096341,0.9927550055459772,False
d__Bacteria;p__Firmicutes_A;c__Clostridia;o__Lachnospirales;f__Lachnospiraceae;g__MGBC165282,0.9734629446257267,-0.0036284470246734646,-0.8707807556805182,0.9999342540345002,False
d__Bacteria;p__Actinobacteriota;c__Acidimicrobiia;o__Actinomarinales;f__Actinomarinaceae;g__Actinomarina,0.2571993581971941,-0.08998548621190139,0.3618841973828866,0.9631274116315901,False
d__Bacteria;p__Firmicutes;c__Bacilli;o__Bacillales_A;f__Planococcaceae;g__Solibacillus,0.8334685315691333,-0.0181422351233671,-0.5631120720966428,0.9934511936686962,False
d__Bacteria;p__Firmicutes;c__Bacilli;o__RF39;f__UBA660;g__CAG-611,0.5179066254555007,-0.06676342525399126,0.3917461783863814,0.9675572276869043,False
d__Bacteria;p__Firmicutes;c__Bacilli;o__RF39;f__UBA660;g__RUG13038,0.3042486781932173,-0.10849056603773577,1.6543109268681928,0.9631274116315901,False
d__Bacteria;p__Actinobacteriota;c__Acidimicrobiia;o__Acidimicrobiales;f__Ilumatobacteraceae;g__F1-60-MAGs027,0.988660623902993,-0.0018142235123366213,-0.2534698603488628,0.9999342540345002,False
d__Bacteria;p__Riflebacteria;c__Ozemobacteria;o__Ozemobacterales;f__Ozemobacteraceae;g__MWDD01,0.502106865197011,-0.054426705370101525,-0.4323383333294061,0.9655791160136714,False
d__Bacteria;p__Firmicutes;c__Bacilli;o__RF39;f__UBA660;g__MGBC119817,0.2433399085406306,0.09433962264150941,-1.9182443136668166,0.9631274116315901,False
d__Bacteria;p__Bacteroidota;c__Bacteroidia;o__Bacteroidales;f__UBA7960;g__PUKZ01,0.9734629446257267,-0.0036284470246734646,-0.24987800682031736,0.9999342540345002,False
d__Bacteria;p__Riflebacteria;c__Ozemobacteria;o__Ozemobacterales;f__Ozemobacteraceae;g__Rifleibacterium,0.0076171829871578625,-0.2786647314949202,1.0484339701744765,0.923680856214202,False
d__Bacteria;p__Proteobacteria;c__Gammaproteobacteria;o__Methylococcales;f__Methylomonadaceae;g__UBA4132,0.8144351810581195,-0.021044992743106006,-0.04104833350032507,0.9923878677730211,False
d__Bacteria;p__Proteobacteria;c__Gammaproteobacteria;o__Enterobacterales;f__Succinivibrionaceae;g__WG-1,0.05690235836806994,-0.15638606676342515,1.1914051738492193,0.9245742100295696,False
d__Bacteria;p__Firmicutes_A;c__Clostridia;o__Tissierellales;f__Peptoniphilaceae;g__Anaerosphaera,0.2213626883740486,-0.10377358490566047,1.141779448786997,0.9631274116315901,False
d__Bacteria;p__Fusobacteriota;c__Fusobacteriia;o__Fusobacteriales;f__Leptotrichiaceae;g__JAGOYM01,0.47115841341892506,0.06386066763425258,-0.7645855517048935,0.9636066785401232,False
d__Bacteria;p__Patescibacteria;c__Microgenomatia;o__Daviesbacterales;f__UBA10151;g__2-12-FULL-37-11,0.310017194484666,0.08490566037735847,-1.0900716827027235,0.9631274116315901,False
d__Bacteria;p__Bacteroidota;c__Bacteroidia;o__Flavobacteriales;f__Vicingaceae;g__GCA-002793235,0.505012173100472,-0.055878084179970866,-1.076083783562016,0.9655791160136714,False
d__Bacteria;p__Bacteroidota;c__Bacteroidia;o__Sphingobacteriales;f__Sphingobacteriaceae;g__BS3,0.623429061368497,0.03991291727140789,-0.2809570902376564,0.9735426534685343,False
d__Bacteria;p__Firmicutes_A;c__Clostridia;o__Clostridiales;f__Clostridiaceae;g__Hathewaya,0.8380890259288942,-0.019593613933236664,-0.7026045026872413,0.9934511936686962,False
d__Bacteria;p__CG03;c__SLGR01;o__SLGR01;f__SLGR01;g__PWEK01,0.8217701384323414,0.019956458635703944,-0.7420450085652274,0.9923878677730211,False
d__Bacteria;p__Bacteroidota;c__Bacteroidia;o__Bacteroidales;f__Marinilabiliaceae;g__Anaerophaga,0.7904835082854401,-0.022133526850508067,0.4439283826186109,0.9923878677730211,False
d__Bacteria;p__Proteobacteria;c__Gammaproteobacteria;o__Xanthomonadales;f__SZUA-36;g__SZUA-51,0.30201715586571587,0.08200290275761979,-1.3027548674682259,0.9631274116315901,False
d__Bacteria;p__Actinobacteriota;c__Actinomycetia;o__Actinomycetales;f__Bifidobacteriaceae;g__Scardovia,0.6255147289944084,0.04390420899854863,0.29856104240170056,0.9735426534685343,False
d__Bacteria;p__Firmicutes;c__Bacilli;o__RF39;f__UBA660;g__MGBC162581,0.18064636182720772,0.11357039187227869,-1.257101904485848,0.9382605408495559,False
d__Bacteria;p__Proteobacteria;c__Gammaproteobacteria;o__Enterobacterales_A;f__Enterobacteriaceae_A;g__GCA-012562765,0.15906140636400712,0.13860667634252544,-0.8302647858777511,0.9245742100295696,False
d__Bacteria;p__Firmicutes;c__Bacilli;o__RFN20;f__CAG-826;g__RUG13091,0.6663260911855438,0.03447024673439769,-1.4672721029194238,0.9823494225683177,False
d__Bacteria;p__Proteobacteria;c__Alphaproteobacteria;o__Sphingomonadales;f__Sphingomonadaceae;g__Croceibacterium,0.8185895838177549,0.018505079825834492,-0.6055922626741113,0.9923878677730211,False
d__Bacteria;p__Actinobacteriota;c__Coriobacteriia;o__Coriobacteriales;f__Eggerthellaceae;g__D16-34,0.35419661248265,-0.08200290275761968,0.977271772587011,0.9631274116315901,False
d__Bacteria;p__Bacteroidota;c__Bacteroidia;o__Flavobacteriales;f__Flavobacteriaceae;g__Tamlana_A,0.5895990052431459,0.04789550072568938,-0.2725406909167706,0.9700473199511053,False
d__Bacteria;p__Firmicutes_A;c__Clostridia;o__Peptostreptococcales;f__Acidaminobacteraceae;g__Fusibacter_C,0.13992321480456588,-0.12518142235123375,0.7987403437461407,0.9245742100295696,False
d__Bacteria;p__Firmicutes;c__Bacilli;o__RFN20;f__CAG-826;g__RUG14515,0.8707678826422918,-0.014876632801161138,-0.32997775755853037,0.9940416947398667,False
d__Bacteria;p__Fusobacteriota;c__Fusobacteriia;o__Fusobacteriales;f__Leptotrichiaceae;g__Sebaldella,0.21845928447867902,0.10740203193033382,-1.5735212549742281,0.9631274116315901,False
d__Bacteria;p__Firmicutes;c__Bacilli;o__RF39;f__UBA660;g__Ventrenecus,0.6735096257681596,0.037010159651669094,1.0154746485817203,0.9823494225683177,False
d__Bacteria;p__Firmicutes_A;c__Clostridia;o__Christensenellales;f__CAG-138;g__UMGS693,0.26070606405097774,-0.09252539912917279,-1.3087343674744247,0.9631274116315901,False
d__Bacteria;p__Proteobacteria;c__Alphaproteobacteria;o__Rhizobiales;f__Hyphomicrobiaceae;g__Hyphomicrobium_A,0.502106865197011,-0.054426705370101525,-0.46402991104681585,0.9655791160136714,False
d__Bacteria;p__Firmicutes_A;c__Clostridia;o__Christensenellales;f__CAG-74;g__RUG11247,0.2658696678375182,-0.08998548621190139,1.6403678469137182,0.9631274116315901,False
d__Bacteria;p__Firmicutes_A;c__Clostridia;o__Christensenellales;f__CAG-314;g__Heteroclostridium,0.6010163919657707,-0.04172714078374451,-0.004965203672993552,0.9700473199511053,False
d__Bacteria;p__Firmicutes_A;c__Clostridia;o__Clostridiales;f__Clostridiaceae;g__Clostridium_AE,0.45463409265559374,-0.05950653120464433,-0.15046084235749416,0.9631274116315901,False
d__Bacteria;p__Bacteroidota;c__Rhodothermia;o__Balneolales;f__Balneolaceae;g__QGGB01,0.09518516190182538,0.14550072568940497,-1.1770245497408474,0.9245742100295696,False
d__Bacteria;p__Firmicutes_A;c__Clostridia;o__Oscillospirales;f__CAG-272;g__HGM12657,0.03368117386304414,-0.1683599419448476,1.1227571129750118,0.923680856214202,False
d__Bacteria;p__Firmicutes;c__Bacilli;o__RF39;f__UBA660;g__RUG11867,0.295912291854007,0.09361393323657474,-0.9182864986513415,0.9631274116315901,False
d__Bacteria;p__Firmicutes;c__Bacilli;o__Mycoplasmatales;f__Mycoplasmataceae;g__Spiroplasma_A,0.13105262729561556,-0.12409288824383169,1.3600643452274448,0.9245742100295696,False
d__Bacteria;p__Proteobacteria;c__Gammaproteobacteria;o__Burkholderiales;f__Rhodocyclaceae;g__Sulfuritalea,0.8996690162101828,-0.011611030478954953,0.016400613058352546,0.9983915236170603,False
d__Bacteria;p__Bacteroidota;c__Bacteroidia;o__Bacteroidales;f__Azobacteroidaceae;g__WRFY01,0.9892179876899262,-0.0014513788098693414,0.5608469828973872,0.9999342540345002,False
d__Bacteria;p__Campylobacterota;c__Campylobacteria;o__Campylobacterales;f__Arcobacteraceae;g__Arcobacter,0.20238408735943147,-0.10304789550072568,0.4090743876060872,0.9526263217058536,False
d__Bacteria;p__Actinobacteriota;c__Coriobacteriia;o__Coriobacteriales;f__Eggerthellaceae;g__Paraeggerthella,0.12102884681321316,-0.12300435413642963,1.843094113479478,0.9245742100295696,False
d__Bacteria;p__Myxococcota;c__Polyangia;o__JAAYKL01;f__JAAYKL01;g__JAFGXQ01,0.09480842239965595,0.14368650217706824,-2.307384731773293,0.9245742100295696,False
d__Bacteria;p__Bacteroidota;c__Bacteroidia;o__Chitinophagales;f__Chitinophagaceae;g__VBAT01,0.4490264780465869,0.06531204644412192,-0.16528227832518222,0.9631274116315901,False
d__Bacteria;p__Firmicutes_A;c__Clostridia;o__Peptostreptococcales;f__Anaerovoracaceae;g__BAD-6,0.08874951239900941,-0.14840348330914366,0.6187785650766482,0.9245742100295696,False
d__Bacteria;p__Bacteroidota;c__Bacteroidia;o__Cytophagales;f__Cyclobacteriaceae;g__JAEUUG01,0.8754324590361393,0.014513788098693747,0.2677308327792046,0.9940416947398667,False
d__Bacteria;p__Firmicutes;c__Bacilli;o__RF39;f__UBA660;g__RUG11788,0.7228968876296428,-0.031204644412191618,-0.31396933196047666,0.9861181920538787,False
d__Bacteria;p__Proteobacteria;c__Gammaproteobacteria;o__Enterobacterales;f__Shewanellaceae;g__Ferrimonas,0.545729665845821,0.055515239477503586,0.10035494306785529,0.9684073134281785,False
d__Bacteria;p__Proteobacteria;c__Alphaproteobacteria;o__Sphingomonadales;f__Kordiimonadaceae;g__Kordiimonas,0.9763821746401787,0.002902757619738794,0.045254837911642885,0.9999342540345002,False
d__Bacteria;p__Proteobacteria;c__Gammaproteobacteria;o__Nevskiales;f__Salinisphaeraceae;g__Salinisphaera,0.9232577301249263,-0.007982583454281489,2.733836142546294,0.9985365697048288,False
d__Bacteria;p__Proteobacteria;c__Gammaproteobacteria;o__Tenderiales;f__Tenderiaceae;g__JACQEP01,0.13993995933445771,-0.12699564586357037,0.24799082574454231,0.9245742100295696,False
d__Bacteria;p__Proteobacteria;c__Alphaproteobacteria;o__Rhodobacterales;f__Rhodobacteraceae;g__Tabrizicola,0.6797187635180195,0.03301886792452835,-0.34079161925381285,0.9823494225683177,False
d__Bacteria;p__Bacteroidota;c__Bacteroidia;o__Flavobacteriales;f__Flavobacteriaceae;g__Jejuia,0.9080770112653642,0.011611030478954953,-1.2733753959781127,0.9983915236170603,False
d__Bacteria;p__Firmicutes;c__Bacilli;o__Staphylococcales;f__Salinicoccaceae;g__Salinicoccus,0.6681022180499828,-0.04245283018867929,-0.27952609023158836,0.9823494225683177,False
d__Bacteria;p__Chloroflexota;c__Anaerolineae;o__Aggregatilineales;f__A4b;g__UBA6055,0.5470314616100687,0.04970972423802611,0.9786036809507664,0.9684073134281785,False
d__Bacteria;p__Bacteroidota;c__Bacteroidia;o__Chitinophagales;f__Chitinophagaceae;g__Panacibacter,0.9748453739897615,0.002902757619738794,-0.5146229603566703,0.9999342540345002,False
d__Bacteria;p__Firmicutes;c__Bacilli;o__Erysipelotrichales;f__Erysipelotrichaceae;g__Catenisphaera,0.31513026414412126,0.08127721335268501,-1.351763038964068,0.9631274116315901,False
d__Bacteria;p__Desulfobacterota;c__Desulfobacteria;o__Desulfobacterales;f__Desulfobacteraceae;g__Desulfotignum,0.5623127184261622,0.0500725689404935,-0.5683603978191745,0.9684073134281785,False
d__Bacteria;p__Deferribacterota;c__Deferribacteres;o__Deferribacterales;f__Mucispirillaceae;g__Mucispirillum,0.7964181991982917,-0.022496371552975347,-0.09936258075633667,0.9923878677730211,False
d__Bacteria;p__Firmicutes_A;c__Clostridia;o__Christensenellales;f__CAG-74;g__RGIG2066,0.839365695925259,0.01669085631349787,-0.7875933538443993,0.9934511936686962,False
d__Bacteria;p__Proteobacteria;c__Gammaproteobacteria;o__Burkholderiales;f__Burkholderiaceae;g__Paucibacter_A,0.7971291711648504,-0.021770682148040565,-0.20661335619384133,0.9923878677730211,False
d__Bacteria;p__Firmicutes_C;c__Negativicutes;o__Selenomonadales;f__Selenomonadaceae;g__RGIG250,0.07815715374714019,-0.1396952104499274,2.0639595877177728,0.9245742100295696,False
d__Bacteria;p__Actinobacteriota;c__Actinomycetia;o__Nanopelagicales;f__Nanopelagicaceae;g__Planktophila,0.15977032545971293,-0.12264150943396235,1.618509417238198,0.9245742100295696,False
d__Bacteria;p__Patescibacteria;c__Paceibacteria;o__UBA9983_A;f__PALSA-1337;g__C7867-002,0.9317951211560994,0.007256894049346929,-0.18741561856357852,0.9999342540345002,False
d__Bacteria;p__Bacteroidota;c__Bacteroidia;o__Chitinophagales;f__Chitinophagaceae;g__Segetibacter,0.08578163583347106,0.14114658925979684,-1.133114840241721,0.9245742100295696,False
d__Bacteria;p__Bacteroidota;c__Bacteroidia;o__Flavobacteriales;f__Flavobacteriaceae;g__Oceanihabitans,0.7481322083623567,0.02576197387518142,-0.1653999659919664,0.9861181920538787,False
d__Bacteria;p__Bacteroidota;c__Bacteroidia;o__Chitinophagales;f__Chitinophagaceae;g__Flaviaesturariibacter,0.10440470901743379,-0.12880986937590722,1.350398115036086,0.9245742100295696,False
